Workbook
Name Slicer_Month: #N/A
Name Slicer_Point_Of_Sales: #N/A
Name Slicer_Product: #N/A
Name Slicer_Year: #N/A

Sheet DASHBOARD

Sheet Point Of Sales

Sheet Targeting

Sheet Sales Dynamics

Sheet Coverage

Sheet Processing
A1: A | B1: B | C1: C | E1: Coverage of Regions | I1: Date | M1: Sales Dynamics | N1: =A5 -> A | O1: =A4 -> B | P1: =A3 -> C | Q1: Select
A2: ABC Product Analysis | E2: A | F2: B | G2: C | H2: Max | I2: =IF(COUNTA(Control!A36:A37)=1,INDEX(Processing!L2:L13,MATCH(Control!A36,Processing!M2:M13,0)),"")&" "&IF(COUNTA(Control!A31:A32)=1,Control!A31,"") -> OCTOBER 2027 | L2: JANUARY | M2: JAN | N2: {=SUM(_xlfn._xlws.FILTER(mydata[Sales],(ISNUMBER(MATCH(mydata[Year],Control!$A$31:$A$33,0))*(mydata[Month]=Processing!$M2)*(mydata[Product]=Processing!A$1))))*NOT(ISNA($A$5))} -> 998 | O2: {=SUM(_xlfn._xlws.FILTER(mydata[Sales],(ISNUMBER(MATCH(mydata[Year],Control!$A$31:$A$33,0))*(mydata[Month]=Processing!$M2)*(mydata[Product]=Processing!B$1))))*NOT(ISNA($A$4))} -> 778 | P2: {=SUM(_xlfn._xlws.FILTER(mydata[Sales],(ISNUMBER(MATCH(mydata[Year],Control!$A$31:$A$33,0))*(mydata[Month]=Processing!$M2)*(mydata[Product]=Processing!C$1))))*NOT(ISNA($A$3))} -> 532 | Q2: =IF(ISNUMBER(MATCH(M2,Control!$A$36:$A$47,0)),MAX($N$2:$P$13)*1.1,0) -> 0 | R2: =IF(Q2,N2) -> FALSE | S2: =IF(Q2,O2) -> FALSE | T2: =IF(Q2,P2) -> FALSE
A3: =IF(ISNUMBER(MATCH(Processing!C1,Control!$A$51:$A$53,0)),Processing!C1,NA()) -> C | B3: =IFERROR(GETPIVOTDATA("Result",Control!$A$50,"Product",""&A3),0) -> 0.44 | C3: =100%-B3 -> 0.56 | D3: Region 1 | E3: =GETPIVOTDATA(""&D3,Control!$A$57)*NOT(ISNA($A$5)) -> 0.27 | F3: =GETPIVOTDATA(""&D3,Control!$A$61)*NOT(ISNA($A$4)) -> 0.28 | G3: =GETPIVOTDATA(""&D3,Control!$A$65)*NOT(ISNA($A$3)) -> 0.89 | H3: =MAX(E3:G3) -> 0.89 | L3: FEBRUARY | M3: FEB | N3: {=SUM(_xlfn._xlws.FILTER(mydata[Sales],(ISNUMBER(MATCH(mydata[Year],Control!$A$31:$A$33,0))*(mydata[Month]=Processing!$M3)*(mydata[Product]=Processing!A$1))))*NOT(ISNA($A$5))} -> 1080 | O3: {=SUM(_xlfn._xlws.FILTER(mydata[Sales],(ISNUMBER(MATCH(mydata[Year],Control!$A$31:$A$33,0))*(mydata[Month]=Processing!$M3)*(mydata[Product]=Processing!B$1))))*NOT(ISNA($A$4))} -> 715 | P3: {=SUM(_xlfn._xlws.FILTER(mydata[Sales],(ISNUMBER(MATCH(mydata[Year],Control!$A$31:$A$33,0))*(mydata[Month]=Processing!$M3)*(mydata[Product]=Processing!C$1))))*NOT(ISNA($A$3))} -> 364 | Q3: =IF(ISNUMBER(MATCH(M3,Control!$A$36:$A$47,0)),MAX($N$2:$P$13)*1.1,0) -> 0 | R3: =IF(Q3,N3) -> FALSE | S3: =IF(Q3,O3) -> FALSE | T3: =IF(Q3,P3) -> FALSE
A4: =IF(ISNUMBER(MATCH(Processing!B1,Control!$A$51:$A$53,0)),Processing!B1,NA()) -> B | B4: =IFERROR(GETPIVOTDATA("Result",Control!$A$50,"Product",""&A4),0) -> 0.31 | C4: =100%-B4 -> 0.69 | D4: Region 2 | E4: =GETPIVOTDATA(""&D4,Control!$A$57)*NOT(ISNA($A$5)) -> 0.54 | F4: =GETPIVOTDATA(""&D4,Control!$A$61)*NOT(ISNA($A$4)) -> 0.72 | G4: =GETPIVOTDATA(""&D4,Control!$A$65)*NOT(ISNA($A$3)) -> 0.92 | H4: =MAX(E4:G4) -> 0.92 | L4: MARCH | M4: MAR | N4: {=SUM(_xlfn._xlws.FILTER(mydata[Sales],(ISNUMBER(MATCH(mydata[Year],Control!$A$31:$A$33,0))*(mydata[Month]=Processing!$M4)*(mydata[Product]=Processing!A$1))))*NOT(ISNA($A$5))} -> 1220 | O4: {=SUM(_xlfn._xlws.FILTER(mydata[Sales],(ISNUMBER(MATCH(mydata[Year],Control!$A$31:$A$33,0))*(mydata[Month]=Processing!$M4)*(mydata[Product]=Processing!B$1))))*NOT(ISNA($A$4))} -> 589 | P4: {=SUM(_xlfn._xlws.FILTER(mydata[Sales],(ISNUMBER(MATCH(mydata[Year],Control!$A$31:$A$33,0))*(mydata[Month]=Processing!$M4)*(mydata[Product]=Processing!C$1))))*NOT(ISNA($A$3))} -> 289 | Q4: =IF(ISNUMBER(MATCH(M4,Control!$A$36:$A$47,0)),MAX($N$2:$P$13)*1.1,0) -> 0 | R4: =IF(Q4,N4) -> FALSE | S4: =IF(Q4,O4) -> FALSE | T4: =IF(Q4,P4) -> FALSE
A5: =IF(ISNUMBER(MATCH(Processing!A1,Control!$A$51:$A$53,0)),Processing!A1,NA()) -> A | B5: =IFERROR(GETPIVOTDATA("Result",Control!$A$50,"Product",""&A5),0) -> 0.64 | C5: =100%-B5 -> 0.36 | D5: Region 3 | E5: =GETPIVOTDATA(""&D5,Control!$A$57)*NOT(ISNA($A$5)) -> 0.25 | F5: =GETPIVOTDATA(""&D5,Control!$A$61)*NOT(ISNA($A$4)) -> 0.68 | G5: =GETPIVOTDATA(""&D5,Control!$A$65)*NOT(ISNA($A$3)) -> 0.33 | H5: =MAX(E5:G5) -> 0.68 | L5: APRIL | M5: APR | N5: {=SUM(_xlfn._xlws.FILTER(mydata[Sales],(ISNUMBER(MATCH(mydata[Year],Control!$A$31:$A$33,0))*(mydata[Month]=Processing!$M5)*(mydata[Product]=Processing!A$1))))*NOT(ISNA($A$5))} -> 1215 | O5: {=SUM(_xlfn._xlws.FILTER(mydata[Sales],(ISNUMBER(MATCH(mydata[Year],Control!$A$31:$A$33,0))*(mydata[Month]=Processing!$M5)*(mydata[Product]=Processing!B$1))))*NOT(ISNA($A$4))} -> 668 | P5: {=SUM(_xlfn._xlws.FILTER(mydata[Sales],(ISNUMBER(MATCH(mydata[Year],Control!$A$31:$A$33,0))*(mydata[Month]=Processing!$M5)*(mydata[Product]=Processing!C$1))))*NOT(ISNA($A$3))} -> 295 | Q5: =IF(ISNUMBER(MATCH(M5,Control!$A$36:$A$47,0)),MAX($N$2:$P$13)*1.1,0) -> 0 | R5: =IF(Q5,N5) -> FALSE | S5: =IF(Q5,O5) -> FALSE | T5: =IF(Q5,P5) -> FALSE
D6: Region 4 | E6: =GETPIVOTDATA(""&D6,Control!$A$57)*NOT(ISNA($A$5)) -> 0.33 | F6: =GETPIVOTDATA(""&D6,Control!$A$61)*NOT(ISNA($A$4)) -> 0.87 | G6: =GETPIVOTDATA(""&D6,Control!$A$65)*NOT(ISNA($A$3)) -> 0.68 | H6: =MAX(E6:G6) -> 0.87 | L6: MAY | M6: MAY | N6: {=SUM(_xlfn._xlws.FILTER(mydata[Sales],(ISNUMBER(MATCH(mydata[Year],Control!$A$31:$A$33,0))*(mydata[Month]=Processing!$M6)*(mydata[Product]=Processing!A$1))))*NOT(ISNA($A$5))} -> 1000 | O6: {=SUM(_xlfn._xlws.FILTER(mydata[Sales],(ISNUMBER(MATCH(mydata[Year],Control!$A$31:$A$33,0))*(mydata[Month]=Processing!$M6)*(mydata[Product]=Processing!B$1))))*NOT(ISNA($A$4))} -> 670 | P6: {=SUM(_xlfn._xlws.FILTER(mydata[Sales],(ISNUMBER(MATCH(mydata[Year],Control!$A$31:$A$33,0))*(mydata[Month]=Processing!$M6)*(mydata[Product]=Processing!C$1))))*NOT(ISNA($A$3))} -> 346 | Q6: =IF(ISNUMBER(MATCH(M6,Control!$A$36:$A$47,0)),MAX($N$2:$P$13)*1.1,0) -> 0 | R6: =IF(Q6,N6) -> FALSE | S6: =IF(Q6,O6) -> FALSE | T6: =IF(Q6,P6) -> FALSE
D7: Region 5 | E7: =GETPIVOTDATA(""&D7,Control!$A$57)*NOT(ISNA($A$5)) -> 0.36 | F7: =GETPIVOTDATA(""&D7,Control!$A$61)*NOT(ISNA($A$4)) -> 0.98 | G7: =GETPIVOTDATA(""&D7,Control!$A$65)*NOT(ISNA($A$3)) -> 0.73 | H7: =MAX(E7:G7) -> 0.98 | L7: JUNE | M7: JUN | N7: {=SUM(_xlfn._xlws.FILTER(mydata[Sales],(ISNUMBER(MATCH(mydata[Year],Control!$A$31:$A$33,0))*(mydata[Month]=Processing!$M7)*(mydata[Product]=Processing!A$1))))*NOT(ISNA($A$5))} -> 920 | O7: {=SUM(_xlfn._xlws.FILTER(mydata[Sales],(ISNUMBER(MATCH(mydata[Year],Control!$A$31:$A$33,0))*(mydata[Month]=Processing!$M7)*(mydata[Product]=Processing!B$1))))*NOT(ISNA($A$4))} -> 588 | P7: {=SUM(_xlfn._xlws.FILTER(mydata[Sales],(ISNUMBER(MATCH(mydata[Year],Control!$A$31:$A$33,0))*(mydata[Month]=Processing!$M7)*(mydata[Product]=Processing!C$1))))*NOT(ISNA($A$3))} -> 370 | Q7: =IF(ISNUMBER(MATCH(M7,Control!$A$36:$A$47,0)),MAX($N$2:$P$13)*1.1,0) -> 0 | R7: =IF(Q7,N7) -> FALSE | S7: =IF(Q7,O7) -> FALSE | T7: =IF(Q7,P7) -> FALSE
A8: Online sales | B8: =GETPIVOTDATA("Average of Online sales",Control!$A$3) -> 0.29 | D8: Region 6 | E8: =GETPIVOTDATA(""&D8,Control!$A$57)*NOT(ISNA($A$5)) -> 0.75 | F8: =GETPIVOTDATA(""&D8,Control!$A$61)*NOT(ISNA($A$4)) -> 0.96 | G8: =GETPIVOTDATA(""&D8,Control!$A$65)*NOT(ISNA($A$3)) -> 0.81 | H8: =MAX(E8:G8) -> 0.96 | L8: JULY | M8: JUL | N8: {=SUM(_xlfn._xlws.FILTER(mydata[Sales],(ISNUMBER(MATCH(mydata[Year],Control!$A$31:$A$33,0))*(mydata[Month]=Processing!$M8)*(mydata[Product]=Processing!A$1))))*NOT(ISNA($A$5))} -> 895 | O8: {=SUM(_xlfn._xlws.FILTER(mydata[Sales],(ISNUMBER(MATCH(mydata[Year],Control!$A$31:$A$33,0))*(mydata[Month]=Processing!$M8)*(mydata[Product]=Processing!B$1))))*NOT(ISNA($A$4))} -> 534 | P8: {=SUM(_xlfn._xlws.FILTER(mydata[Sales],(ISNUMBER(MATCH(mydata[Year],Control!$A$31:$A$33,0))*(mydata[Month]=Processing!$M8)*(mydata[Product]=Processing!C$1))))*NOT(ISNA($A$3))} -> 324 | Q8: =IF(ISNUMBER(MATCH(M8,Control!$A$36:$A$47,0)),MAX($N$2:$P$13)*1.1,0) -> 0 | R8: =IF(Q8,N8) -> FALSE | S8: =IF(Q8,O8) -> FALSE | T8: =IF(Q8,P8) -> FALSE
A9: Regular sales | B9: =GETPIVOTDATA("Average of Regular sales",Control!$A$3) -> 0.30666667 | D9: Total | E9: =AVERAGE(E3:E8) -> 0.41666667 | F9: =AVERAGE(F3:F8) -> 0.74833333 | G9: =AVERAGE(G3:G8) -> 0.72666667 | L9: AUGUST | M9: AUG | N9: {=SUM(_xlfn._xlws.FILTER(mydata[Sales],(ISNUMBER(MATCH(mydata[Year],Control!$A$31:$A$33,0))*(mydata[Month]=Processing!$M9)*(mydata[Product]=Processing!A$1))))*NOT(ISNA($A$5))} -> 956 | O9: {=SUM(_xlfn._xlws.FILTER(mydata[Sales],(ISNUMBER(MATCH(mydata[Year],Control!$A$31:$A$33,0))*(mydata[Month]=Processing!$M9)*(mydata[Product]=Processing!B$1))))*NOT(ISNA($A$4))} -> 576 | P9: {=SUM(_xlfn._xlws.FILTER(mydata[Sales],(ISNUMBER(MATCH(mydata[Year],Control!$A$31:$A$33,0))*(mydata[Month]=Processing!$M9)*(mydata[Product]=Processing!C$1))))*NOT(ISNA($A$3))} -> 226 | Q9: =IF(ISNUMBER(MATCH(M9,Control!$A$36:$A$47,0)),MAX($N$2:$P$13)*1.1,0) -> 0 | R9: =IF(Q9,N9) -> FALSE | S9: =IF(Q9,O9) -> FALSE | T9: =IF(Q9,P9) -> FALSE
A10: Upselling | B10: =GETPIVOTDATA("Average of Upselling",Control!$A$3) -> 0.25 | D10: Total Coverage | E10: =AVERAGE(H3:H8) -> 0.88333333 | L10: SEPTEMBER | M10: SEP | N10: {=SUM(_xlfn._xlws.FILTER(mydata[Sales],(ISNUMBER(MATCH(mydata[Year],Control!$A$31:$A$33,0))*(mydata[Month]=Processing!$M10)*(mydata[Product]=Processing!A$1))))*NOT(ISNA($A$5))} -> 1072 | O10: {=SUM(_xlfn._xlws.FILTER(mydata[Sales],(ISNUMBER(MATCH(mydata[Year],Control!$A$31:$A$33,0))*(mydata[Month]=Processing!$M10)*(mydata[Product]=Processing!B$1))))*NOT(ISNA($A$4))} -> 684 | P10: {=SUM(_xlfn._xlws.FILTER(mydata[Sales],(ISNUMBER(MATCH(mydata[Year],Control!$A$31:$A$33,0))*(mydata[Month]=Processing!$M10)*(mydata[Product]=Processing!C$1))))*NOT(ISNA($A$3))} -> 174 | Q10: =IF(ISNUMBER(MATCH(M10,Control!$A$36:$A$47,0)),MAX($N$2:$P$13)*1.1,0) -> 0 | R10: =IF(Q10,N10) -> FALSE | S10: =IF(Q10,O10) -> FALSE | T10: =IF(Q10,P10) -> FALSE
A11: Other | B11: =GETPIVOTDATA("Average of Other",Control!$A$3) -> 0.15333333 | C11: Label | L11: OCTOBER | M11: OCT | N11: {=SUM(_xlfn._xlws.FILTER(mydata[Sales],(ISNUMBER(MATCH(mydata[Year],Control!$A$31:$A$33,0))*(mydata[Month]=Processing!$M11)*(mydata[Product]=Processing!A$1))))*NOT(ISNA($A$5))} -> 1084 | O11: {=SUM(_xlfn._xlws.FILTER(mydata[Sales],(ISNUMBER(MATCH(mydata[Year],Control!$A$31:$A$33,0))*(mydata[Month]=Processing!$M11)*(mydata[Product]=Processing!B$1))))*NOT(ISNA($A$4))} -> 736 | P11: {=SUM(_xlfn._xlws.FILTER(mydata[Sales],(ISNUMBER(MATCH(mydata[Year],Control!$A$31:$A$33,0))*(mydata[Month]=Processing!$M11)*(mydata[Product]=Processing!C$1))))*NOT(ISNA($A$3))} -> 190 | Q11: =IF(ISNUMBER(MATCH(M11,Control!$A$36:$A$47,0)),MAX($N$2:$P$13)*1.1,0) -> 1342 | R11: =IF(Q11,N11) -> 1084 | S11: =IF(Q11,O11) -> 736 | T11: =IF(Q11,P11) -> 190
A12: SALES | B12: =SUM(B15:B21) -> 2010 | C12: =IF(B12>=1000, "$ "&TEXT(B12/1000,"0.0")&" M", "$ "&TEXT(B12,"0")&" K") -> $ 2.0 M | L12: NOVEMBER | M12: NOV | N12: {=SUM(_xlfn._xlws.FILTER(mydata[Sales],(ISNUMBER(MATCH(mydata[Year],Control!$A$31:$A$33,0))*(mydata[Month]=Processing!$M12)*(mydata[Product]=Processing!A$1))))*NOT(ISNA($A$5))} -> 997 | O12: {=SUM(_xlfn._xlws.FILTER(mydata[Sales],(ISNUMBER(MATCH(mydata[Year],Control!$A$31:$A$33,0))*(mydata[Month]=Processing!$M12)*(mydata[Product]=Processing!B$1))))*NOT(ISNA($A$4))} -> 710 | P12: {=SUM(_xlfn._xlws.FILTER(mydata[Sales],(ISNUMBER(MATCH(mydata[Year],Control!$A$31:$A$33,0))*(mydata[Month]=Processing!$M12)*(mydata[Product]=Processing!C$1))))*NOT(ISNA($A$3))} -> 252 | Q12: =IF(ISNUMBER(MATCH(M12,Control!$A$36:$A$47,0)),MAX($N$2:$P$13)*1.1,0) -> 0 | R12: =IF(Q12,N12) -> FALSE | S12: =IF(Q12,O12) -> FALSE | T12: =IF(Q12,P12) -> FALSE
L13: DECEMBER | M13: DEC | N13: {=SUM(_xlfn._xlws.FILTER(mydata[Sales],(ISNUMBER(MATCH(mydata[Year],Control!$A$31:$A$33,0))*(mydata[Month]=Processing!$M13)*(mydata[Product]=Processing!A$1))))*NOT(ISNA($A$5))} -> 821 | O13: {=SUM(_xlfn._xlws.FILTER(mydata[Sales],(ISNUMBER(MATCH(mydata[Year],Control!$A$31:$A$33,0))*(mydata[Month]=Processing!$M13)*(mydata[Product]=Processing!B$1))))*NOT(ISNA($A$4))} -> 628 | P13: {=SUM(_xlfn._xlws.FILTER(mydata[Sales],(ISNUMBER(MATCH(mydata[Year],Control!$A$31:$A$33,0))*(mydata[Month]=Processing!$M13)*(mydata[Product]=Processing!C$1))))*NOT(ISNA($A$3))} -> 367 | Q13: =IF(ISNUMBER(MATCH(M13,Control!$A$36:$A$47,0)),MAX($N$2:$P$13)*1.1,0) -> 0 | R13: =IF(Q13,N13) -> FALSE | S13: =IF(Q13,O13) -> FALSE | T13: =IF(Q13,P13) -> FALSE
A14: Point Of Sales | B14: POS Sales | C14: POS Plan | D14: Cursor | E14: Sales Plan | F14: =$A$5 -> A | H14: =$A$4 -> B | J14: =$A$3 -> C | Q14: =SUM(Q2:Q13) -> 1342 | R14: =SUM(R2:R13) -> 1084 | S14: =SUM(S2:S13) -> 736 | T14: =SUM(T2:T13) -> 190
A15: POS 1 | B15: =F15+H15+J15 -> 170 | C15: =G15+I15+K15 -> 535 | D15: =IF(ISNUMBER(MATCH(A15,Control!$A$21:$A$27,0)),B15,0) -> 0 | E15: =IF(D15,C15) -> FALSE | F15: =GETPIVOTDATA($B$14&RIGHT($A15,2),Control!$A$57)*NOT(ISNA($A$5)) -> 32 | G15: =GETPIVOTDATA($C$14&RIGHT($A15,2),Control!$A$57)*NOT(ISNA($A$5)) -> 264 | H15: =GETPIVOTDATA($B$14&RIGHT($A15,2),Control!$A$61)*NOT(ISNA($A$4)) -> 131 | I15: =GETPIVOTDATA($C$14&RIGHT($A15,2),Control!$A$61)*NOT(ISNA($A$4)) -> 264 | J15: =GETPIVOTDATA($B$14&RIGHT($A15,2),Control!$A$65)*NOT(ISNA($A$3)) -> 7 | K15: =GETPIVOTDATA($C$14&RIGHT($A15,2),Control!$A$65)*NOT(ISNA($A$3)) -> 7 | R15: =IF(R14>=1000, "$ "&TEXT(R14/1000,"0.0")&" M", "$ "&TEXT(R14,"0")&" K") -> $ 1.1 M | S15: =IF(S14>=1000, "$ "&TEXT(S14/1000,"0.0")&" M", "$ "&TEXT(S14,"0")&" K") -> $ 736 K | T15: =IF(T14>=1000, "$ "&TEXT(T14/1000,"0.0")&" M", "$ "&TEXT(T14,"0")&" K") -> $ 190 K
A16: POS 2 | B16: =F16+H16+J16 -> 401 | C16: =G16+I16+K16 -> 306 | D16: =IF(ISNUMBER(MATCH(A16,Control!$A$21:$A$27,0)),B16,0) -> 0 | E16: =IF(D16,C16) -> FALSE | F16: =GETPIVOTDATA($B$14&RIGHT($A16,2),Control!$A$57)*NOT(ISNA($A$5)) -> 218 | G16: =GETPIVOTDATA($C$14&RIGHT($A16,2),Control!$A$57)*NOT(ISNA($A$5)) -> 181 | H16: =GETPIVOTDATA($B$14&RIGHT($A16,2),Control!$A$61)*NOT(ISNA($A$4)) -> 119 | I16: =GETPIVOTDATA($C$14&RIGHT($A16,2),Control!$A$61)*NOT(ISNA($A$4)) -> 76 | J16: =GETPIVOTDATA($B$14&RIGHT($A16,2),Control!$A$65)*NOT(ISNA($A$3)) -> 64 | K16: =GETPIVOTDATA($C$14&RIGHT($A16,2),Control!$A$65)*NOT(ISNA($A$3)) -> 49 | M16: https://exceltable.com/
A17: POS 3 | B17: =F17+H17+J17 -> 360 | C17: =G17+I17+K17 -> 215 | D17: =IF(ISNUMBER(MATCH(A17,Control!$A$21:$A$27,0)),B17,0) -> 0 | E17: =IF(D17,C17) -> FALSE | F17: =GETPIVOTDATA($B$14&RIGHT($A17,2),Control!$A$57)*NOT(ISNA($A$5)) -> 244 | G17: =GETPIVOTDATA($C$14&RIGHT($A17,2),Control!$A$57)*NOT(ISNA($A$5)) -> 133 | H17: =GETPIVOTDATA($B$14&RIGHT($A17,2),Control!$A$61)*NOT(ISNA($A$4)) -> 89 | I17: =GETPIVOTDATA($C$14&RIGHT($A17,2),Control!$A$61)*NOT(ISNA($A$4)) -> 49 | J17: =GETPIVOTDATA($B$14&RIGHT($A17,2),Control!$A$65)*NOT(ISNA($A$3)) -> 27 | K17: =GETPIVOTDATA($C$14&RIGHT($A17,2),Control!$A$65)*NOT(ISNA($A$3)) -> 33 | P17: Target Audience Intersection | Q17: X | R17: Y
A18: POS 4 | B18: =F18+H18+J18 -> 363 | C18: =G18+I18+K18 -> 567 | D18: =IF(ISNUMBER(MATCH(A18,Control!$A$21:$A$27,0)),B18,0) -> 0 | E18: =IF(D18,C18) -> FALSE | F18: =GETPIVOTDATA($B$14&RIGHT($A18,2),Control!$A$57)*NOT(ISNA($A$5)) -> 227 | G18: =GETPIVOTDATA($C$14&RIGHT($A18,2),Control!$A$57)*NOT(ISNA($A$5)) -> 235 | H18: =GETPIVOTDATA($B$14&RIGHT($A18,2),Control!$A$61)*NOT(ISNA($A$4)) -> 124 | I18: =GETPIVOTDATA($C$14&RIGHT($A18,2),Control!$A$61)*NOT(ISNA($A$4)) -> 277 | J18: =GETPIVOTDATA($B$14&RIGHT($A18,2),Control!$A$65)*NOT(ISNA($A$3)) -> 12 | K18: =GETPIVOTDATA($C$14&RIGHT($A18,2),Control!$A$65)*NOT(ISNA($A$3)) -> 55 | P18: =A5 -> A | Q18: 0.4 | R18: 0.55 | S18: {=AVERAGE(_xlfn._xlws.FILTER(mydata[Cross],(ISNUMBER(MATCH(mydata[Year],Control!$A$31:$A$33,0))*(ISNUMBER(MATCH(mydata[Month],Control!$A$36:$A$47,0))*(mydata[Product]=Processing!P18)))))} -> 0.87
A19: POS 5 | B19: =F19+H19+J19 -> 340 | C19: =G19+I19+K19 -> 281 | D19: =IF(ISNUMBER(MATCH(A19,Control!$A$21:$A$27,0)),B19,0) -> 0 | E19: =IF(D19,C19) -> FALSE | F19: =GETPIVOTDATA($B$14&RIGHT($A19,2),Control!$A$57)*NOT(ISNA($A$5)) -> 173 | G19: =GETPIVOTDATA($C$14&RIGHT($A19,2),Control!$A$57)*NOT(ISNA($A$5)) -> 118 | H19: =GETPIVOTDATA($B$14&RIGHT($A19,2),Control!$A$61)*NOT(ISNA($A$4)) -> 125 | I19: =GETPIVOTDATA($C$14&RIGHT($A19,2),Control!$A$61)*NOT(ISNA($A$4)) -> 93 | J19: =GETPIVOTDATA($B$14&RIGHT($A19,2),Control!$A$65)*NOT(ISNA($A$3)) -> 42 | K19: =GETPIVOTDATA($C$14&RIGHT($A19,2),Control!$A$65)*NOT(ISNA($A$3)) -> 70 | P19: =A4 -> B | Q19: 0.51 | R19: 0.6 | S19: {=AVERAGE(_xlfn._xlws.FILTER(mydata[Cross],(ISNUMBER(MATCH(mydata[Year],Control!$A$31:$A$33,0))*(ISNUMBER(MATCH(mydata[Month],Control!$A$36:$A$47,0))*(mydata[Product]=Processing!P19)))))} -> 0.84
A20: POS 6 | B20: =F20+H20+J20 -> 87 | C20: =G20+I20+K20 -> 278 | D20: =IF(ISNUMBER(MATCH(A20,Control!$A$21:$A$27,0)),B20,0) -> 0 | E20: =IF(D20,C20) -> FALSE | F20: =GETPIVOTDATA($B$14&RIGHT($A20,2),Control!$A$57)*NOT(ISNA($A$5)) -> 34 | G20: =GETPIVOTDATA($C$14&RIGHT($A20,2),Control!$A$57)*NOT(ISNA($A$5)) -> 180 | H20: =GETPIVOTDATA($B$14&RIGHT($A20,2),Control!$A$61)*NOT(ISNA($A$4)) -> 43 | I20: =GETPIVOTDATA($C$14&RIGHT($A20,2),Control!$A$61)*NOT(ISNA($A$4)) -> 32 | J20: =GETPIVOTDATA($B$14&RIGHT($A20,2),Control!$A$65)*NOT(ISNA($A$3)) -> 10 | K20: =GETPIVOTDATA($C$14&RIGHT($A20,2),Control!$A$65)*NOT(ISNA($A$3)) -> 66 | P20: =A3 -> C | Q20: 0.5 | R20: 0.5 | S20: {=AVERAGE(_xlfn._xlws.FILTER(mydata[Cross],(ISNUMBER(MATCH(mydata[Year],Control!$A$31:$A$33,0))*(ISNUMBER(MATCH(mydata[Month],Control!$A$36:$A$47,0))*(mydata[Product]=Processing!P20)))))} -> 0.8
A21: POS 7 | B21: =F21+H21+J21 -> 289 | C21: =G21+I21+K21 -> 365 | D21: =IF(ISNUMBER(MATCH(A21,Control!$A$21:$A$27,0)),B21,0) -> 289 | E21: =IF(D21,C21) -> 365 | F21: =GETPIVOTDATA($B$14&RIGHT($A21,2),Control!$A$57)*NOT(ISNA($A$5)) -> 156 | G21: =GETPIVOTDATA($C$14&RIGHT($A21,2),Control!$A$57)*NOT(ISNA($A$5)) -> 185 | H21: =GETPIVOTDATA($B$14&RIGHT($A21,2),Control!$A$61)*NOT(ISNA($A$4)) -> 105 | I21: =GETPIVOTDATA($C$14&RIGHT($A21,2),Control!$A$61)*NOT(ISNA($A$4)) -> 132 | J21: =GETPIVOTDATA($B$14&RIGHT($A21,2),Control!$A$65)*NOT(ISNA($A$3)) -> 28 | K21: =GETPIVOTDATA($C$14&RIGHT($A21,2),Control!$A$65)*NOT(ISNA($A$3)) -> 48
D22: =SUM(D15:D21) -> 289 | E22: =SUM(E15:E21) -> 365 | F22: =$A$5 -> A | H22: =$A$4 -> B | J22: =$A$3 -> C
C23: Label | D23: =IF(D22>=1000, "$ "&TEXT(D22/1000,"0.0")&" M", "$ "&TEXT(D22,"0")&" K") -> $ 289 K | E23: =IF(E22>=1000, "$ "&TEXT(E22/1000,"0.0")&" M", "$ "&TEXT(E22,"0")&" K") -> $ 365 K | F23: Sales | G23: Plan | H23: Sales | I23: Plan | J23: Sales | K23: Plan
D24: Done | E24: =D22/E22 -> 0.79178082 | F24: =SUMIF($D$15:$D$21,"<>0",F15:F21) -> 156 | G24: =SUMIF($D$15:$D$21,"<>0",G15:G21) -> 185 | H24: =SUMIF($D$15:$D$21,"<>0",H15:H21) -> 105 | I24: =SUMIF($D$15:$D$21,"<>0",I15:I21) -> 132 | J24: =SUMIF($D$15:$D$21,"<>0",J15:J21) -> 28 | K24: =SUMIF($D$15:$D$21,"<>0",K15:K21) -> 48
F25: =IF(F24>=1000, "$ "&TEXT(F24/1000,"0.0")&" M", "$ "&TEXT(F24,"0")&" K") -> $ 156 K | G25: =IF(G24>=1000, "$ "&TEXT(G24/1000,"0.0")&" M", "$ "&TEXT(G24,"0")&" K") -> $ 185 K | H25: =IF(H24>=1000, "$ "&TEXT(H24/1000,"0.0")&" M", "$ "&TEXT(H24,"0")&" K") -> $ 105 K | I25: =IF(I24>=1000, "$ "&TEXT(I24/1000,"0.0")&" M", "$ "&TEXT(I24,"0")&" K") -> $ 132 K | J25: =IF(J24>=1000, "$ "&TEXT(J24/1000,"0.0")&" M", "$ "&TEXT(J24,"0")&" K") -> $ 28 K | K25: =IF(K24>=1000, "$ "&TEXT(K24/1000,"0.0")&" M", "$ "&TEXT(K24,"0")&" K") -> $ 48 K

Sheet Control
A3: Row Labels | B3: Sum of POS Sales 1 | C3: Sum of POS Sales 2 | D3: Sum of POS Sales 3 | E3: Sum of POS Sales 4 | F3: Sum of POS Sales 5 | G3: Sum of POS Sales 6 | H3: Sum of POS Sales 7 | I3: Sum of POS Plan 1 | J3: Sum of POS Plan 2 | K3: Sum of POS Plan 3 | L3: Sum of POS Plan 4 | M3: Sum of POS Plan 5 | N3: Sum of POS Plan 6 | O3: Sum of POS Plan 7 | P3: Average of Online sales | Q3: Average of Regular sales | R3: Average of Upselling | S3: Average of Other
A4: OCT | B4: 170 | C4: 401 | D4: 360 | E4: 363 | F4: 340 | G4: 87 | H4: 289 | I4: 535 | J4: 306 | K4: 215 | L4: 567 | M4: 281 | N4: 278 | O4: 365 | P4: 0.29 | Q4: 0.30666667 | R4: 0.25 | S4: 0.15333333
A5: Grand Total | B5: 170 | C5: 401 | D5: 360 | E5: 363 | F5: 340 | G5: 87 | H5: 289 | I5: 535 | J5: 306 | K5: 215 | L5: 567 | M5: 281 | N5: 278 | O5: 365 | P5: 0.29 | Q5: 0.30666667 | R5: 0.25 | S5: 0.15333333
A20: Row Labels
A21: POS 7
A22: Grand Total
A30: Row Labels
A31: 2027
A35: Row Labels
A36: OCT
A50: Row Labels | B50: Average of Result
A51: A | B51: 0.64
A52: B | B52: 0.31
A53: C | B53: 0.44
A55: Product | B55: A
A57: Average of Region 1 | B57: Average of Region 2 | C57: Average of Region 3 | D57: Average of Region 4 | E57: Average of Region 5 | F57: Average of Region 6 | G57: Sum of POS Sales 1 | H57: Sum of POS Sales 2 | I57: Sum of POS Sales 3 | J57: Sum of POS Sales 4 | K57: Sum of POS Sales 5 | L57: Sum of POS Sales 6 | M57: Sum of POS Sales 7 | N57: Sum of POS Plan 1 | O57: Sum of POS Plan 2 | P57: Sum of POS Plan 3 | Q57: Sum of POS Plan 4 | R57: Sum of POS Plan 5 | S57: Sum of POS Plan 6 | T57: Sum of POS Plan 7
A58: 0.27 | B58: 0.54 | C58: 0.25 | D58: 0.33 | E58: 0.36 | F58: 0.75 | G58: 32 | H58: 218 | I58: 244 | J58: 227 | K58: 173 | L58: 34 | M58: 156 | N58: 264 | O58: 181 | P58: 133 | Q58: 235 | R58: 118 | S58: 180 | T58: 185
A59: Product | B59: B
A61: Average of Region 1 | B61: Average of Region 2 | C61: Average of Region 3 | D61: Average of Region 4 | E61: Average of Region 5 | F61: Average of Region 6 | G61: Sum of POS Sales 1 | H61: Sum of POS Sales 2 | I61: Sum of POS Sales 3 | J61: Sum of POS Sales 4 | K61: Sum of POS Sales 5 | L61: Sum of POS Sales 6 | M61: Sum of POS Sales 7 | N61: Sum of POS Plan 2 | O61: Sum of POS Plan 1 | P61: Sum of POS Plan 3 | Q61: Sum of POS Plan 4 | R61: Sum of POS Plan 5 | S61: Sum of POS Plan 6 | T61: Sum of POS Plan 7
A62: 0.28 | B62: 0.72 | C62: 0.68 | D62: 0.87 | E62: 0.98 | F62: 0.96 | G62: 131 | H62: 119 | I62: 89 | J62: 124 | K62: 125 | L62: 43 | M62: 105 | N62: 76 | O62: 264 | P62: 49 | Q62: 277 | R62: 93 | S62: 32 | T62: 132
A63: Product | B63: C
A65: Average of Region 1 | B65: Average of Region 2 | C65: Average of Region 3 | D65: Average of Region 4 | E65: Average of Region 5 | F65: Average of Region 6 | G65: Sum of POS Sales 1 | H65: Sum of POS Sales 2 | I65: Sum of POS Sales 3 | J65: Sum of POS Sales 4 | K65: Sum of POS Sales 5 | L65: Sum of POS Sales 6 | M65: Sum of POS Sales 7 | N65: Sum of POS Plan 1 | O65: Sum of POS Plan 2 | P65: Sum of POS Plan 3 | Q65: Sum of POS Plan 4 | R65: Sum of POS Plan 5 | S65: Sum of POS Plan 6 | T65: Sum of POS Plan 7
A66: 0.89 | B66: 0.92 | C66: 0.33 | D66: 0.68 | E66: 0.73 | F66: 0.81 | G66: 7 | H66: 64 | I66: 27 | J66: 12 | K66: 42 | L66: 10 | M66: 28 | N66: 7 | O66: 49 | P66: 33 | Q66: 55 | R66: 70 | S66: 66 | T66: 48

Sheet Data
A1: Year | B1: Month | C1: Product | D1: Result | E1: Cross | F1: Sales | G1: POS Sales 1 | H1: POS Sales 2 | I1: POS Sales 3 | J1: POS Sales 4 | K1: POS Sales 5 | L1: POS Sales 6 | M1: POS Sales 7 | N1: POS Plan 1 | O1: POS Plan 2 | P1: POS Plan 3 | Q1: POS Plan 4 | R1: POS Plan 5 | S1: POS Plan 6 | T1: POS Plan 7 | U1: Region 1 | V1: Region 2 | W1: Region 3 | X1: Region 4 | Y1: Region 5 | Z1: Region 6 | AA1: Online sales | AB1: Regular sales | AC1: Upselling | AD1: Other | AF1: https://exceltable.com/
A2: 2025 | B2: JAN | C2: A | D2: 0.85 | E2: 1 | F2: 1 | G2: 1 | H2: 0 | I2: 0 | J2: 0 | K2: 0 | L2: 0 | M2: 0 | N2: 69 | O2: 61 | P2: 22 | Q2: 4 | R2: 88 | S2: 54 | T2: 49 | U2: 0.25 | V2: 0.6 | W2: 0.5 | X2: 0.4 | Y2: 0.9 | Z2: 0.75 | AA2: 0.25 | AB2: 0.28 | AC2: 0.15 | AD2: 0.32
A3: 2025 | B3: FEB | C3: A | D3: 0.5 | E3: 0.66 | F3: 267 | G3: 60 | H3: 64 | I3: 21 | J3: 35 | K3: 2 | L3: 47 | M3: 38 | N3: 79 | O3: 67 | P3: 123 | Q3: 117 | R3: 27 | S3: 25 | T3: 72 | U3: 0.64 | V3: 0.31 | W3: 0.53 | X3: 0.27 | Y3: 0.56 | Z3: 0.24 | AA3: 0.41 | AB3: 0.26 | AC3: 0.26 | AD3: 0.07
A4: 2025 | B4: MAR | C4: A | D4: 0.46 | E4: 0.75 | F4: 392 | G4: 9 | H4: 67 | I4: 60 | J4: 99 | K4: 9 | L4: 92 | M4: 56 | N4: 117 | O4: 147 | P4: 27 | Q4: 46 | R4: 29 | S4: 195 | T4: 94 | U4: 0.67 | V4: 0.28 | W4: 0.45 | X4: 0.55 | Y4: 0.48 | Z4: 0.77 | AA4: 0.39 | AB4: 0.43 | AC4: 0.12 | AD4: 0.06
A5: 2025 | B5: APR | C5: A | D5: 0.75 | E5: 0.36 | F5: 504 | G5: 18 | H5: 175 | I5: 33 | J5: 43 | K5: 51 | L5: 112 | M5: 72 | N5: 91 | O5: 162 | P5: 24 | Q5: 245 | R5: 235 | S5: 39 | T5: 132 | U5: 0.34 | V5: 0.61 | W5: 0.25 | X5: 0.65 | Y5: 0.28 | Z5: 0.34 | AA5: 0.2 | AB5: 0.38 | AC5: 0.34 | AD5: 0.08
A6: 2025 | B6: MAY | C6: A | D6: 0.59 | E6: 0.86 | F6: 714 | G6: 73 | H6: 97 | I6: 44 | J6: 103 | K6: 96 | L6: 199 | M6: 102 | N6: 183 | O6: 143 | P6: 161 | Q6: 174 | R6: 184 | S6: 180 | T6: 171 | U6: 0.97 | V6: 0.91 | W6: 0.37 | X6: 0.91 | Y6: 0.59 | Z6: 0.56 | AA6: 0.28 | AB6: 0.27 | AC6: 0.27 | AD6: 0.18
A7: 2025 | B7: JUN | C7: A | D7: 0.92 | E7: 0.92 | F7: 920 | G7: 114 | H7: 230 | I7: 59 | J7: 82 | K7: 191 | L7: 112 | M7: 132 | N7: 231 | O7: 185 | P7: 289 | Q7: 316 | R7: 16 | S7: 57 | T7: 183 | U7: 0.43 | V7: 0.32 | W7: 0.89 | X7: 0.32 | Y7: 0.72 | Z7: 0.5 | AA7: 0.24 | AB7: 0.32 | AC7: 0.34 | AD7: 0.1
A8: 2025 | B8: JUL | C8: A | D8: 0.77 | E8: 0.38 | F8: 982 | G8: 257 | H8: 87 | I8: 207 | J8: 64 | K8: 119 | L8: 108 | M8: 140 | N8: 125 | O8: 57 | P8: 127 | Q8: 244 | R8: 152 | S8: 323 | T8: 171 | U8: 0.46 | V8: 0.45 | W8: 0.78 | X8: 0.84 | Y8: 0.42 | Z8: 0.31 | AA8: 0.06 | AB8: 0.64 | AC8: 0.18 | AD8: 0.12
A9: 2025 | B9: AUG | C9: A | D9: 0.32 | E9: 0.54 | F9: 922 | G9: 143 | H9: 173 | I9: 89 | J9: 47 | K9: 122 | L9: 217 | M9: 131 | N9: 227 | O9: 47 | P9: 291 | Q9: 13 | R9: 30 | S9: 269 | T9: 146 | U9: 0.84 | V9: 0.29 | W9: 0.21 | X9: 0.51 | Y9: 0.3 | Z9: 0.98 | AA9: 0.16 | AB9: 0.53 | AC9: 0 | AD9: 0.31
A10: 2025 | B10: SEP | C10: A | D10: 0.75 | E10: 0.52 | F10: 787 | G10: 120 | H10: 179 | I10: 35 | J10: 170 | K10: 23 | L10: 148 | M10: 112 | N10: 141 | O10: 98 | P10: 80 | Q10: 113 | R10: 102 | S10: 108 | T10: 109 | U10: 0.55 | V10: 0.35 | W10: 0.69 | X10: 0.61 | Y10: 0.9 | Z10: 0.58 | AA10: 0.19 | AB10: 0.4 | AC10: 0.28 | AD10: 0.13
A11: 2025 | B11: OCT | C11: A | D11: 0.89 | E11: 0.53 | F11: 578 | G11: 119 | H11: 101 | I11: 58 | J11: 65 | K11: 88 | L11: 65 | M11: 82 | N11: 13 | O11: 97 | P11: 77 | Q11: 96 | R11: 69 | S11: 78 | T11: 73 | U11: 0.52 | V11: 0.8 | W11: 0.75 | X11: 0.28 | Y11: 0.53 | Z11: 0.99 | AA11: 0.33 | AB11: 0.28 | AC11: 0.06 | AD11: 0.33
A12: 2025 | B12: NOV | C12: A | D12: 0.61 | E12: 0.77 | F12: 387 | G12: 42 | H12: 46 | I12: 23 | J12: 46 | K12: 96 | L12: 79 | M12: 55 | N12: 97 | O12: 13 | P12: 100 | Q12: 7 | R12: 26 | S12: 52 | T12: 48 | U12: 0.22 | V12: 0.41 | W12: 0.27 | X12: 0.47 | Y12: 0.26 | Z12: 0.54 | AA12: 0.18 | AB12: 0.48 | AC12: 0.03 | AD12: 0.31
A13: 2025 | B13: DEC | C13: A | D13: 0.35 | E13: 0.33 | F13: 264 | G13: 45 | H13: 44 | I13: 12 | J13: 29 | K13: 58 | L13: 40 | M13: 36 | N13: 207 | O13: 224 | P13: 280 | Q13: 163 | R13: 181 | S13: 167 | T13: 204 | U13: 0.69 | V13: 0.71 | W13: 0.58 | X13: 0.94 | Y13: 0.82 | Z13: 0.94 | AA13: 0.17 | AB13: 0.3 | AC13: 0.29 | AD13: 0.24
... A108: 2027 | B108: NOV | C108: C | D108: 0.92 | E108: 0.81 | F108: 252 | G108: 61 | H108: 3 | I108: 18 | J108: 29 | K108: 83 | L108: 21 | M108: 37 | N108: 34 | O108: 90 | P108: 51 | Q108: 114 | R108: 9 | S108: 111 | T108: 68 | U108: 0.91 | V108: 0.8 | W108: 0.51 | X108: 0.43 | Y108: 0.65 | Z108: 0.32 | AA108: 0.27 | AB108: 0.33 | AC108: 0.07 | AD108: 0.33
A109: 2027 | B109: DEC | C109: C | D109: 0.95 | E109: 0.62 | F109: 367 | G109: 101 | H109: 54 | I109: 34 | J109: 13 | K109: 64 | L109: 48 | M109: 53 | N109: 67 | O109: 80 | P109: 76 | Q109: 29 | R109: 26 | S109: 76 | T109: 53 | U109: 0.24 | V109: 0.95 | W109: 0.98 | X109: 0.27 | Y109: 0.76 | Z109: 0.28

Sheet Resources
B1: 0C89CE | D1: https://exceltable.com/
B2: 05294B
B5: 06A9E2
B6: 0075AA
B7: CBF7FF
B10: CBF7FF
B11: 0865A0
B12: A3BACA
B13: 065A7C
B15: E5ECF0
B16: A3BACA
B17: 0075AA
B20: 18C1E7
... B34: 7B007A
