Workbook
Name Slicer_Month1: #N/A
Name Slicer_Year1: #N/A

Sheet DASHBOARD
AA1: https://exceltable.com/

Sheet Adv CR
AA1: https://exceltable.com/

Sheet DASHBOARD Light
AA4: https://exceltable.com/

Sheet Adv CR Light
AA1: https://exceltable.com/

Sheet Processing
A1: Click-Through Rate vs Conversion Rate | B1: CTR | C1: CR | D1: CTR Select | E1: CR Select | G1: Ads. Expenses | H1: Ads. Revenue | I1: Advertising Costs vs Returns | J1: Total | K1: Select 1 | L1: Select 2 | O1: User Behavior Breakdown After Ad Click
A2: JAN | B2: =GETPIVOTDATA(""&B$1,Control!$A$20,"Month",""&$A2) -> 0.083333333 | C2: =GETPIVOTDATA(""&C$1,Control!$A$20,"Month",""&$A2) -> 0.078567302 | D2: =IFERROR(GETPIVOTDATA(""&B$1,Control!$A$3,"Month",""&$A2),NA()) -> 0.083333333 | E2: =IFERROR(GETPIVOTDATA(""&C$1,Control!$A$3,"Month",""&$A2),NA()) -> 0.078567302 | G2: =GETPIVOTDATA(""&G$1,Control!$A$20,"Month",""&$A2) -> 8000 | H2: =GETPIVOTDATA(""&H$1,Control!$A$20,"Month",""&$A2) -> 6120 | I2: JAN | J2: =G2+H2 -> 14120 | K2: =IFERROR(GETPIVOTDATA(""&G$1,Control!$A$3,"Month",""&$A2),NA()) -> 8000 | L2: =IFERROR(GETPIVOTDATA(""&H$1,Control!$A$3,"Month",""&$A2),NA()) -> 6120 | M2: =IF(ISNA(E2),E2,J2) -> 14120 | O2: =GETPIVOTDATA(""&O3,Control!$A$3) -> 0.385 | P2: =GETPIVOTDATA(""&P3,Control!$A$3) -> 0.24083333 | Q2: =GETPIVOTDATA(""&Q3,Control!$A$3) -> 0.37416667
A3: FEB | B3: =GETPIVOTDATA(""&B$1,Control!$A$20,"Month",""&$A3) -> 0.10020833 | C3: =GETPIVOTDATA(""&C$1,Control!$A$20,"Month",""&$A3) -> 0.073367995 | D3: =IFERROR(GETPIVOTDATA(""&B$1,Control!$A$3,"Month",""&$A3),NA()) -> 0.10020833 | E3: =IFERROR(GETPIVOTDATA(""&C$1,Control!$A$3,"Month",""&$A3),NA()) -> 0.073367995 | G3: =GETPIVOTDATA(""&G$1,Control!$A$20,"Month",""&$A3) -> 10270 | H3: =GETPIVOTDATA(""&H$1,Control!$A$20,"Month",""&$A3) -> 7000 | I3: FEB | J3: =G3+H3 -> 17270 | K3: =IFERROR(GETPIVOTDATA(""&G$1,Control!$A$3,"Month",""&$A3),NA()) -> 10270 | L3: =IFERROR(GETPIVOTDATA(""&H$1,Control!$A$3,"Month",""&$A3),NA()) -> 7000 | M3: =IF(ISNA(E3),E3,J3) -> 17270 | O3: Watched Video | P3: Button Click Rate | Q3: Did Not Convert
A4: MAR | B4: =GETPIVOTDATA(""&B$1,Control!$A$20,"Month",""&$A4) -> 0.11177083 | C4: =GETPIVOTDATA(""&C$1,Control!$A$20,"Month",""&$A4) -> 0.080300404 | D4: =IFERROR(GETPIVOTDATA(""&B$1,Control!$A$3,"Month",""&$A4),NA()) -> 0.11177083 | E4: =IFERROR(GETPIVOTDATA(""&C$1,Control!$A$3,"Month",""&$A4),NA()) -> 0.080300404 | G4: =GETPIVOTDATA(""&G$1,Control!$A$20,"Month",""&$A4) -> 10970 | H4: =GETPIVOTDATA(""&H$1,Control!$A$20,"Month",""&$A4) -> 7400 | I4: MAR | J4: =G4+H4 -> 18370 | K4: =IFERROR(GETPIVOTDATA(""&G$1,Control!$A$3,"Month",""&$A4),NA()) -> 10970 | L4: =IFERROR(GETPIVOTDATA(""&H$1,Control!$A$3,"Month",""&$A4),NA()) -> 7400 | M4: =IF(ISNA(E4),E4,J4) -> 18370 | O4: Value | P4: =O2+P2 -> 0.62583333
A5: APR | B5: =GETPIVOTDATA(""&B$1,Control!$A$20,"Month",""&$A5) -> 0.11427083 | C5: =GETPIVOTDATA(""&C$1,Control!$A$20,"Month",""&$A5) -> 0.089543616 | D5: =IFERROR(GETPIVOTDATA(""&B$1,Control!$A$3,"Month",""&$A5),NA()) -> 0.11427083 | E5: =IFERROR(GETPIVOTDATA(""&C$1,Control!$A$3,"Month",""&$A5),NA()) -> 0.089543616 | G5: =GETPIVOTDATA(""&G$1,Control!$A$20,"Month",""&$A5) -> 9620 | H5: =GETPIVOTDATA(""&H$1,Control!$A$20,"Month",""&$A5) -> 6680 | I5: APR | J5: =G5+H5 -> 16300 | K5: =IFERROR(GETPIVOTDATA(""&G$1,Control!$A$3,"Month",""&$A5),NA()) -> 9620 | L5: =IFERROR(GETPIVOTDATA(""&H$1,Control!$A$3,"Month",""&$A5),NA()) -> 6680 | M5: =IF(ISNA(E5),E5,J5) -> 16300 | R5: X | S5: Y
A6: MAY | B6: =GETPIVOTDATA(""&B$1,Control!$A$20,"Month",""&$A6) -> 0.10697917 | C6: =GETPIVOTDATA(""&C$1,Control!$A$20,"Month",""&$A6) -> 0.083188908 | D6: =IFERROR(GETPIVOTDATA(""&B$1,Control!$A$3,"Month",""&$A6),NA()) -> 0.10697917 | E6: =IFERROR(GETPIVOTDATA(""&C$1,Control!$A$3,"Month",""&$A6),NA()) -> 0.083188908 | G6: =GETPIVOTDATA(""&G$1,Control!$A$20,"Month",""&$A6) -> 7150 | H6: =GETPIVOTDATA(""&H$1,Control!$A$20,"Month",""&$A6) -> 5440 | I6: MAY | J6: =G6+H6 -> 12590 | K6: =IFERROR(GETPIVOTDATA(""&G$1,Control!$A$3,"Month",""&$A6),NA()) -> 7150 | L6: =IFERROR(GETPIVOTDATA(""&H$1,Control!$A$3,"Month",""&$A6),NA()) -> 5440 | M6: =IF(ISNA(E6),E6,J6) -> 12590 | P6: Offer Selection | R6: 0.95 | S6: 0.95
A7: JUN | B7: =GETPIVOTDATA(""&B$1,Control!$A$20,"Month",""&$A7) -> 0.0921875 | C7: =GETPIVOTDATA(""&C$1,Control!$A$20,"Month",""&$A7) -> 0.06932409 | D7: =IFERROR(GETPIVOTDATA(""&B$1,Control!$A$3,"Month",""&$A7),NA()) -> 0.0921875 | E7: =IFERROR(GETPIVOTDATA(""&C$1,Control!$A$3,"Month",""&$A7),NA()) -> 0.06932409 | G7: =GETPIVOTDATA(""&G$1,Control!$A$20,"Month",""&$A7) -> 5270 | H7: =GETPIVOTDATA(""&H$1,Control!$A$20,"Month",""&$A7) -> 4816 | I7: JUN | J7: =G7+H7 -> 10086 | K7: =IFERROR(GETPIVOTDATA(""&G$1,Control!$A$3,"Month",""&$A7),NA()) -> 5270 | L7: =IFERROR(GETPIVOTDATA(""&H$1,Control!$A$3,"Month",""&$A7),NA()) -> 4816 | M7: =IF(ISNA(E7),E7,J7) -> 10086 | O7: Chose Offer A | P7: =GETPIVOTDATA(""&O7,Control!$A$3) -> 0.5525 | Q7: =100%-P7 -> 0.4475 | R7: =SIN(P7*2*PI())*R$6 -> -0.30772155 | S7: =COS(Q7*2*PI())*S$6 -> -0.89878109
A8: JUL | B8: =GETPIVOTDATA(""&B$1,Control!$A$20,"Month",""&$A8) -> 0.074479167 | C8: =GETPIVOTDATA(""&C$1,Control!$A$20,"Month",""&$A8) -> 0.068168689 | D8: =IFERROR(GETPIVOTDATA(""&B$1,Control!$A$3,"Month",""&$A8),NA()) -> 0.074479167 | E8: =IFERROR(GETPIVOTDATA(""&C$1,Control!$A$3,"Month",""&$A8),NA()) -> 0.068168689 | G8: =GETPIVOTDATA(""&G$1,Control!$A$20,"Month",""&$A8) -> 5270 | H8: =GETPIVOTDATA(""&H$1,Control!$A$20,"Month",""&$A8) -> 5080 | I8: JUL | J8: =G8+H8 -> 10350 | K8: =IFERROR(GETPIVOTDATA(""&G$1,Control!$A$3,"Month",""&$A8),NA()) -> 5270 | L8: =IFERROR(GETPIVOTDATA(""&H$1,Control!$A$3,"Month",""&$A8),NA()) -> 5080 | M8: =IF(ISNA(E8),E8,J8) -> 10350 | O8: Chose Offer B | P8: =GETPIVOTDATA(""&O8,Control!$A$3) -> 0.63416667 | Q8: =100%-P8 -> 0.36583333 | R8: =SIN(P8*2*PI())*R$6 -> -0.70930627 | S8: =COS(Q8*2*PI())*S$6 -> -0.63196884
A9: AUG | B9: =GETPIVOTDATA(""&B$1,Control!$A$20,"Month",""&$A9) -> 0.0596875 | C9: =GETPIVOTDATA(""&C$1,Control!$A$20,"Month",""&$A9) -> 0.077411901 | D9: =IFERROR(GETPIVOTDATA(""&B$1,Control!$A$3,"Month",""&$A9),NA()) -> 0.0596875 | E9: =IFERROR(GETPIVOTDATA(""&C$1,Control!$A$3,"Month",""&$A9),NA()) -> 0.077411901 | G9: =GETPIVOTDATA(""&G$1,Control!$A$20,"Month",""&$A9) -> 7150 | H9: =GETPIVOTDATA(""&H$1,Control!$A$20,"Month",""&$A9) -> 6080 | I9: AUG | J9: =G9+H9 -> 13230 | K9: =IFERROR(GETPIVOTDATA(""&G$1,Control!$A$3,"Month",""&$A9),NA()) -> 7150 | L9: =IFERROR(GETPIVOTDATA(""&H$1,Control!$A$3,"Month",""&$A9),NA()) -> 6080 | M9: =IF(ISNA(E9),E9,J9) -> 13230
A10: SEP | B10: =GETPIVOTDATA(""&B$1,Control!$A$20,"Month",""&$A10) -> 0.052395833 | C10: =GETPIVOTDATA(""&C$1,Control!$A$20,"Month",""&$A10) -> 0.094742923 | D10: =IFERROR(GETPIVOTDATA(""&B$1,Control!$A$3,"Month",""&$A10),NA()) -> 0.052395833 | E10: =IFERROR(GETPIVOTDATA(""&C$1,Control!$A$3,"Month",""&$A10),NA()) -> 0.094742923 | G10: =GETPIVOTDATA(""&G$1,Control!$A$20,"Month",""&$A10) -> 9620 | H10: =GETPIVOTDATA(""&H$1,Control!$A$20,"Month",""&$A10) -> 6496 | I10: SEP | J10: =G10+H10 -> 16116 | K10: =IFERROR(GETPIVOTDATA(""&G$1,Control!$A$3,"Month",""&$A10),NA()) -> 9620 | L10: =IFERROR(GETPIVOTDATA(""&H$1,Control!$A$3,"Month",""&$A10),NA()) -> 6496 | M10: =IF(ISNA(E10),E10,J10) -> 16116 | O10: Seasonal Benchmark for Current Month | P10: Data
A11: OCT | B11: =GETPIVOTDATA(""&B$1,Control!$A$20,"Month",""&$A11) -> 0.054895833 | C11: =GETPIVOTDATA(""&C$1,Control!$A$20,"Month",""&$A11) -> 0.10167533 | D11: =IFERROR(GETPIVOTDATA(""&B$1,Control!$A$3,"Month",""&$A11),NA()) -> 0.054895833 | E11: =IFERROR(GETPIVOTDATA(""&C$1,Control!$A$3,"Month",""&$A11),NA()) -> 0.10167533 | G11: =GETPIVOTDATA(""&G$1,Control!$A$20,"Month",""&$A11) -> 10970 | H11: =GETPIVOTDATA(""&H$1,Control!$A$20,"Month",""&$A11) -> 5752 | I11: OCT | J11: =G11+H11 -> 16722 | K11: =IFERROR(GETPIVOTDATA(""&G$1,Control!$A$3,"Month",""&$A11),NA()) -> 10970 | L11: =IFERROR(GETPIVOTDATA(""&H$1,Control!$A$3,"Month",""&$A11),NA()) -> 5752 | M11: =IF(ISNA(E11),E11,J11) -> 16722 | O11: CR2 | P11: =GETPIVOTDATA(""&O11,Control!$A$3) -> 0.03975
A12: NOV | B12: =GETPIVOTDATA(""&B$1,Control!$A$20,"Month",""&$A12) -> 0.066458333 | C12: =GETPIVOTDATA(""&C$1,Control!$A$20,"Month",""&$A12) -> 0.097053726 | D12: =IFERROR(GETPIVOTDATA(""&B$1,Control!$A$3,"Month",""&$A12),NA()) -> 0.066458333 | E12: =IFERROR(GETPIVOTDATA(""&C$1,Control!$A$3,"Month",""&$A12),NA()) -> 0.097053726 | G12: =GETPIVOTDATA(""&G$1,Control!$A$20,"Month",""&$A12) -> 10270 | H12: =GETPIVOTDATA(""&H$1,Control!$A$20,"Month",""&$A12) -> 5200 | I12: NOV | J12: =G12+H12 -> 15470 | K12: =IFERROR(GETPIVOTDATA(""&G$1,Control!$A$3,"Month",""&$A12),NA()) -> 10270 | L12: =IFERROR(GETPIVOTDATA(""&H$1,Control!$A$3,"Month",""&$A12),NA()) -> 5200 | M12: =IF(ISNA(E12),E12,J12) -> 15470 | O12: Bounce Rate | P12: =GETPIVOTDATA(""&O12,Control!$A$3) -> 0.014916667
A13: DEC | B13: =GETPIVOTDATA(""&B$1,Control!$A$20,"Month",""&$A13) -> 0.083333333 | C13: =GETPIVOTDATA(""&C$1,Control!$A$20,"Month",""&$A13) -> 0.086655113 | D13: =IFERROR(GETPIVOTDATA(""&B$1,Control!$A$3,"Month",""&$A13),NA()) -> 0.083333333 | E13: =IFERROR(GETPIVOTDATA(""&C$1,Control!$A$3,"Month",""&$A13),NA()) -> 0.086655113 | G13: =GETPIVOTDATA(""&G$1,Control!$A$20,"Month",""&$A13) -> 8000 | H13: =GETPIVOTDATA(""&H$1,Control!$A$20,"Month",""&$A13) -> 5640 | I13: DEC | J13: =G13+H13 -> 13640 | K13: =IFERROR(GETPIVOTDATA(""&G$1,Control!$A$3,"Month",""&$A13),NA()) -> 8000 | L13: =IFERROR(GETPIVOTDATA(""&H$1,Control!$A$3,"Month",""&$A13),NA()) -> 5640 | M13: =IF(ISNA(E13),E13,J13) -> 13640 | O13: CTR2 | P13: =GETPIVOTDATA(""&O13,Control!$A$3) -> 0.0425
A14: Advertising Effectiveness Dashboard | C14: Total | D14: =AVERAGEIF(D2:D13,">0") -> 0.083333333 | E14: =AVERAGEIF(E2:E13,">0") -> 0.083333333 | K14: {=SUM(IFERROR(K2:K13,0))} -> 102560 | L14: {=SUM(IFERROR(L2:L13,0))} -> 71704

Sheet Control
A3: Row Labels | B3: Average of CTR | C3: Average of CR | D3: Sum of Ads. Expenses | E3: Sum of Ads. Revenue | F3: Average of Watched Video | G3: Average of Button Click Rate | H3: Average of Did Not Convert | I3: Average of Chose Offer A | J3: Average of Chose Offer B | K3: Average of CR2 | L3: Average of Bounce Rate | M3: Average of CTR2
A4: JAN | B4: 0.083333333 | C4: 0.078567302 | D4: 8000 | E4: 6120 | F4: 0.45 | G4: 0.21 | H4: 0.34 | I4: 0.69 | J4: 0.61 | K4: 0.033 | L4: 0.015 | M4: 0.054
A5: FEB | B5: 0.10020833 | C5: 0.073367995 | D5: 10270 | E5: 7000 | F5: 0.48 | G5: 0.18 | H5: 0.34 | I5: 0.57 | J5: 0.71 | K5: 0.041 | L5: 0.016 | M5: 0.046
A6: MAR | B6: 0.11177083 | C6: 0.080300404 | D6: 10970 | E6: 7400 | F6: 0.32 | G6: 0.24 | H6: 0.44 | I6: 0.58 | J6: 0.59 | K6: 0.032 | L6: 0.014 | M6: 0.031
A7: APR | B7: 0.11427083 | C7: 0.089543616 | D7: 9620 | E7: 6680 | F7: 0.35 | G7: 0.21 | H7: 0.44 | I7: 0.44 | J7: 0.79 | K7: 0.044 | L7: 0.02 | M7: 0.042
A8: MAY | B8: 0.10697917 | C8: 0.083188908 | D8: 7150 | E8: 5440 | F8: 0.34 | G8: 0.14 | H8: 0.52 | I8: 0.61 | J8: 0.64 | K8: 0.039 | L8: 0.012 | M8: 0.04
A9: JUN | B9: 0.0921875 | C9: 0.06932409 | D9: 5270 | E9: 4816 | F9: 0.42 | G9: 0.35 | H9: 0.23 | I9: 0.42 | J9: 0.59 | K9: 0.047 | L9: 0.011 | M9: 0.048
A10: JUL | B10: 0.074479167 | C10: 0.068168689 | D10: 5270 | E10: 5080 | F10: 0.21 | G10: 0.16 | H10: 0.63 | I10: 0.4 | J10: 0.67 | K10: 0.043 | L10: 0.015 | M10: 0.038
A11: AUG | B11: 0.0596875 | C11: 0.077411901 | D11: 7150 | E11: 6080 | F11: 0.45 | G11: 0.3 | H11: 0.25 | I11: 0.43 | J11: 0.46 | K11: 0.037 | L11: 0.01 | M11: 0.053
A12: SEP | B12: 0.052395833 | C12: 0.094742923 | D12: 9620 | E12: 6496 | F12: 0.38 | G12: 0.27 | H12: 0.35 | I12: 0.5 | J12: 0.58 | K12: 0.042 | L12: 0.016 | M12: 0.034
A13: OCT | B13: 0.054895833 | C13: 0.10167533 | D13: 10970 | E13: 5752 | F13: 0.5 | G13: 0.37 | H13: 0.13 | I13: 0.74 | J13: 0.71 | K13: 0.044 | L13: 0.014 | M13: 0.041
A14: NOV | B14: 0.066458333 | C14: 0.097053726 | D14: 10270 | E14: 5200 | F14: 0.3 | G14: 0.34 | H14: 0.36 | I14: 0.58 | J14: 0.61 | K14: 0.033 | L14: 0.024 | M14: 0.033
A15: DEC | B15: 0.083333333 | C15: 0.086655113 | D15: 8000 | E15: 5640 | F15: 0.42 | G15: 0.12 | H15: 0.46 | I15: 0.67 | J15: 0.65 | K15: 0.042 | L15: 0.012 | M15: 0.05
A16: Grand Total | B16: 0.083333333 | C16: 0.083333333 | D16: 102560 | E16: 71704 | F16: 0.385 | G16: 0.24083333 | H16: 0.37416667 | I16: 0.5525 | J16: 0.63416667 | K16: 0.03975 | L16: 0.014916667 | M16: 0.0425
A20: Row Labels | B20: Average of CTR | C20: Average of CR | D20: Sum of Ads. Expenses | E20: Sum of Ads. Revenue | F20: Average of Watched Video | G20: Average of Button Click Rate | H20: Average of Did Not Convert | I20: Average of Chose Offer A | J20: Average of Chose Offer B | K20: Average of CR2 | L20: Average of Bounce Rate | M20: Average of CTR2
A21: JAN | B21: 0.083333333 | C21: 0.078567302 | D21: 8000 | E21: 6120 | F21: 0.45 | G21: 0.21 | H21: 0.34 | I21: 0.69 | J21: 0.61 | K21: 0.033 | L21: 0.015 | M21: 0.054
A22: FEB | B22: 0.10020833 | C22: 0.073367995 | D22: 10270 | E22: 7000 | F22: 0.48 | G22: 0.18 | H22: 0.34 | I22: 0.57 | J22: 0.71 | K22: 0.041 | L22: 0.016 | M22: 0.046
A23: MAR | B23: 0.11177083 | C23: 0.080300404 | D23: 10970 | E23: 7400 | F23: 0.32 | G23: 0.24 | H23: 0.44 | I23: 0.58 | J23: 0.59 | K23: 0.032 | L23: 0.014 | M23: 0.031
A24: APR | B24: 0.11427083 | C24: 0.089543616 | D24: 9620 | E24: 6680 | F24: 0.35 | G24: 0.21 | H24: 0.44 | I24: 0.44 | J24: 0.79 | K24: 0.044 | L24: 0.02 | M24: 0.042
A25: MAY | B25: 0.10697917 | C25: 0.083188908 | D25: 7150 | E25: 5440 | F25: 0.34 | G25: 0.14 | H25: 0.52 | I25: 0.61 | J25: 0.64 | K25: 0.039 | L25: 0.012 | M25: 0.04
A26: JUN | B26: 0.0921875 | C26: 0.06932409 | D26: 5270 | E26: 4816 | F26: 0.42 | G26: 0.35 | H26: 0.23 | I26: 0.42 | J26: 0.59 | K26: 0.047 | L26: 0.011 | M26: 0.048
A27: JUL | B27: 0.074479167 | C27: 0.068168689 | D27: 5270 | E27: 5080 | F27: 0.21 | G27: 0.16 | H27: 0.63 | I27: 0.4 | J27: 0.67 | K27: 0.043 | L27: 0.015 | M27: 0.038
A28: AUG | B28: 0.0596875 | C28: 0.077411901 | D28: 7150 | E28: 6080 | F28: 0.45 | G28: 0.3 | H28: 0.25 | I28: 0.43 | J28: 0.46 | K28: 0.037 | L28: 0.01 | M28: 0.053
A29: SEP | B29: 0.052395833 | C29: 0.094742923 | D29: 9620 | E29: 6496 | F29: 0.38 | G29: 0.27 | H29: 0.35 | I29: 0.5 | J29: 0.58 | K29: 0.042 | L29: 0.016 | M29: 0.034
A30: OCT | B30: 0.054895833 | C30: 0.10167533 | D30: 10970 | E30: 5752 | F30: 0.5 | G30: 0.37 | H30: 0.13 | I30: 0.74 | J30: 0.71 | K30: 0.044 | L30: 0.014 | M30: 0.041
A31: NOV | B31: 0.066458333 | C31: 0.097053726 | D31: 10270 | E31: 5200 | F31: 0.3 | G31: 0.34 | H31: 0.36 | I31: 0.58 | J31: 0.61 | K31: 0.033 | L31: 0.024 | M31: 0.033
A32: DEC | B32: 0.083333333 | C32: 0.086655113 | D32: 8000 | E32: 5640 | F32: 0.42 | G32: 0.12 | H32: 0.46 | I32: 0.67 | J32: 0.65 | K32: 0.042 | L32: 0.012 | M32: 0.05
A33: Grand Total | B33: 0.083333333 | C33: 0.083333333 | D33: 102560 | E33: 71704 | F33: 0.385 | G33: 0.24083333 | H33: 0.37416667 | I33: 0.5525 | J33: 0.63416667 | K33: 0.03975 | L33: 0.014916667 | M33: 0.0425

Sheet Data
C1: Click-Through Rate vs Conversion Rate | E1: Advertising Costs vs Returns | G1: User Behavior Breakdown After Ad Click | J1: Offer Selection | L1: Seasonal Benchmark for Current Month
A2: Year | B2: Month | C2: CTR | D2: CR | E2: Ads. Expenses | F2: Ads. Revenue | G2: Watched Video | H2: Button Click Rate | I2: Did Not Convert | J2: Chose Offer A | K2: Chose Offer B | L2: CR2 | M2: Bounce Rate | N2: CTR2
A3: 2025 | B3: JAN | C3: 0.06325721 | D3: 0.077971584 | E3: 9300 | F3: 7600 | G3: 0.21 | H3: 0.14 | I3: 0.65 | J3: 0.54 | K3: 0.68 | L3: 0.049 | M3: 0.006 | N3: 0.039
A4: 2025 | B4: FEB | C4: 0.08695186 | D4: 0.072311424 | E4: 9550 | F4: 6400 | G4: 0.43 | H4: 0.29 | I4: 0.28 | J4: 0.5 | K4: 0.67 | L4: 0.046 | M4: 0.016 | N4: 0.054
A5: 2025 | B5: MAR | C5: 0.09038276 | D5: 0.079357745 | E5: 10800 | F5: 4960 | G5: 0.3 | H5: 0.25 | I5: 0.45 | J5: 0.4 | K5: 0.8 | L5: 0.043 | M5: 0.017 | N5: 0.046
A6: 2025 | B6: APR | C6: 0.078481827 | D6: 0.090793577 | E6: 11350 | F6: 4000 | G6: 0.4 | H6: 0.23 | I6: 0.37 | J6: 0.69 | K6: 0.71 | L6: 0.039 | M6: 0.008 | N6: 0.04
A7: 2025 | B7: MAY | C7: 0.061220114 | D7: 0.084902391 | E7: 9900 | F7: 5120 | G7: 0.58 | H7: 0.4 | I7: 0.02 | J7: 0.71 | K7: 0.8 | L7: 0.032 | M7: 0.009 | N7: 0.036
A8: 2025 | B8: JUN | C8: 0.048032594 | D8: 0.070925263 | E8: 5450 | F8: 6480 | G8: 0.43 | H8: 0.19 | I8: 0.38 | J8: 0.69 | K8: 0.77 | L8: 0.03 | M8: 0.021 | N8: 0.046
A9: 2025 | B9: JUL | C9: 0.055966549 | D9: 0.066997805 | E9: 4700 | F9: 7840 | G9: 0.52 | H9: 0.21 | I9: 0.27 | J9: 0.69 | K9: 0.67 | L9: 0.042 | M9: 0.017 | N9: 0.04
A10: 2025 | B10: AUG | C10: 0.1036775 | D10: 0.075892341 | E10: 5980 | F10: 8800 | G10: 0.35 | H10: 0.15 | I10: 0.5 | J10: 0.66 | K10: 0.7 | L10: 0.036 | M10: 0.021 | N10: 0.04
A11: 2025 | B11: SEP | C11: 0.11900933 | D11: 0.093450387 | E11: 7550 | F11: 8240 | G11: 0.34 | H11: 0.2 | I11: 0.46 | J11: 0.72 | K11: 0.47 | L11: 0.039 | M11: 0.021 | N11: 0.031
A12: 2025 | B12: OCT | C12: 0.11321968 | D12: 0.10373108 | E12: 8510 | F12: 6800 | G12: 0.59 | H12: 0.31 | I12: 0.1 | J12: 0.56 | K12: 0.59 | L12: 0.045 | M12: 0.005 | N12: 0.04
A13: 2025 | B13: NOV | C13: 0.08255602 | D13: 0.098186439 | E13: 8150 | F13: 5360 | G13: 0.45 | H13: 0.17 | I13: 0.38 | J13: 0.58 | K13: 0.51 | L13: 0.041 | M13: 0.025 | N13: 0.037
A14: 2025 | B14: DEC | C14: 0.097244559 | D14: 0.085479958 | E14: 6120 | F14: 4160 | G14: 0.3 | H14: 0.24 | I14: 0.46 | J14: 0.4 | K14: 0.46 | L14: 0.042 | M14: 0.021 | N14: 0.042
... A50: 2028 | B50: DEC | C50: 0.096875 | D50: 0.10976314 | E50: 5900 | F50: 5400 | G50: 0.34 | H50: 0.35 | I50: 0.31 | J50: 0.54 | K50: 0.58 | L50: 0.035 | M50: 0.02 | N50: 0.049

Sheet Resource
B1: #5F6885 | C1: 135 | E1: #E5EDF8
B2: #2A3144 | D2: 84 | E2: #DCE4F4
B4: #181B2C | E4: #F3F6FD
B5: #272C42
B7: #1AFFD5 | E7: #00c6bb
B8: #00E5BB
B10: #8F72FF
B11: #673FFF
B12: #4AA5FF
B13: #178BFF
B14: #F9F871
B15: #E34F10
B16: #5A6380 | E16: #A5ABBF
B18: #FF1492
B20: #9BFFEC
