Workbook
Name Slicer_Month: #N/A
Name Slicer_Year: #N/A

Sheet DASHBOARD

Sheet Client Structure

Sheet DASHBOARD Dark

Sheet Client Structure Dark

Sheet Processing
A1: Customer Activity | B1: Active Client Count | C1: Average Client Count | D1: Active Select | E1: Average Select | G1: New Clients | H1: Regular Clients | I1: Client Structure | J1: Total | K1: Select 1 | L1: Select 2 | M1: Indent | N1: Indent S | P1: Points of Sale | Q1: KPI | R1: Cost
A2: JAN | B2: =GETPIVOTDATA(""&B$1,Control!$A$20,"Month",""&$A2) -> 612 | C2: =GETPIVOTDATA(""&C$1,Control!$A$20,"Month",""&$A2) -> 520 | D2: =IFERROR(GETPIVOTDATA(""&B$1,Control!$A$3,"Month",""&$A2),NA()) -> 612 | E2: =IFERROR(GETPIVOTDATA(""&C$1,Control!$A$3,"Month",""&$A2),NA()) -> 520 | G2: =GETPIVOTDATA(""&G$1,Control!$A$20,"Month",""&$I2) -> 907 | H2: =GETPIVOTDATA(""&H$1,Control!$A$20,"Month",""&$I2) -> 740 | I2: JAN | J2: =G2+H2 -> 1647 | K2: =IF(ISNA(D2),D2,G2) -> 907 | L2: =IF(ISNA(E2),E2,H2) -> 740 | M2: =$M$14 -> 55.5 | N2: =IF(ISNA(E2),E2,M2) -> 55.5 | P2: Point 1 | Q2: =GETPIVOTDATA(LEFT(Q$1,1)&" "&$P2,Control!$A$3) -> 21331 | R2: =GETPIVOTDATA(LEFT(R$1,1)&" "&$P2,Control!$A$3) -> 33169
A3: FEB | B3: =GETPIVOTDATA(""&B$1,Control!$A$20,"Month",""&$A3) -> 815 | C3: =GETPIVOTDATA(""&C$1,Control!$A$20,"Month",""&$A3) -> 670 | D3: =IFERROR(GETPIVOTDATA(""&B$1,Control!$A$3,"Month",""&$A3),NA()) -> #N/A | E3: =IFERROR(GETPIVOTDATA(""&C$1,Control!$A$3,"Month",""&$A3),NA()) -> #N/A | G3: =GETPIVOTDATA(""&G$1,Control!$A$20,"Month",""&$I3) -> 770 | H3: =GETPIVOTDATA(""&H$1,Control!$A$20,"Month",""&$I3) -> 850 | I3: FEB | J3: =G3+H3 -> 1620 | K3: =IF(ISNA(D3),D3,G3) -> #N/A | L3: =IF(ISNA(E3),E3,H3) -> #N/A | M3: =$M$14 -> 55.5 | N3: =IF(ISNA(E3),E3,M3) -> #N/A | P3: Point 2 | Q3: =GETPIVOTDATA(LEFT(Q$1,1)&" "&$P3,Control!$A$3) -> 32190 | R3: =GETPIVOTDATA(LEFT(R$1,1)&" "&$P3,Control!$A$3) -> 23348
A4: MAR | B4: =GETPIVOTDATA(""&B$1,Control!$A$20,"Month",""&$A4) -> 851 | C4: =GETPIVOTDATA(""&C$1,Control!$A$20,"Month",""&$A4) -> 850 | D4: =IFERROR(GETPIVOTDATA(""&B$1,Control!$A$3,"Month",""&$A4),NA()) -> #N/A | E4: =IFERROR(GETPIVOTDATA(""&C$1,Control!$A$3,"Month",""&$A4),NA()) -> #N/A | G4: =GETPIVOTDATA(""&G$1,Control!$A$20,"Month",""&$I4) -> 1056 | H4: =GETPIVOTDATA(""&H$1,Control!$A$20,"Month",""&$I4) -> 898 | I4: MAR | J4: =G4+H4 -> 1954 | K4: =IF(ISNA(D4),D4,G4) -> #N/A | L4: =IF(ISNA(E4),E4,H4) -> #N/A | M4: =$M$14 -> 55.5 | N4: =IF(ISNA(E4),E4,M4) -> #N/A | P4: Point 3 | Q4: =GETPIVOTDATA(LEFT(Q$1,1)&" "&$P4,Control!$A$3) -> 34484 | R4: =GETPIVOTDATA(LEFT(R$1,1)&" "&$P4,Control!$A$3) -> 24244
A5: APR | B5: =GETPIVOTDATA(""&B$1,Control!$A$20,"Month",""&$A5) -> 755 | C5: =GETPIVOTDATA(""&C$1,Control!$A$20,"Month",""&$A5) -> 1030 | D5: =IFERROR(GETPIVOTDATA(""&B$1,Control!$A$3,"Month",""&$A5),NA()) -> #N/A | E5: =IFERROR(GETPIVOTDATA(""&C$1,Control!$A$3,"Month",""&$A5),NA()) -> #N/A | G5: =GETPIVOTDATA(""&G$1,Control!$A$20,"Month",""&$I5) -> 1110 | H5: =GETPIVOTDATA(""&H$1,Control!$A$20,"Month",""&$I5) -> 809 | I5: APR | J5: =G5+H5 -> 1919 | K5: =IF(ISNA(D5),D5,G5) -> #N/A | L5: =IF(ISNA(E5),E5,H5) -> #N/A | M5: =$M$14 -> 55.5 | N5: =IF(ISNA(E5),E5,M5) -> #N/A | P5: Point 4 | Q5: =GETPIVOTDATA(LEFT(Q$1,1)&" "&$P5,Control!$A$3) -> 39213 | R5: =GETPIVOTDATA(LEFT(R$1,1)&" "&$P5,Control!$A$3) -> 26367
A6: MAY | B6: =GETPIVOTDATA(""&B$1,Control!$A$20,"Month",""&$A6) -> 598 | C6: =GETPIVOTDATA(""&C$1,Control!$A$20,"Month",""&$A6) -> 1075 | D6: =IFERROR(GETPIVOTDATA(""&B$1,Control!$A$3,"Month",""&$A6),NA()) -> #N/A | E6: =IFERROR(GETPIVOTDATA(""&C$1,Control!$A$3,"Month",""&$A6),NA()) -> #N/A | G6: =GETPIVOTDATA(""&G$1,Control!$A$20,"Month",""&$I6) -> 967 | H6: =GETPIVOTDATA(""&H$1,Control!$A$20,"Month",""&$I6) -> 657 | I6: MAY | J6: =G6+H6 -> 1624 | K6: =IF(ISNA(D6),D6,G6) -> #N/A | L6: =IF(ISNA(E6),E6,H6) -> #N/A | M6: =$M$14 -> 55.5 | N6: =IF(ISNA(E6),E6,M6) -> #N/A | P6: Point 5 | Q6: =GETPIVOTDATA(LEFT(Q$1,1)&" "&$P6,Control!$A$3) -> 34138 | R6: =GETPIVOTDATA(LEFT(R$1,1)&" "&$P6,Control!$A$3) -> 30946
A7: JUN | B7: =GETPIVOTDATA(""&B$1,Control!$A$20,"Month",""&$A7) -> 470 | C7: =GETPIVOTDATA(""&C$1,Control!$A$20,"Month",""&$A7) -> 980 | D7: =IFERROR(GETPIVOTDATA(""&B$1,Control!$A$3,"Month",""&$A7),NA()) -> #N/A | E7: =IFERROR(GETPIVOTDATA(""&C$1,Control!$A$3,"Month",""&$A7),NA()) -> #N/A | G7: =GETPIVOTDATA(""&G$1,Control!$A$20,"Month",""&$I7) -> 522 | H7: =GETPIVOTDATA(""&H$1,Control!$A$20,"Month",""&$I7) -> 580 | I7: JUN | J7: =G7+H7 -> 1102 | K7: =IF(ISNA(D7),D7,G7) -> #N/A | L7: =IF(ISNA(E7),E7,H7) -> #N/A | M7: =$M$14 -> 55.5 | N7: =IF(ISNA(E7),E7,M7) -> #N/A
A8: JUL | B8: =GETPIVOTDATA(""&B$1,Control!$A$20,"Month",""&$A8) -> 545 | C8: =GETPIVOTDATA(""&C$1,Control!$A$20,"Month",""&$A8) -> 810 | D8: =IFERROR(GETPIVOTDATA(""&B$1,Control!$A$3,"Month",""&$A8),NA()) -> #N/A | E8: =IFERROR(GETPIVOTDATA(""&C$1,Control!$A$3,"Month",""&$A8),NA()) -> #N/A | G8: =GETPIVOTDATA(""&G$1,Control!$A$20,"Month",""&$I8) -> 448 | H8: =GETPIVOTDATA(""&H$1,Control!$A$20,"Month",""&$I8) -> 614 | I8: JUL | J8: =G8+H8 -> 1062 | K8: =IF(ISNA(D8),D8,G8) -> #N/A | L8: =IF(ISNA(E8),E8,H8) -> #N/A | M8: =$M$14 -> 55.5 | N8: =IF(ISNA(E8),E8,M8) -> #N/A
A9: AUG | B9: =GETPIVOTDATA(""&B$1,Control!$A$20,"Month",""&$A9) -> 990 | C9: =GETPIVOTDATA(""&C$1,Control!$A$20,"Month",""&$A9) -> 640 | D9: =IFERROR(GETPIVOTDATA(""&B$1,Control!$A$3,"Month",""&$A9),NA()) -> #N/A | E9: =IFERROR(GETPIVOTDATA(""&C$1,Control!$A$3,"Month",""&$A9),NA()) -> #N/A | G9: =GETPIVOTDATA(""&G$1,Control!$A$20,"Month",""&$I9) -> 571 | H9: =GETPIVOTDATA(""&H$1,Control!$A$20,"Month",""&$I9) -> 735 | I9: AUG | J9: =G9+H9 -> 1306 | K9: =IF(ISNA(D9),D9,G9) -> #N/A | L9: =IF(ISNA(E9),E9,H9) -> #N/A | M9: =$M$14 -> 55.5 | N9: =IF(ISNA(E9),E9,M9) -> #N/A | S9: X | T9: Y
A10: SEP | B10: =GETPIVOTDATA(""&B$1,Control!$A$20,"Month",""&$A10) -> 1135 | C10: =GETPIVOTDATA(""&C$1,Control!$A$20,"Month",""&$A10) -> 500 | D10: =IFERROR(GETPIVOTDATA(""&B$1,Control!$A$3,"Month",""&$A10),NA()) -> #N/A | E10: =IFERROR(GETPIVOTDATA(""&C$1,Control!$A$3,"Month",""&$A10),NA()) -> #N/A | G10: =GETPIVOTDATA(""&G$1,Control!$A$20,"Month",""&$I10) -> 732 | H10: =GETPIVOTDATA(""&H$1,Control!$A$20,"Month",""&$I10) -> 786 | I10: SEP | J10: =G10+H10 -> 1518 | K10: =IF(ISNA(D10),D10,G10) -> #N/A | L10: =IF(ISNA(E10),E10,H10) -> #N/A | M10: =$M$14 -> 55.5 | N10: =IF(ISNA(E10),E10,M10) -> #N/A | S10: 0.95 | T10: 0.95
A11: OCT | B11: =GETPIVOTDATA(""&B$1,Control!$A$20,"Month",""&$A11) -> 1080 | C11: =GETPIVOTDATA(""&C$1,Control!$A$20,"Month",""&$A11) -> 620 | D11: =IFERROR(GETPIVOTDATA(""&B$1,Control!$A$3,"Month",""&$A11),NA()) -> #N/A | E11: =IFERROR(GETPIVOTDATA(""&C$1,Control!$A$3,"Month",""&$A11),NA()) -> #N/A | G11: =GETPIVOTDATA(""&G$1,Control!$A$20,"Month",""&$I11) -> 843 | H11: =GETPIVOTDATA(""&H$1,Control!$A$20,"Month",""&$I11) -> 687 | I11: OCT | J11: =G11+H11 -> 1530 | K11: =IF(ISNA(D11),D11,G11) -> #N/A | L11: =IF(ISNA(E11),E11,H11) -> #N/A | M11: =$M$14 -> 55.5 | N11: =IF(ISNA(E11),E11,M11) -> #N/A | P11: Customer | Q11: =GETPIVOTDATA(""&P11,Control!$A$3) -> 0.1 | R11: =100%-Q11 -> 0.9 | S11: =SIN((Q11+8.3%)*2*PI())*$S$10 -> 0.86705701 | T11: =COS((R11-8.3%)*2*PI())*$T$10 -> 0.38821662
A12: NOV | B12: =GETPIVOTDATA(""&B$1,Control!$A$20,"Month",""&$A12) -> 955 | C12: =GETPIVOTDATA(""&C$1,Control!$A$20,"Month",""&$A12) -> 800 | D12: =IFERROR(GETPIVOTDATA(""&B$1,Control!$A$3,"Month",""&$A12),NA()) -> #N/A | E12: =IFERROR(GETPIVOTDATA(""&C$1,Control!$A$3,"Month",""&$A12),NA()) -> #N/A | G12: =GETPIVOTDATA(""&G$1,Control!$A$20,"Month",""&$I12) -> 811 | H12: =GETPIVOTDATA(""&H$1,Control!$A$20,"Month",""&$I12) -> 626 | I12: NOV | J12: =G12+H12 -> 1437 | K12: =IF(ISNA(D12),D12,G12) -> #N/A | L12: =IF(ISNA(E12),E12,H12) -> #N/A | M12: =$M$14 -> 55.5 | N12: =IF(ISNA(E12),E12,M12) -> #N/A | P12: Relationship | Q12: =GETPIVOTDATA(""&P12,Control!$A$3) -> 0.13 | R12: =100%-Q12 -> 0.87 | S12: =SIN((Q12+8.3%)*2*PI())*$S$10 -> 0.92444359 | T12: =COS((R12-8.3%)*2*PI())*$T$10 -> 0.21886996
A13: DEC | B13: =GETPIVOTDATA(""&B$1,Control!$A$20,"Month",""&$A13) -> 930 | C13: =GETPIVOTDATA(""&C$1,Control!$A$20,"Month",""&$A13) -> 950 | D13: =IFERROR(GETPIVOTDATA(""&B$1,Control!$A$3,"Month",""&$A13),NA()) -> #N/A | E13: =IFERROR(GETPIVOTDATA(""&C$1,Control!$A$3,"Month",""&$A13),NA()) -> #N/A | G13: =GETPIVOTDATA(""&G$1,Control!$A$20,"Month",""&$I13) -> 590 | H13: =GETPIVOTDATA(""&H$1,Control!$A$20,"Month",""&$I13) -> 675 | I13: DEC | J13: =G13+H13 -> 1265 | K13: =IF(ISNA(D13),D13,G13) -> #N/A | L13: =IF(ISNA(E13),E13,H13) -> #N/A | M13: =$M$14 -> 55.5 | N13: =IF(ISNA(E13),E13,M13) -> #N/A | P13: Management | Q13: =GETPIVOTDATA(""&P13,Control!$A$3) -> 0.08 | R13: =100%-Q13 -> 0.92 | S13: =SIN((Q13+8.3%)*2*PI())*$S$10 -> 0.81156356 | T13: =COS((R13-8.3%)*2*PI())*$T$10 -> 0.49382648
C14: Total | D14: {=SUM(IFERROR(D2:D13,0))} -> 612 | E14: {=SUM(IFERROR(E2:E13,0))} -> 520 | J14: Total | K14: {=SUM(IFERROR(K2:K13,0))} -> 907 | L14: {=SUM(IFERROR(L2:L13,0))} -> 740 | M14: =MAX(G2:H13)*5% -> 55.5

Sheet Control
A3: Row Labels | B3: Sum of Active Client Count | C3: Sum of Average Client Count | D3: Sum of New Clients | E3: Sum of Regular Clients | F3: Average of Customer | G3: Average of Relationship | H3: Average of Management | I3: Sum of K Point 1 | J3: Sum of K Point 2 | K3: Sum of K Point 3 | L3: Sum of K Point 4 | M3: Sum of K Point 5 | N3: Sum of C Point 1 | O3: Sum of C Point 2 | P3: Sum of C Point 3 | Q3: Sum of C Point 4 | R3: Sum of C Point 5
A4: JAN | B4: 612 | C4: 520 | D4: 907 | E4: 740 | F4: 0.1 | G4: 0.13 | H4: 0.08 | I4: 21331 | J4: 32190 | K4: 34484 | L4: 39213 | M4: 34138 | N4: 33169 | O4: 23348 | P4: 24244 | Q4: 26367 | R4: 30946
A5: Grand Total | B5: 612 | C5: 520 | D5: 907 | E5: 740 | F5: 0.1 | G5: 0.13 | H5: 0.08 | I5: 21331 | J5: 32190 | K5: 34484 | L5: 39213 | M5: 34138 | N5: 33169 | O5: 23348 | P5: 24244 | Q5: 26367 | R5: 30946
A20: Row Labels | B20: Sum of Active Client Count | C20: Sum of Average Client Count | D20: Sum of New Clients | E20: Sum of Regular Clients
A21: JAN | B21: 612 | C21: 520 | D21: 907 | E21: 740
A22: FEB | B22: 815 | C22: 670 | D22: 770 | E22: 850
A23: MAR | B23: 851 | C23: 850 | D23: 1056 | E23: 898
A24: APR | B24: 755 | C24: 1030 | D24: 1110 | E24: 809
A25: MAY | B25: 598 | C25: 1075 | D25: 967 | E25: 657
A26: JUN | B26: 470 | C26: 980 | D26: 522 | E26: 580
A27: JUL | B27: 545 | C27: 810 | D27: 448 | E27: 614
A28: AUG | B28: 990 | C28: 640 | D28: 571 | E28: 735
A29: SEP | B29: 1135 | C29: 500 | D29: 732 | E29: 786
A30: OCT | B30: 1080 | C30: 620 | D30: 843 | E30: 687
A31: NOV | B31: 955 | C31: 800 | D31: 811 | E31: 626
A32: DEC | B32: 930 | C32: 950 | D32: 590 | E32: 675
A33: Grand Total | B33: 9736 | C33: 9445 | D33: 9327 | E33: 8657

Sheet Data
J1: KPI | O1: Costs
A2: Year | B2: Month | C2: Active Client Count | D2: Average Client Count | E2: New Clients | F2: Regular Clients | G2: Customer | H2: Relationship | I2: Management | J2: K Point 1 | K2: K Point 2 | L2: K Point 3 | M2: K Point 4 | N2: K Point 5 | O2: C Point 1 | P2: C Point 2 | Q2: C Point 3 | R2: C Point 4 | S2: C Point 5
A3: 2025 | B3: JAN | C3: 590 | D3: 675 | E3: 930 | F3: 950 | G3: 0.06 | H3: 0.08 | I3: 0.07 | J3: 47096 | K3: 28182 | L3: 13507 | M3: 32366 | N3: 46241 | O3: 37321 | P3: 28729 | Q3: 20315 | R3: 29726 | S3: 39202
A4: 2025 | B4: FEB | C4: 811 | D4: 626 | E4: 955 | F4: 800 | G4: 0.15 | H4: 0.12 | I4: 0.18 | J4: 33425 | K4: 35068 | L4: 26642 | M4: 24449 | N4: 34073 | O4: 29349 | P4: 28895 | Q4: 23165 | R4: 26403 | S4: 34380
A5: 2025 | B5: MAR | C5: 843 | D5: 687 | E5: 1080 | F5: 620 | G5: 0.28 | H5: 0.25 | I5: 0.3 | J5: 31885 | K5: 16048 | L5: 29495 | M5: 41274 | N5: 31697 | O5: 27610 | P5: 21140 | Q5: 25957 | R5: 35532 | S5: 34006
A6: 2025 | B6: APR | C6: 732 | D6: 786 | E6: 1135 | F6: 500 | G6: 0.35 | H6: 0.38 | I6: 0.41 | J6: 22137 | K6: 23255 | L6: 38004 | M6: 36927 | N6: 22468 | O6: 22753 | P6: 21567 | Q6: 29541 | R6: 35391 | S6: 35639
A7: 2025 | B7: MAY | C7: 571 | D7: 735 | E7: 990 | F7: 640 | G7: 0.49 | H7: 0.52 | I7: 0.55 | J7: 24618 | K7: 25243 | L7: 35565 | M7: 35034 | N7: 26135 | O7: 21495 | P7: 26087 | Q7: 33496 | R7: 33233 | S7: 30826
A8: 2025 | B8: JUN | C8: 448 | D8: 614 | E8: 545 | F8: 810 | G8: 0.58 | H8: 0.61 | I8: 0.64 | J8: 30192 | K8: 35630 | L8: 34117 | M8: 25597 | N8: 23426 | O8: 21890 | P8: 31229 | Q8: 34093 | R8: 28849 | S8: 23972
A9: 2025 | B9: JUL | C9: 522 | D9: 580 | E9: 470 | F9: 980 | G9: 0.69 | H9: 0.72 | I9: 0.75 | J9: 35662 | K9: 44346 | L9: 36069 | M9: 17107 | N9: 19982 | O9: 24628 | P9: 37241 | Q9: 31466 | R9: 23634 | S9: 22879
A10: 2025 | B10: AUG | C10: 967 | D10: 657 | E10: 598 | F10: 1100 | G10: 0.78 | H10: 0.81 | I10: 0.84 | J10: 33610 | K10: 47170 | L10: 43682 | M10: 17055 | N10: 19915 | O10: 30652 | P10: 39310 | Q10: 28760 | R10: 21834 | S10: 22740
A11: 2025 | B11: SEP | C11: 1110 | D11: 809 | E11: 755 | F11: 1030 | G11: 0.85 | H11: 0.88 | I11: 0.9 | J11: 24123 | K11: 38184 | L11: 49500 | M11: 25194 | N11: 21174 | O11: 36033 | P11: 39496 | Q11: 23447 | R11: 20036 | S11: 25161
A12: 2025 | B12: OCT | C12: 1056 | D12: 898 | E12: 851 | F12: 850 | G12: 0.89 | H12: 0.91 | I12: 0.92 | J12: 19319 | K12: 26910 | L12: 47133 | M12: 38235 | N12: 27042 | O12: 35598 | P12: 34070 | Q12: 21694 | R12: 20990 | S12: 28479
A13: 2025 | B13: NOV | C13: 770 | D13: 850 | E13: 815 | F13: 670 | G13: 0.93 | H13: 0.94 | I13: 0.94 | J13: 20157 | K13: 21395 | L13: 37271 | M13: 43962 | N13: 32890 | O13: 31843 | P13: 26922 | Q13: 20419 | R13: 23808 | S13: 32786
A14: 2025 | B14: DEC | C14: 907 | D14: 740 | E14: 612 | F14: 520 | G14: 0.95 | H14: 0.95 | I14: 0.95 | J14: 26580 | K14: 20295 | L14: 24594 | M14: 40417 | N14: 39835 | O14: 27075 | P14: 23262 | Q14: 21889 | R14: 28863 | S14: 36582
... A50: 2028 | B50: DEC | C50: 930 | D50: 950 | E50: 590 | F50: 675 | G50: 0.95 | H50: 0.95 | I50: 0.95 | J50: 30878 | K50: 26284 | L50: 31862 | M50: 31846 | N50: 26150 | O50: 23325 | P50: 29676 | Q50: 35309 | R50: 33641 | S50: 24033

Sheet Resources
B1: #D6E7F1 | D1: #5A6380
B3: #D6F5D3 | D3: #103231
B4: #66D98E | D4: #00FFFF
B6: #E1D9FF | D6: #241B3F
B7: #B7A6FF | D7: #9980FF
B9: C3DCEB | D9: 252A3E
B13: EEF5F9 | D13: #1B1B21
