Workbook
Name axesXA: IF(ProcessingA!$H$2,ProcessingA!$I$37:$I$48,ProcessingA!$I$2:$I$32)
Name axesXM1: IF(ProcessingM1!$H$2,ProcessingM1!$I$37:$I$48,ProcessingM1!$I$2:$I$32)
Name axesXM2: IF(ProcessingM2!$H$2,ProcessingM2!$I$37:$I$48,ProcessingM2!$I$2:$I$32)
Name axesXM3: IF(ProcessingM3!$H$2,ProcessingM3!$I$37:$I$48,ProcessingM3!$I$2:$I$32)
Name axesXM4: IF(ProcessingM4!$H$2,ProcessingM4!$I$37:$I$48,ProcessingM4!$I$2:$I$32)
Name currentA: IF(ProcessingA!$H$2,ProcessingA!$K$37:$K$48,ProcessingA!$K$2:$K$32)
Name currentM1: IF(ProcessingM1!$H$2,ProcessingM1!$K$37:$K$48,ProcessingM1!$K$2:$K$32)
Name currentM2: IF(ProcessingM2!$H$2,ProcessingM2!$K$37:$K$48,ProcessingM2!$K$2:$K$32)
Name currentM3: IF(ProcessingM3!$H$2,ProcessingM3!$K$37:$K$48,ProcessingM3!$K$2:$K$32)
Name currentM4: IF(ProcessingM4!$H$2,ProcessingM4!$K$37:$K$48,ProcessingM4!$K$2:$K$32)
Name DatabaseA: DataA!$A$2:$BO$1614
Name DatabaseM1: DataM1!$A$2:$BN$405
Name DatabaseM2: DataM2!$A$2:$BN$405
Name DatabaseM3: DataM3!$A$2:$BN$405
Name DatabaseM4: DataM4!$A$2:$BN$405
Name LoginA: CHOOSE(Passwords!$G$6,'M1'!$C$5,'M2'!$C$5,'M3'!$C$5,'M4'!$C$5,A!$C$5,LOGOUT!$C$5)
Name LoginLOGOUT: CHOOSE(Passwords!$G$7,'M1'!$C$5,'M2'!$C$5,'M3'!$C$5,'M4'!$C$5,A!$C$5,LOGOUT!$C$5)
Name LoginM1: CHOOSE(Passwords!$G$2,'M1'!$C$5,'M2'!$C$5,'M3'!$C$5,'M4'!$C$5,A!$C$5,LOGOUT!$C$5)
Name LoginM2: CHOOSE(Passwords!$G$3,'M1'!$C$5,'M2'!$C$5,'M3'!$C$5,'M4'!$C$5,A!$C$5,LOGOUT!$C$5)
Name LoginM3: CHOOSE(Passwords!$G$4,'M1'!$C$5,'M2'!$C$5,'M3'!$C$5,'M4'!$C$5,A!$C$5,LOGOUT!$C$5)
Name LoginM4: CHOOSE(Passwords!$G$5,'M1'!$C$5,'M2'!$C$5,'M3'!$C$5,'M4'!$C$5,A!$C$5,LOGOUT!$C$5)
Name salesA: IF(ProcessingA!$H$2,ProcessingA!$J$37:$J$48,ProcessingA!$J$2:$J$32)
Name salesM1: IF(ProcessingM1!$H$2,ProcessingM1!$J$37:$J$48,ProcessingM1!$J$2:$J$32)
Name salesM2: IF(ProcessingM2!$H$2,ProcessingM2!$J$37:$J$48,ProcessingM2!$J$2:$J$32)
Name salesM3: IF(ProcessingM3!$H$2,ProcessingM3!$J$37:$J$48,ProcessingM3!$J$2:$J$32)
Name salesM4: IF(ProcessingM4!$H$2,ProcessingM4!$J$37:$J$48,ProcessingM4!$J$2:$J$32)
Name seasonA: IF(ProcessingA!$H$2,ProcessingA!$M$37:$M$48,ProcessingA!$M$2:$M$32)
Name seasonM1: IF(ProcessingM1!$H$2,ProcessingM1!$M$37:$M$48,ProcessingM1!$M$2:$M$32)
Name seasonM2: IF(ProcessingM2!$H$2,ProcessingM2!$M$37:$M$48,ProcessingM2!$M$2:$M$32)
Name seasonM3: IF(ProcessingM3!$H$2,ProcessingM3!$M$37:$M$48,ProcessingM3!$M$2:$M$32)
Name seasonM4: IF(ProcessingM4!$H$2,ProcessingM4!$M$37:$M$48,ProcessingM4!$M$2:$M$32)
Name Slicer_Day: #N/A
Name Slicer_Day1: #N/A
Name Slicer_Day11: #N/A
Name Slicer_Day2: #N/A
Name Slicer_DayA: #N/A
Name Slicer_Manager: #N/A
Name Slicer_Month: #N/A
Name Slicer_Month1: #N/A
Name Slicer_Month11: #N/A
Name Slicer_Month2: #N/A
Name Slicer_MonthA: #N/A

Sheet LOGOUT
C6: Email
C7: alex19XX@gmail.com
C8: Password
C9: a12345

Sheet A
C6: Email
C7: markmanager2-19XX@gmail.com
C8: Password
C9: Mmanag-2

Sheet M1
C6: Email
C7: markmanager2-19XX@gmail.com
C8: Password
C9: e12345

Sheet M2
C6: Email
C7: alex19XX@gmail.com
C8: Password
C9: a12345

Sheet M3
C6: Email
C7: admin
C8: Password
C9: Mmanag-2

Sheet M4
C6: Email
C7: admin
C8: Password
C9: admin

Sheet DataA
O1: ADP | U1: CRM | AA1: Credit Card | AK1: Bank Account | AU1: Cash | BE1: Bitcoin
A2: Date | B2: Month | C2: Day | D2: Sales | E2: Credit Card | F2: Bank Account | G2: Cash | H2: Bitcoin | I2: Seasonal Days | J2: CAC | K2: ROI | L2: CPA | M2: EPC | N2: APR | O2: StrategyA | P2: TestingA | Q2: DevelopmentA | R2: ResearchA | S2: DesignA | T2: SMMA | U2: StrategyC | V2: TestingC | W2: DevelopmentC | X2: ResearchC | Y2: DesignC | Z2: SMMC | AA2: NEW YORK-CC | AB2: NASHVILLE-CC | AC2: CHICAGO-CC | AD2: DALLAS-CC | AE2: DENVER-CC | AF2: LOS ANGELES-CC | AG2: SAN FRANCISCO-CC | AH2: SEATTLE-CC | AI2: MIAMI-CC | AJ2: SAINT AUGUSTINE-CC | AK2: NEW YORK-BA | AL2: NASHVILLE-BA | AM2: CHICAGO-BA | AN2: DALLAS-BA | AO2: DENVER-BA | AP2: LOS ANGELES-BA | AQ2: SAN FRANCISCO-BA | AR2: SEATTLE-BA | AS2: MIAMI-BA | AT2: SAINT AUGUSTINE-BA | AU2: NEW YORK-C | AV2: NASHVILLE-C | AW2: CHICAGO-C | AX2: DALLAS-C | AY2: DENVER-C | AZ2: LOS ANGELES-C | BA2: SAN FRANCISCO-C | BB2: SEATTLE-C | BC2: MIAMI-C | BD2: SAINT AUGUSTINE-C | BE2: NEW YORK-B | BF2: NASHVILLE-B | BG2: CHICAGO-B | BH2: DALLAS-B | BI2: DENVER-B | BJ2: LOS ANGELES-B | BK2: SAN FRANCISCO-B | BL2: SEATTLE-B | BM2: MIAMI-B | BN2: SAINT AUGUSTINE-B | BO2: Manager
A3: 44927 | B3: JANUARY | C3: 1 | D3: =SUM(E3:H3) -> 427.9 | E3: =SUM(BE3:BN3) -> 144.1 | F3: =SUM(AA3:AJ3) -> 122.1 | G3: =SUM(AU3:BD3) -> 56.1 | H3: =SUM(AL3:AT3) -> 105.6 | I3: 1 | J3: 0.429 | K3: 0.759 | L3: 0.88 | M3: 0.88 | N3: 1.045 | O3: 1.045 | P3: 0.825 | Q3: 0.682 | R3: 0.946 | S3: 1.056 | T3: 1.045 | U3: 0.99 | V3: 0.539 | W3: 1.001 | X3: 0.319 | Y3: 0.275 | Z3: 1.023 | AA3: 4.4 | AB3: 3.3 | AC3: 0 | AD3: 11 | AE3: 7.7 | AF3: 19.8 | AG3: 30.8 | AH3: 0 | AI3: 38.5 | AJ3: 6.6 | AK3: 0 | AL3: 0 | AM3: 15.4 | AN3: 7.7 | AO3: 0 | AP3: 22 | AQ3: 1.1 | AR3: 38.5 | AS3: 19.8 | AT3: 1.1 | AU3: 0 | AV3: 14.3 | AW3: 0 | AX3: 11 | AY3: 4.4 | AZ3: 0 | BA3: 1.1 | BB3: 0 | BC3: 13.2 | BD3: 12.1 | BE3: 0 | BF3: 20.9 | BG3: 3.3 | BH3: 13.2 | BI3: 11 | BJ3: 37.4 | BK3: 0 | BL3: 33 | BM3: 15.4 | BN3: 9.9 | BO3: Alex
A4: 44928 | B4: JANUARY | C4: 2 | D4: =SUM(E4:H4) -> 624.8 | E4: =SUM(BE4:BN4) -> 174.9 | F4: =SUM(AA4:AJ4) -> 198 | G4: =SUM(AU4:BD4) -> 104.5 | H4: =SUM(AL4:AT4) -> 147.4 | I4: 0 | J4: 1.012 | K4: 0.66 | L4: 0.847 | M4: 0.77 | N4: 0.55 | O4: 0.77 | P4: 0.792 | Q4: 1.001 | R4: 0.99 | S4: 0.616 | T4: 0.759 | U4: 0.957 | V4: 0.473 | W4: 0.495 | X4: 0.88 | Y4: 0.979 | Z4: 1.023 | AA4: 23.1 | AB4: 18.7 | AC4: 0 | AD4: 35.2 | AE4: 11 | AF4: 59.4 | AG4: 0 | AH4: 2.2 | AI4: 9.9 | AJ4: 38.5 | AK4: 9.9 | AL4: 37.4 | AM4: 33 | AN4: 7.7 | AO4: 17.6 | AP4: 0 | AQ4: 0 | AR4: 11 | AS4: 17.6 | AT4: 23.1 | AU4: 0 | AV4: 37.4 | AW4: 39.6 | AX4: 0 | AY4: 0 | AZ4: 18.7 | BA4: 5.5 | BB4: 0 | BC4: 3.3 | BD4: 0 | BE4: 1.1 | BF4: 12.1 | BG4: 4.4 | BH4: 22 | BI4: 16.5 | BJ4: 4.4 | BK4: 40.7 | BL4: 23.1 | BM4: 23.1 | BN4: 27.5 | BO4: Alex
A5: 44929 | B5: JANUARY | C5: 3 | D5: =SUM(E5:H5) -> 512.6 | E5: =SUM(BE5:BN5) -> 104.5 | F5: =SUM(AA5:AJ5) -> 129.8 | G5: =SUM(AU5:BD5) -> 166.1 | H5: =SUM(AL5:AT5) -> 112.2 | I5: 0 | J5: 1.034 | K5: 0.792 | L5: 0.737 | M5: 0.253 | N5: 0.902 | O5: 0.979 | P5: 0.979 | Q5: 0.737 | R5: 0.616 | S5: 0.825 | T5: 0.671 | U5: 1.089 | V5: 0.99 | W5: 0.44 | X5: 0.473 | Y5: 0.825 | Z5: 1.034 | AA5: 14.3 | AB5: 27.5 | AC5: 16.5 | AD5: 0 | AE5: 39.6 | AF5: 0 | AG5: 19.8 | AH5: 5.5 | AI5: 6.6 | AJ5: 0 | AK5: 33 | AL5: 1.1 | AM5: 0 | AN5: 0 | AO5: 0 | AP5: 16.5 | AQ5: 7.7 | AR5: 28.6 | AS5: 35.2 | AT5: 23.1 | AU5: 0 | AV5: 3.3 | AW5: 0 | AX5: 6.6 | AY5: 50.6 | AZ5: 19.8 | BA5: 17.6 | BB5: 0 | BC5: 23.1 | BD5: 45.1 | BE5: 22 | BF5: 3.3 | BG5: 13.2 | BH5: 9.9 | BI5: 6.6 | BJ5: 2.2 | BK5: 9.9 | BL5: 0 | BM5: 3.3 | BN5: 34.1 | BO5: Alex
A6: 44930 | B6: JANUARY | C6: 4 | D6: =SUM(E6:H6) -> 495 | E6: =SUM(BE6:BN6) -> 88 | F6: =SUM(AA6:AJ6) -> 152.9 | G6: =SUM(AU6:BD6) -> 198 | H6: =SUM(AL6:AT6) -> 56.1 | I6: 0 | J6: 0.319 | K6: 0.605 | L6: 0.561 | M6: 1.034 | N6: 1.023 | O6: 0.726 | P6: 0.66 | Q6: 0.77 | R6: 0.88 | S6: 0.814 | T6: 0.836 | U6: 0.748 | V6: 0.99 | W6: 0.638 | X6: 0.968 | Y6: 1.056 | Z6: 1.034 | AA6: 0 | AB6: 16.5 | AC6: 0 | AD6: 0 | AE6: 3.3 | AF6: 6.6 | AG6: 39.6 | AH6: 33 | AI6: 7.7 | AJ6: 46.2 | AK6: 3.3 | AL6: 0 | AM6: 11 | AN6: 0 | AO6: 0 | AP6: 0 | AQ6: 22 | AR6: 12.1 | AS6: 2.2 | AT6: 8.8 | AU6: 8.8 | AV6: 25.3 | AW6: 40.7 | AX6: 1.1 | AY6: 12.1 | AZ6: 5.5 | BA6: 44 | BB6: 11 | BC6: 45.1 | BD6: 4.4 | BE6: 11 | BF6: 4.4 | BG6: 31.9 | BH6: 0 | BI6: 4.4 | BJ6: 22 | BK6: 4.4 | BL6: 0 | BM6: 9.9 | BN6: 0 | BO6: Alex
A7: 44931 | B7: JANUARY | C7: 5 | D7: =SUM(E7:H7) -> 405.9 | E7: =SUM(BE7:BN7) -> 122.1 | F7: =SUM(AA7:AJ7) -> 136.4 | G7: =SUM(AU7:BD7) -> 107.8 | H7: =SUM(AL7:AT7) -> 39.6 | I7: 0 | J7: 0.253 | K7: 0.594 | L7: 0.825 | M7: 1.067 | N7: 1.023 | O7: 0.814 | P7: 0.11 | Q7: 0.748 | R7: 0.792 | S7: 0.715 | T7: 0.66 | U7: 0.341 | V7: 1.1 | W7: 1.045 | X7: 0.286 | Y7: 1.023 | Z7: 0.407 | AA7: 0 | AB7: 26.4 | AC7: 15.4 | AD7: 23.1 | AE7: 0 | AF7: 4.4 | AG7: 44 | AH7: 0 | AI7: 6.6 | AJ7: 16.5 | AK7: 0 | AL7: 0 | AM7: 0 | AN7: 17.6 | AO7: 0 | AP7: 0 | AQ7: 3.3 | AR7: 14.3 | AS7: 0 | AT7: 4.4 | AU7: 4.4 | AV7: 0 | AW7: 23.1 | AX7: 19.8 | AY7: 0 | AZ7: 15.4 | BA7: 0 | BB7: 16.5 | BC7: 0 | BD7: 28.6 | BE7: 27.5 | BF7: 1.1 | BG7: 14.3 | BH7: 14.3 | BI7: 0 | BJ7: 26.4 | BK7: 24.2 | BL7: 0 | BM7: 13.2 | BN7: 1.1 | BO7: Alex
A8: 44932 | B8: JANUARY | C8: 6 | D8: =SUM(E8:H8) -> 543.4 | E8: =SUM(BE8:BN8) -> 88 | F8: =SUM(AA8:AJ8) -> 125.4 | G8: =SUM(AU8:BD8) -> 188.1 | H8: =SUM(AL8:AT8) -> 141.9 | I8: 0 | J8: 0.649 | K8: 0.99 | L8: 0.825 | M8: 0.88 | N8: 0.957 | O8: 0.737 | P8: 0.726 | Q8: 0.792 | R8: 0.946 | S8: 0.792 | T8: 0.858 | U8: 0.165 | V8: 1.1 | W8: 0.33 | X8: 0.616 | Y8: 1.067 | Z8: 0.616 | AA8: 45.1 | AB8: 17.6 | AC8: 17.6 | AD8: 11 | AE8: 19.8 | AF8: 0 | AG8: 2.2 | AH8: 0 | AI8: 2.2 | AJ8: 9.9 | AK8: 47.3 | AL8: 31.9 | AM8: 0 | AN8: 0 | AO8: 0 | AP8: 30.8 | AQ8: 24.2 | AR8: 12.1 | AS8: 17.6 | AT8: 25.3 | AU8: 17.6 | AV8: 7.7 | AW8: 44 | AX8: 24.2 | AY8: 1.1 | AZ8: 4.4 | BA8: 6.6 | BB8: 48.4 | BC8: 34.1 | BD8: 0 | BE8: 11 | BF8: 8.8 | BG8: 0 | BH8: 0 | BI8: 15.4 | BJ8: 23.1 | BK8: 0 | BL8: 11 | BM8: 6.6 | BN8: 12.1 | BO8: Alex
A9: 44933 | B9: JANUARY | C9: 7 | D9: =SUM(E9:H9) -> 596.2 | E9: =SUM(BE9:BN9) -> 201.3 | F9: =SUM(AA9:AJ9) -> 114.4 | G9: =SUM(AU9:BD9) -> 179.3 | H9: =SUM(AL9:AT9) -> 101.2 | I9: 0 | J9: 0.682 | K9: 0.594 | L9: 0.22 | M9: 0.902 | N9: 1.012 | O9: 1.1 | P9: 0.605 | Q9: 0.935 | R9: 0.55 | S9: 0.66 | T9: 1.155 | U9: 1.056 | V9: 0.572 | W9: 0.803 | X9: 1.023 | Y9: 0.924 | Z9: 0.891 | AA9: 27.5 | AB9: 0 | AC9: 50.6 | AD9: 9.9 | AE9: 13.2 | AF9: 8.8 | AG9: 0 | AH9: 0 | AI9: 0 | AJ9: 4.4 | AK9: 59.4 | AL9: 1.1 | AM9: 5.5 | AN9: 3.3 | AO9: 26.4 | AP9: 39.6 | AQ9: 0 | AR9: 0 | AS9: 4.4 | AT9: 20.9 | AU9: 0 | AV9: 24.2 | AW9: 31.9 | AX9: 0 | AY9: 35.2 | AZ9: 0 | BA9: 26.4 | BB9: 1.1 | BC9: 36.3 | BD9: 24.2 | BE9: 23.1 | BF9: 4.4 | BG9: 2.2 | BH9: 0 | BI9: 28.6 | BJ9: 23.1 | BK9: 29.7 | BL9: 35.2 | BM9: 22 | BN9: 33 | BO9: Alex
A10: 44934 | B10: JANUARY | C10: 8 | D10: =SUM(E10:H10) -> 570.9 | E10: =SUM(BE10:BN10) -> 118.8 | F10: =SUM(AA10:AJ10) -> 125.4 | G10: =SUM(AU10:BD10) -> 204.6 | H10: =SUM(AL10:AT10) -> 122.1 | I10: 0 | J10: 0.836 | K10: 0.726 | L10: 0.935 | M10: 0.913 | N10: 0.748 | O10: 0.66 | P10: 0.825 | Q10: 0.66 | R10: 0.825 | S10: 0.528 | T10: 0.748 | U10: 0.418 | V10: 0.627 | W10: 0.451 | X10: 1.1 | Y10: 1.078 | Z10: 0.165 | AA10: 11 | AB10: 7.7 | AC10: 0 | AD10: 5.5 | AE10: 9.9 | AF10: 56.1 | AG10: 5.5 | AH10: 0 | AI10: 29.7 | AJ10: 0 | AK10: 13.2 | AL10: 0 | AM10: 0 | AN10: 0 | AO10: 14.3 | AP10: 0 | AQ10: 17.6 | AR10: 47.3 | AS10: 42.9 | AT10: 0 | AU10: 11 | AV10: 41.8 | AW10: 0 | AX10: 7.7 | AY10: 22 | AZ10: 26.4 | BA10: 42.9 | BB10: 37.4 | BC10: 15.4 | BD10: 0 | BE10: 0 | BF10: 3.3 | BG10: 31.9 | BH10: 14.3 | BI10: 13.2 | BJ10: 29.7 | BK10: 15.4 | BL10: 11 | BM10: 0 | BN10: 0 | BO10: Alex
A11: 44935 | B11: JANUARY | C11: 9 | D11: =SUM(E11:H11) -> 535.7 | E11: =SUM(BE11:BN11) -> 118.8 | F11: =SUM(AA11:AJ11) -> 139.7 | G11: =SUM(AU11:BD11) -> 144.1 | H11: =SUM(AL11:AT11) -> 133.1 | I11: 0 | J11: 0.297 | K11: 0.704 | L11: 0.869 | M11: 0.946 | N11: 1.023 | O11: 0.99 | P11: 0.781 | Q11: 0.638 | R11: 0.759 | S11: 0.781 | T11: 0.759 | U11: 0.616 | V11: 1.067 | W11: 1.001 | X11: 0.682 | Y11: 0.396 | Z11: 1.067 | AA11: 0 | AB11: 14.3 | AC11: 7.7 | AD11: 3.3 | AE11: 3.3 | AF11: 0 | AG11: 23.1 | AH11: 23.1 | AI11: 39.6 | AJ11: 25.3 | AK11: 29.7 | AL11: 0 | AM11: 18.7 | AN11: 34.1 | AO11: 0 | AP11: 6.6 | AQ11: 31.9 | AR11: 0 | AS11: 18.7 | AT11: 23.1 | AU11: 59.4 | AV11: 8.8 | AW11: 9.9 | AX11: 4.4 | AY11: 17.6 | AZ11: 9.9 | BA11: 0 | BB11: 13.2 | BC11: 18.7 | BD11: 2.2 | BE11: 9.9 | BF11: 16.5 | BG11: 5.5 | BH11: 17.6 | BI11: 57.2 | BJ11: 3.3 | BK11: 0 | BL11: 1.1 | BM11: 7.7 | BN11: 0 | BO11: Alex
A12: 44936 | B12: JANUARY | C12: 10 | D12: =SUM(E12:H12) -> 381.7 | E12: =SUM(BE12:BN12) -> 110 | F12: =SUM(AA12:AJ12) -> 113.3 | G12: =SUM(AU12:BD12) -> 71.5 | H12: =SUM(AL12:AT12) -> 86.9 | I12: 0 | J12: 0.528 | K12: 0.99 | L12: 0.792 | M12: 0.88 | N12: 1.089 | O12: 1.001 | P12: 1.089 | Q12: 0.803 | R12: 0.957 | S12: 0.693 | T12: 0.979 | U12: 0.891 | V12: 0.924 | W12: 0.99 | X12: 0.946 | Y12: 1.012 | Z12: 1.001 | AA12: 0 | AB12: 0 | AC12: 38.5 | AD12: 0 | AE12: 2.2 | AF12: 26.4 | AG12: 17.6 | AH12: 0 | AI12: 15.4 | AJ12: 13.2 | AK12: 22 | AL12: 29.7 | AM12: 14.3 | AN12: 3.3 | AO12: 8.8 | AP12: 1.1 | AQ12: 0 | AR12: 20.9 | AS12: 8.8 | AT12: 0 | AU12: 13.2 | AV12: 7.7 | AW12: 7.7 | AX12: 0 | AY12: 0 | AZ12: 0 | BA12: 0 | BB12: 34.1 | BC12: 8.8 | BD12: 0 | BE12: 4.4 | BF12: 26.4 | BG12: 0 | BH12: 30.8 | BI12: 11 | BJ12: 23.1 | BK12: 0 | BL12: 0 | BM12: 7.7 | BN12: 6.6 | BO12: Alex
A13: 44937 | B13: JANUARY | C13: 11 | D13: =SUM(E13:H13) -> 570.9 | E13: =SUM(BE13:BN13) -> 232.1 | F13: =SUM(AA13:AJ13) -> 121 | G13: =SUM(AU13:BD13) -> 141.9 | H13: =SUM(AL13:AT13) -> 75.9 | I13: 0 | J13: 0.55 | K13: 0.847 | L13: 0.825 | M13: 0.902 | N13: 0.99 | O13: 0.77 | P13: 0.858 | Q13: 0.605 | R13: 0.781 | S13: 0.825 | T13: 1.012 | U13: 0.451 | V13: 0.462 | W13: 0.968 | X13: 0.286 | Y13: 0.407 | Z13: 0.66 | AA13: 12.1 | AB13: 22 | AC13: 0 | AD13: 0 | AE13: 13.2 | AF13: 34.1 | AG13: 4.4 | AH13: 0 | AI13: 35.2 | AJ13: 0 | AK13: 4.4 | AL13: 0 | AM13: 27.5 | AN13: 0 | AO13: 5.5 | AP13: 6.6 | AQ13: 2.2 | AR13: 34.1 | AS13: 0 | AT13: 0 | AU13: 33 | AV13: 29.7 | AW13: 3.3 | AX13: 3.3 | AY13: 11 | AZ13: 0 | BA13: 20.9 | BB13: 0 | BC13: 30.8 | BD13: 9.9 | BE13: 25.3 | BF13: 8.8 | BG13: 34.1 | BH13: 55 | BI13: 0 | BJ13: 5.5 | BK13: 22 | BL13: 0 | BM13: 45.1 | BN13: 36.3 | BO13: Alex
A14: 44938 | B14: JANUARY | C14: 12 | D14: =SUM(E14:H14) -> 674.3 | E14: =SUM(BE14:BN14) -> 180.4 | F14: =SUM(AA14:AJ14) -> 158.4 | G14: =SUM(AU14:BD14) -> 215.6 | H14: =SUM(AL14:AT14) -> 119.9 | I14: 0 | J14: 0.528 | K14: 0.726 | L14: 1.001 | M14: 0.693 | N14: 0.22 | O14: 0.957 | P14: 0.88 | Q14: 1.067 | R14: 0.847 | S14: 0.539 | T14: 0.638 | U14: 0.825 | V14: 0.792 | W14: 0.99 | X14: 1.045 | Y14: 0.792 | Z14: 0.33 | AA14: 4.4 | AB14: 8.8 | AC14: 0 | AD14: 17.6 | AE14: 22 | AF14: 19.8 | AG14: 30.8 | AH14: 6.6 | AI14: 15.4 | AJ14: 33 | AK14: 37.4 | AL14: 14.3 | AM14: 6.6 | AN14: 18.7 | AO14: 0 | AP14: 6.6 | AQ14: 27.5 | AR14: 12.1 | AS14: 33 | AT14: 1.1 | AU14: 12.1 | AV14: 20.9 | AW14: 59.4 | AX14: 0 | AY14: 38.5 | AZ14: 8.8 | BA14: 6.6 | BB14: 4.4 | BC14: 28.6 | BD14: 36.3 | BE14: 12.1 | BF14: 0 | BG14: 18.7 | BH14: 7.7 | BI14: 22 | BJ14: 60.5 | BK14: 3.3 | BL14: 19.8 | BM14: 13.2 | BN14: 23.1 | BO14: Alex
... A33: 44957 | B33: JANUARY | C33: 31 | D33: =SUM(E33:H33) -> 430.1 | E33: =SUM(BE33:BN33) -> 101.2 | F33: =SUM(AA33:AJ33) -> 129.8 | G33: =SUM(AU33:BD33) -> 110 | H33: =SUM(AL33:AT33) -> 89.1 | I33: 0 | J33: 0.99 | K33: 1.023 | L33: 1.034 | M33: 0.726 | N33: 0.88 | O33: 0.66 | P33: 0.792 | Q33: 0.726 | R33: 1.023 | S33: 0.979 | T33: 0.638 | U33: 0.814 | V33: 0.605 | W33: 1.078 | X33: 1.045 | Y33: 1.089 | Z33: 0.627 | AA33: 0 | AB33: 33 | AC33: 5.5 | AD33: 15.4 | AE33: 16.5 | AF33: 5.5 | AG33: 38.5 | AH33: 0 | AI33: 1.1 | AJ33: 14.3 | AK33: 3.3 | AL33: 28.6 | AM33: 5.5 | AN33: 0 | AO33: 12.1 | AP33: 4.4 | AQ33: 12.1 | AR33: 17.6 | AS33: 8.8 | AT33: 0 | AU33: 4.4 | AV33: 18.7 | AW33: 2.2 | AX33: 1.1 | AY33: 45.1 | AZ33: 0 | BA33: 0 | BB33: 7.7 | BC33: 25.3 | BD33: 5.5 | BE33: 3.3 | BF33: 6.6 | BG33: 23.1 | BH33: 25.3 | BI33: 9.9 | BJ33: 22 | BK33: 6.6 | BL33: 0 | BM33: 4.4 | BN33: 0 | BO33: Alex
B34: FEBRUARY | C34: 1e-08 | D34: =SUM(E34:H34) -> 0 | E34: 0 | F34: 0 | G34: 0 | H34: 0 | I34: 0 | J34: 0 | K34: 0 | L34: 0 | M34: 0 | N34: 0 | O34: 0 | P34: 0 | Q34: 0 | R34: 0 | S34: 0 | T34: 0 | U34: 0 | V34: 0 | W34: 0 | X34: 0 | Y34: 0 | Z34: 0 | AA34: 0 | AB34: 0 | AC34: 0 | AD34: 0 | AE34: 0 | AF34: 0 | AG34: 0 | AH34: 0 | AI34: 0 | AJ34: 0 | AK34: 0 | AL34: 0 | AM34: 0 | AN34: 0 | AO34: 0 | AP34: 0 | AQ34: 0 | AR34: 0 | AS34: 0 | AT34: 0 | AU34: 0 | AV34: 0 | AW34: 0 | AX34: 0 | AY34: 0 | AZ34: 0 | BA34: 0 | BB34: 0 | BC34: 0 | BD34: 0 | BE34: 0 | BF34: 0 | BG34: 0 | BH34: 0 | BI34: 0 | BJ34: 0 | BK34: 0 | BL34: 0 | BM34: 0 | BN34: 0
B35: FEBRUARY | C35: 2e-08 | D35: =SUM(E35:H35) -> 0 | E35: 0 | F35: 0 | G35: 0 | H35: 0 | I35: 0 | J35: 0 | K35: 0 | L35: 0 | M35: 0 | N35: 0 | O35: 0 | P35: 0 | Q35: 0 | R35: 0 | S35: 0 | T35: 0 | U35: 0 | V35: 0 | W35: 0 | X35: 0 | Y35: 0 | Z35: 0 | AA35: 0 | AB35: 0 | AC35: 0 | AD35: 0 | AE35: 0 | AF35: 0 | AG35: 0 | AH35: 0 | AI35: 0 | AJ35: 0 | AK35: 0 | AL35: 0 | AM35: 0 | AN35: 0 | AO35: 0 | AP35: 0 | AQ35: 0 | AR35: 0 | AS35: 0 | AT35: 0 | AU35: 0 | AV35: 0 | AW35: 0 | AX35: 0 | AY35: 0 | AZ35: 0 | BA35: 0 | BB35: 0 | BC35: 0 | BD35: 0 | BE35: 0 | BF35: 0 | BG35: 0 | BH35: 0 | BI35: 0 | BJ35: 0 | BK35: 0 | BL35: 0 | BM35: 0 | BN35: 0
B36: FEBRUARY | C36: 3e-08 | D36: =SUM(E36:H36) -> 0 | E36: 0 | F36: 0 | G36: 0 | H36: 0 | I36: 0 | J36: 0 | K36: 0 | L36: 0 | M36: 0 | N36: 0 | O36: 0 | P36: 0 | Q36: 0 | R36: 0 | S36: 0 | T36: 0 | U36: 0 | V36: 0 | W36: 0 | X36: 0 | Y36: 0 | Z36: 0 | AA36: 0 | AB36: 0 | AC36: 0 | AD36: 0 | AE36: 0 | AF36: 0 | AG36: 0 | AH36: 0 | AI36: 0 | AJ36: 0 | AK36: 0 | AL36: 0 | AM36: 0 | AN36: 0 | AO36: 0 | AP36: 0 | AQ36: 0 | AR36: 0 | AS36: 0 | AT36: 0 | AU36: 0 | AV36: 0 | AW36: 0 | AX36: 0 | AY36: 0 | AZ36: 0 | BA36: 0 | BB36: 0 | BC36: 0 | BD36: 0 | BE36: 0 | BF36: 0 | BG36: 0 | BH36: 0 | BI36: 0 | BJ36: 0 | BK36: 0 | BL36: 0 | BM36: 0 | BN36: 0
A37: 44958 | B37: FEBRUARY | C37: 1 | D37: =SUM(E37:H37) -> 588.5 | E37: =SUM(BE37:BN37) -> 72.6 | F37: =SUM(AA37:AJ37) -> 121 | G37: =SUM(AU37:BD37) -> 146.3 | H37: =SUM(AL37:AT37) -> 248.6 | I37: 0 | J37: 0.198 | K37: 0.957 | L37: 0.88 | M37: 0.693 | N37: 1.078 | O37: 0.66 | P37: 0.792 | Q37: 0.748 | R37: 0.462 | S37: 0.517 | T37: 0.869 | U37: 0.979 | V37: 1.034 | W37: 0.88 | X37: 1.034 | Y37: 0.715 | Z37: 1.001 | AA37: 49.5 | AB37: 33 | AC37: 13.2 | AD37: 0 | AE37: 12.1 | AF37: 0 | AG37: 0 | AH37: 0 | AI37: 12.1 | AJ37: 1.1 | AK37: 47.3 | AL37: 48.4 | AM37: 47.3 | AN37: 36.3 | AO37: 0 | AP37: 53.9 | AQ37: 23.1 | AR37: 15.4 | AS37: 1.1 | AT37: 23.1 | AU37: 6.6 | AV37: 13.2 | AW37: 33 | AX37: 27.5 | AY37: 0 | AZ37: 8.8 | BA37: 1.1 | BB37: 2.2 | BC37: 14.3 | BD37: 39.6 | BE37: 5.5 | BF37: 0 | BG37: 3.3 | BH37: 0 | BI37: 3.3 | BJ37: 24.2 | BK37: 16.5 | BL37: 1.1 | BM37: 18.7 | BN37: 0 | BO37: Alex
A38: 44959 | B38: FEBRUARY | C38: 2 | D38: =SUM(E38:H38) -> 563.2 | E38: =SUM(BE38:BN38) -> 158.4 | F38: =SUM(AA38:AJ38) -> 144.1 | G38: =SUM(AU38:BD38) -> 101.2 | H38: =SUM(AL38:AT38) -> 159.5 | I38: 1 | J38: 0.517 | K38: 0.583 | L38: 0.99 | M38: 0.858 | N38: 0.748 | O38: 1.001 | P38: 0.726 | Q38: 0.935 | R38: 0.671 | S38: 0.704 | T38: 0.682 | U38: 0.473 | V38: 0.495 | W38: 0.814 | X38: 0.946 | Y38: 0.319 | Z38: 1.056 | AA38: 2.2 | AB38: 0 | AC38: 0 | AD38: 22 | AE38: 19.8 | AF38: 37.4 | AG38: 19.8 | AH38: 19.8 | AI38: 9.9 | AJ38: 13.2 | AK38: 37.4 | AL38: 13.2 | AM38: 17.6 | AN38: 24.2 | AO38: 3.3 | AP38: 36.3 | AQ38: 8.8 | AR38: 0 | AS38: 23.1 | AT38: 33 | AU38: 0 | AV38: 0 | AW38: 13.2 | AX38: 42.9 | AY38: 4.4 | AZ38: 0 | BA38: 12.1 | BB38: 0 | BC38: 5.5 | BD38: 23.1 | BE38: 3.3 | BF38: 46.2 | BG38: 24.2 | BH38: 0 | BI38: 1.1 | BJ38: 0 | BK38: 0 | BL38: 42.9 | BM38: 35.2 | BN38: 5.5 | BO38: Alex
A39: 44960 | B39: FEBRUARY | C39: 3 | D39: =SUM(E39:H39) -> 497.2 | E39: =SUM(BE39:BN39) -> 167.2 | F39: =SUM(AA39:AJ39) -> 173.8 | G39: =SUM(AU39:BD39) -> 68.2 | H39: =SUM(AL39:AT39) -> 88 | I39: 0 | J39: 0.605 | K39: 0.748 | L39: 0.781 | M39: 0.946 | N39: 0.737 | O39: 1.012 | P39: 0.66 | Q39: 0.451 | R39: 1.089 | S39: 1.023 | T39: 0.77 | U39: 1.1 | V39: 1.067 | W39: 1.001 | X39: 0.473 | Y39: 0.484 | Z39: 1.089 | AA39: 1.1 | AB39: 12.1 | AC39: 26.4 | AD39: 23.1 | AE39: 26.4 | AF39: 22 | AG39: 0 | AH39: 40.7 | AI39: 8.8 | AJ39: 13.2 | AK39: 2.2 | AL39: 8.8 | AM39: 0 | AN39: 3.3 | AO39: 17.6 | AP39: 0 | AQ39: 0 | AR39: 50.6 | AS39: 7.7 | AT39: 0 | AU39: 0 | AV39: 3.3 | AW39: 0 | AX39: 7.7 | AY39: 0 | AZ39: 0 | BA39: 30.8 | BB39: 0 | BC39: 26.4 | BD39: 0 | BE39: 8.8 | BF39: 0 | BG39: 37.4 | BH39: 17.6 | BI39: 0 | BJ39: 1.1 | BK39: 37.4 | BL39: 0 | BM39: 49.5 | BN39: 15.4 | BO39: Alex
A40: 44961 | B40: FEBRUARY | C40: 4 | D40: =SUM(E40:H40) -> 524.7 | E40: =SUM(BE40:BN40) -> 141.9 | F40: =SUM(AA40:AJ40) -> 117.7 | G40: =SUM(AU40:BD40) -> 152.9 | H40: =SUM(AL40:AT40) -> 112.2 | I40: 0 | J40: 0.473 | K40: 0.517 | L40: 0.957 | M40: 0.836 | N40: 1.023 | O40: 0.715 | P40: 0.803 | Q40: 0.704 | R40: 0.869 | S40: 0.902 | T40: 0.682 | U40: 0.374 | V40: 1.001 | W40: 0.869 | X40: 0.396 | Y40: 1.067 | Z40: 0.858 | AA40: 7.7 | AB40: 35.2 | AC40: 6.6 | AD40: 24.2 | AE40: 12.1 | AF40: 18.7 | AG40: 13.2 | AH40: 0 | AI40: 0 | AJ40: 0 | AK40: 4.4 | AL40: 9.9 | AM40: 52.8 | AN40: 27.5 | AO40: 9.9 | AP40: 12.1 | AQ40: 0 | AR40: 0 | AS40: 0 | AT40: 0 | AU40: 19.8 | AV40: 19.8 | AW40: 39.6 | AX40: 9.9 | AY40: 0 | AZ40: 5.5 | BA40: 7.7 | BB40: 11 | BC40: 33 | BD40: 6.6 | BE40: 1.1 | BF40: 4.4 | BG40: 19.8 | BH40: 39.6 | BI40: 0 | BJ40: 25.3 | BK40: 1.1 | BL40: 44 | BM40: 6.6 | BN40: 0 | BO40: Alex
A41: 44962 | B41: FEBRUARY | C41: 5 | D41: =SUM(E41:H41) -> 591.8 | E41: =SUM(BE41:BN41) -> 166.1 | F41: =SUM(AA41:AJ41) -> 103.4 | G41: =SUM(AU41:BD41) -> 205.7 | H41: =SUM(AL41:AT41) -> 116.6 | I41: 0 | J41: 0.759 | K41: 0.55 | L41: 0.385 | M41: 0.847 | N41: 0.44 | O41: 0.946 | P41: 0.286 | Q41: 1.034 | R41: 0.616 | S41: 0.792 | T41: 0.968 | U41: 0.495 | V41: 1.089 | W41: 0.858 | X41: 0.825 | Y41: 0.407 | Z41: 1.023 | AA41: 9.9 | AB41: 11 | AC41: 4.4 | AD41: 0 | AE41: 16.5 | AF41: 4.4 | AG41: 13.2 | AH41: 16.5 | AI41: 26.4 | AJ41: 1.1 | AK41: 7.7 | AL41: 9.9 | AM41: 0 | AN41: 0 | AO41: 2.2 | AP41: 18.7 | AQ41: 27.5 | AR41: 0 | AS41: 41.8 | AT41: 16.5 | AU41: 20.9 | AV41: 41.8 | AW41: 31.9 | AX41: 3.3 | AY41: 35.2 | AZ41: 0 | BA41: 0 | BB41: 15.4 | BC41: 6.6 | BD41: 50.6 | BE41: 24.2 | BF41: 15.4 | BG41: 3.3 | BH41: 13.2 | BI41: 22 | BJ41: 9.9 | BK41: 2.2 | BL41: 0 | BM41: 68.2 | BN41: 7.7 | BO41: Alex
A42: 44963 | B42: FEBRUARY | C42: 6 | D42: =SUM(E42:H42) -> 640.2 | E42: =SUM(BE42:BN42) -> 133.1 | F42: =SUM(AA42:AJ42) -> 227.7 | G42: =SUM(AU42:BD42) -> 161.7 | H42: =SUM(AL42:AT42) -> 117.7 | I42: 0 | J42: 0.231 | K42: 0.275 | L42: 0.792 | M42: 0.88 | N42: 1.056 | O42: 1.045 | P42: 0.363 | Q42: 0.638 | R42: 1.023 | S42: 0.671 | T42: 0.649 | U42: 0.649 | V42: 0.308 | W42: 0.462 | X42: 0.99 | Y42: 0.737 | Z42: 0.429 | AA42: 5.5 | AB42: 46.2 | AC42: 0 | AD42: 44 | AE42: 0 | AF42: 17.6 | AG42: 46.2 | AH42: 8.8 | AI42: 27.5 | AJ42: 31.9 | AK42: 16.5 | AL42: 0 | AM42: 4.4 | AN42: 44 | AO42: 22 | AP42: 16.5 | AQ42: 0 | AR42: 0 | AS42: 30.8 | AT42: 0 | AU42: 47.3 | AV42: 22 | AW42: 19.8 | AX42: 5.5 | AY42: 7.7 | AZ42: 0 | BA42: 2.2 | BB42: 50.6 | BC42: 3.3 | BD42: 3.3 | BE42: 0 | BF42: 17.6 | BG42: 2.2 | BH42: 44 | BI42: 4.4 | BJ42: 35.2 | BK42: 0 | BL42: 0 | BM42: 29.7 | BN42: 0 | BO42: Alex
A43: 44964 | B43: FEBRUARY | C43: 7 | D43: =SUM(E43:H43) -> 402.6 | E43: =SUM(BE43:BN43) -> 117.7 | F43: =SUM(AA43:AJ43) -> 61.6 | G43: =SUM(AU43:BD43) -> 122.1 | H43: =SUM(AL43:AT43) -> 101.2 | I43: 0 | J43: 0.781 | K43: 0.99 | L43: 1.089 | M43: 1.001 | N43: 1.067 | O43: 0.814 | P43: 0.77 | Q43: 1.089 | R43: 1.045 | S43: 0.781 | T43: 0.781 | U43: 0.715 | V43: 0.451 | W43: 0.99 | X43: 0.308 | Y43: 1.078 | Z43: 0.308 | AA43: 17.6 | AB43: 2.2 | AC43: 9.9 | AD43: 0 | AE43: 0 | AF43: 15.4 | AG43: 4.4 | AH43: 8.8 | AI43: 0 | AJ43: 3.3 | AK43: 5.5 | AL43: 8.8 | AM43: 0 | AN43: 0 | AO43: 9.9 | AP43: 5.5 | AQ43: 0 | AR43: 1.1 | AS43: 59.4 | AT43: 16.5 | AU43: 0 | AV43: 0 | AW43: 41.8 | AX43: 13.2 | AY43: 42.9 | AZ43: 6.6 | BA43: 0 | BB43: 0 | BC43: 2.2 | BD43: 15.4 | BE43: 11 | BF43: 24.2 | BG43: 38.5 | BH43: 11 | BI43: 0 | BJ43: 29.7 | BK43: 3.3 | BL43: 0 | BM43: 0 | BN43: 0 | BO43: Alex
A44: 44965 | B44: FEBRUARY | C44: 8 | D44: =SUM(E44:H44) -> 532.4 | E44: =SUM(BE44:BN44) -> 138.6 | F44: =SUM(AA44:AJ44) -> 181.5 | G44: =SUM(AU44:BD44) -> 190.3 | H44: =SUM(AL44:AT44) -> 22 | I44: 0 | J44: 0.528 | K44: 0.825 | L44: 0.814 | M44: 0.924 | N44: 0.275 | O44: 0.473 | P44: 0.957 | Q44: 0.671 | R44: 0.132 | S44: 0.693 | T44: 0.913 | U44: 0.88 | V44: 0.616 | W44: 0.99 | X44: 1.012 | Y44: 0.935 | Z44: 0.935 | AA44: 0 | AB44: 38.5 | AC44: 0 | AD44: 1.1 | AE44: 23.1 | AF44: 34.1 | AG44: 0 | AH44: 6.6 | AI44: 38.5 | AJ44: 39.6 | AK44: 1.1 | AL44: 0 | AM44: 0 | AN44: 0 | AO44: 5.5 | AP44: 0 | AQ44: 0 | AR44: 0 | AS44: 8.8 | AT44: 7.7 | AU44: 22 | AV44: 20.9 | AW44: 37.4 | AX44: 41.8 | AY44: 22 | AZ44: 0 | BA44: 5.5 | BB44: 40.7 | BC44: 0 | BD44: 0 | BE44: 11 | BF44: 3.3 | BG44: 0 | BH44: 46.2 | BI44: 4.4 | BJ44: 14.3 | BK44: 0 | BL44: 3.3 | BM44: 18.7 | BN44: 37.4 | BO44: Alex
A45: 44966 | B45: FEBRUARY | C45: 9 | D45: =SUM(E45:H45) -> 519.2 | E45: =SUM(BE45:BN45) -> 73.7 | F45: =SUM(AA45:AJ45) -> 172.7 | G45: =SUM(AU45:BD45) -> 147.4 | H45: =SUM(AL45:AT45) -> 125.4 | I45: 0 | J45: 0.275 | K45: 0.605 | L45: 0.814 | M45: 0.924 | N45: 0.99 | O45: 0.792 | P45: 0.671 | Q45: 0.847 | R45: 0.22 | S45: 0.11 | T45: 0.66 | U45: 0.649 | V45: 0.605 | W45: 1.034 | X45: 0.968 | Y45: 0.319 | Z45: 0.44 | AA45: 11 | AB45: 30.8 | AC45: 0 | AD45: 14.3 | AE45: 25.3 | AF45: 23.1 | AG45: 6.6 | AH45: 53.9 | AI45: 0 | AJ45: 7.7 | AK45: 14.3 | AL45: 36.3 | AM45: 17.6 | AN45: 17.6 | AO45: 18.7 | AP45: 17.6 | AQ45: 0 | AR45: 0 | AS45: 0 | AT45: 17.6 | AU45: 20.9 | AV45: 16.5 | AW45: 47.3 | AX45: 22 | AY45: 7.7 | AZ45: 0 | BA45: 0 | BB45: 33 | BC45: 0 | BD45: 0 | BE45: 0 | BF45: 30.8 | BG45: 0 | BH45: 0 | BI45: 18.7 | BJ45: 1.1 | BK45: 0 | BL45: 18.7 | BM45: 0 | BN45: 4.4 | BO45: Alex
A46: 44967 | B46: FEBRUARY | C46: 10 | D46: =SUM(E46:H46) -> 647.9 | E46: =SUM(BE46:BN46) -> 234.3 | F46: =SUM(AA46:AJ46) -> 152.9 | G46: =SUM(AU46:BD46) -> 134.2 | H46: =SUM(AL46:AT46) -> 126.5 | I46: 0 | J46: 0.418 | K46: 0.891 | L46: 1.089 | M46: 0.99 | N46: 1.045 | O46: 0.902 | P46: 0.858 | Q46: 0.737 | R46: 0.979 | S46: 0.726 | T46: 0.847 | U46: 0.979 | V46: 1.078 | W46: 0.946 | X46: 1.089 | Y46: 1.012 | Z46: 0.638 | AA46: 0 | AB46: 5.5 | AC46: 24.2 | AD46: 23.1 | AE46: 15.4 | AF46: 28.6 | AG46: 18.7 | AH46: 24.2 | AI46: 9.9 | AJ46: 3.3 | AK46: 4.4 | AL46: 23.1 | AM46: 23.1 | AN46: 0 | AO46: 0 | AP46: 20.9 | AQ46: 17.6 | AR46: 0 | AS46: 22 | AT46: 19.8 | AU46: 16.5 | AV46: 20.9 | AW46: 17.6 | AX46: 6.6 | AY46: 0 | AZ46: 0 | BA46: 0 | BB46: 31.9 | BC46: 40.7 | BD46: 0 | BE46: 24.2 | BF46: 0 | BG46: 30.8 | BH46: 30.8 | BI46: 16.5 | BJ46: 51.7 | BK46: 0 | BL46: 20.9 | BM46: 20.9 | BN46: 38.5 | BO46: Alex
A47: 44968 | B47: FEBRUARY | C47: 11 | D47: =SUM(E47:H47) -> 588.5 | E47: =SUM(BE47:BN47) -> 144.1 | F47: =SUM(AA47:AJ47) -> 213.4 | G47: =SUM(AU47:BD47) -> 70.4 | H47: =SUM(AL47:AT47) -> 160.6 | I47: 0 | J47: 0.77 | K47: 0.825 | L47: 0.913 | M47: 1.045 | N47: 1.012 | O47: 0.803 | P47: 0.847 | Q47: 0.825 | R47: 0.814 | S47: 0.891 | T47: 1.078 | U47: 0.473 | V47: 1.1 | W47: 0.825 | X47: 0.594 | Y47: 1.067 | Z47: 0.979 | AA47: 15.4 | AB47: 2.2 | AC47: 29.7 | AD47: 28.6 | AE47: 0 | AF47: 19.8 | AG47: 11 | AH47: 39.6 | AI47: 4.4 | AJ47: 62.7 | AK47: 26.4 | AL47: 17.6 | AM47: 16.5 | AN47: 45.1 | AO47: 0 | AP47: 42.9 | AQ47: 23.1 | AR47: 12.1 | AS47: 3.3 | AT47: 0 | AU47: 34.1 | AV47: 0 | AW47: 0 | AX47: 6.6 | AY47: 6.6 | AZ47: 5.5 | BA47: 2.2 | BB47: 0 | BC47: 14.3 | BD47: 1.1 | BE47: 0 | BF47: 12.1 | BG47: 12.1 | BH47: 5.5 | BI47: 6.6 | BJ47: 0 | BK47: 1.1 | BL47: 35.2 | BM47: 36.3 | BN47: 35.2 | BO47: Alex
A48: 44969 | B48: FEBRUARY | C48: 12 | D48: =SUM(E48:H48) -> 618.2 | E48: =SUM(BE48:BN48) -> 156.2 | F48: =SUM(AA48:AJ48) -> 113.3 | G48: =SUM(AU48:BD48) -> 173.8 | H48: =SUM(AL48:AT48) -> 174.9 | I48: 0 | J48: 0.528 | K48: 0.561 | L48: 0.803 | M48: 0.803 | N48: 0.99 | O48: 0.363 | P48: 0.759 | Q48: 0.649 | R48: 0.682 | S48: 0.759 | T48: 0.781 | U48: 1.067 | V48: 0.352 | W48: 0.913 | X48: 0.869 | Y48: 0.275 | Z48: 0.946 | AA48: 17.6 | AB48: 0 | AC48: 4.4 | AD48: 0 | AE48: 0 | AF48: 11 | AG48: 39.6 | AH48: 0 | AI48: 0 | AJ48: 40.7 | AK48: 6.6 | AL48: 7.7 | AM48: 37.4 | AN48: 0 | AO48: 0 | AP48: 41.8 | AQ48: 46.2 | AR48: 0 | AS48: 8.8 | AT48: 33 | AU48: 6.6 | AV48: 0 | AW48: 61.6 | AX48: 8.8 | AY48: 4.4 | AZ48: 0 | BA48: 25.3 | BB48: 0 | BC48: 60.5 | BD48: 6.6 | BE48: 4.4 | BF48: 25.3 | BG48: 17.6 | BH48: 6.6 | BI48: 25.3 | BJ48: 28.6 | BK48: 14.3 | BL48: 6.6 | BM48: 0 | BN48: 27.5 | BO48: Alex
... A64: 44985 | B64: FEBRUARY | C64: 28 | D64: =SUM(E64:H64) -> 431.2 | E64: =SUM(BE64:BN64) -> 138.6 | F64: =SUM(AA64:AJ64) -> 90.2 | G64: =SUM(AU64:BD64) -> 135.3 | H64: =SUM(AL64:AT64) -> 67.1 | I64: 0 | J64: 0.638 | K64: 0.638 | L64: 0.825 | M64: 0.968 | N64: 0.935 | O64: 0.748 | P64: 0.792 | Q64: 0.88 | R64: 1.089 | S64: 0.726 | T64: 0.792 | U64: 1.012 | V64: 1.1 | W64: 0.495 | X64: 0.836 | Y64: 0.638 | Z64: 0.451 | AA64: 35.2 | AB64: 3.3 | AC64: 0 | AD64: 3.3 | AE64: 44 | AF64: 0 | AG64: 0 | AH64: 0 | AI64: 4.4 | AJ64: 0 | AK64: 24.2 | AL64: 0 | AM64: 0 | AN64: 0 | AO64: 8.8 | AP64: 30.8 | AQ64: 0 | AR64: 5.5 | AS64: 8.8 | AT64: 13.2 | AU64: 8.8 | AV64: 14.3 | AW64: 12.1 | AX64: 12.1 | AY64: 13.2 | AZ64: 6.6 | BA64: 23.1 | BB64: 0 | BC64: 30.8 | BD64: 14.3 | BE64: 23.1 | BF64: 4.4 | BG64: 28.6 | BH64: 17.6 | BI64: 15.4 | BJ64: 6.6 | BK64: 7.7 | BL64: 0 | BM64: 20.9 | BN64: 14.3 | BO64: Alex
B65: MARCH | C65: 0.01 | D65: =SUM(E65:H65) -> 0 | E65: 0 | F65: 0 | G65: 0 | H65: 0 | I65: 0 | J65: 0 | K65: 0 | L65: 0 | M65: 0 | N65: 0 | O65: 0 | P65: 0 | Q65: 0 | R65: 0 | S65: 0 | T65: 0 | U65: 0 | V65: 0 | W65: 0 | X65: 0 | Y65: 0 | Z65: 0 | AA65: 0 | AB65: 0 | AC65: 0 | AD65: 0 | AE65: 0 | AF65: 0 | AG65: 0 | AH65: 0 | AI65: 0 | AJ65: 0 | AK65: 0 | AL65: 0 | AM65: 0 | AN65: 0 | AO65: 0 | AP65: 0 | AQ65: 0 | AR65: 0 | AS65: 0 | AT65: 0 | AU65: 0 | AV65: 0 | AW65: 0 | AX65: 0 | AY65: 0 | AZ65: 0 | BA65: 0 | BB65: 0 | BC65: 0 | BD65: 0 | BE65: 0 | BF65: 0 | BG65: 0 | BH65: 0 | BI65: 0 | BJ65: 0 | BK65: 0 | BL65: 0 | BM65: 0 | BN65: 0
B66: MARCH | C66: 0.02 | D66: =SUM(E66:H66) -> 0 | E66: 0 | F66: 0 | G66: 0 | H66: 0 | I66: 0 | J66: 0 | K66: 0 | L66: 0 | M66: 0 | N66: 0 | O66: 0 | P66: 0 | Q66: 0 | R66: 0 | S66: 0 | T66: 0 | U66: 0 | V66: 0 | W66: 0 | X66: 0 | Y66: 0 | Z66: 0 | AA66: 0 | AB66: 0 | AC66: 0 | AD66: 0 | AE66: 0 | AF66: 0 | AG66: 0 | AH66: 0 | AI66: 0 | AJ66: 0 | AK66: 0 | AL66: 0 | AM66: 0 | AN66: 0 | AO66: 0 | AP66: 0 | AQ66: 0 | AR66: 0 | AS66: 0 | AT66: 0 | AU66: 0 | AV66: 0 | AW66: 0 | AX66: 0 | AY66: 0 | AZ66: 0 | BA66: 0 | BB66: 0 | BC66: 0 | BD66: 0 | BE66: 0 | BF66: 0 | BG66: 0 | BH66: 0 | BI66: 0 | BJ66: 0 | BK66: 0 | BL66: 0 | BM66: 0 | BN66: 0
B67: MARCH | C67: 0.03 | D67: =SUM(E67:H67) -> 0 | E67: 0 | F67: 0 | G67: 0 | H67: 0 | I67: 0 | J67: 0 | K67: 0 | L67: 0 | M67: 0 | N67: 0 | O67: 0 | P67: 0 | Q67: 0 | R67: 0 | S67: 0 | T67: 0 | U67: 0 | V67: 0 | W67: 0 | X67: 0 | Y67: 0 | Z67: 0 | AA67: 0 | AB67: 0 | AC67: 0 | AD67: 0 | AE67: 0 | AF67: 0 | AG67: 0 | AH67: 0 | AI67: 0 | AJ67: 0 | AK67: 0 | AL67: 0 | AM67: 0 | AN67: 0 | AO67: 0 | AP67: 0 | AQ67: 0 | AR67: 0 | AS67: 0 | AT67: 0 | AU67: 0 | AV67: 0 | AW67: 0 | AX67: 0 | AY67: 0 | AZ67: 0 | BA67: 0 | BB67: 0 | BC67: 0 | BD67: 0 | BE67: 0 | BF67: 0 | BG67: 0 | BH67: 0 | BI67: 0 | BJ67: 0 | BK67: 0 | BL67: 0 | BM67: 0 | BN67: 0
A68: 44986 | B68: MARCH | C68: 1 | D68: =SUM(E68:H68) -> 405.9 | E68: =SUM(BE68:BN68) -> 58.3 | F68: =SUM(AA68:AJ68) -> 135.3 | G68: =SUM(AU68:BD68) -> 101.2 | H68: =SUM(AL68:AT68) -> 111.1 | I68: 0 | J68: 0.495 | K68: 0.88 | L68: 0.198 | M68: 0.99 | N68: 1.012 | O68: 0.627 | P68: 0.957 | Q68: 0.803 | R68: 0.88 | S68: 0.748 | T68: 0.715 | U68: 0.165 | V68: 1.001 | W68: 1.067 | X68: 0.781 | Y68: 0.297 | Z68: 0.924 | AA68: 4.4 | AB68: 8.8 | AC68: 3.3 | AD68: 5.5 | AE68: 0 | AF68: 0 | AG68: 18.7 | AH68: 27.5 | AI68: 42.9 | AJ68: 24.2 | AK68: 0 | AL68: 6.6 | AM68: 2.2 | AN68: 4.4 | AO68: 12.1 | AP68: 2.2 | AQ68: 0 | AR68: 23.1 | AS68: 0 | AT68: 60.5 | AU68: 6.6 | AV68: 6.6 | AW68: 0 | AX68: 6.6 | AY68: 0 | AZ68: 14.3 | BA68: 0 | BB68: 34.1 | BC68: 33 | BD68: 0 | BE68: 20.9 | BF68: 6.6 | BG68: 15.4 | BH68: 0 | BI68: 1.1 | BJ68: 0 | BK68: 9.9 | BL68: 0 | BM68: 4.4 | BN68: 0 | BO68: Alex
A69: 44987 | B69: MARCH | C69: 2 | D69: =SUM(E69:H69) -> 535.7 | E69: =SUM(BE69:BN69) -> 189.2 | F69: =SUM(AA69:AJ69) -> 113.3 | G69: =SUM(AU69:BD69) -> 93.5 | H69: =SUM(AL69:AT69) -> 139.7 | I69: 0 | J69: 0.363 | K69: 0.319 | L69: 1.001 | M69: 0.539 | N69: 1.067 | O69: 0.66 | P69: 0.715 | Q69: 0.704 | R69: 0.198 | S69: 0.66 | T69: 0.781 | U69: 1.089 | V69: 1.012 | W69: 0.781 | X69: 1.078 | Y69: 0.88 | Z69: 0.88 | AA69: 0 | AB69: 0 | AC69: 0 | AD69: 17.6 | AE69: 0 | AF69: 30.8 | AG69: 1.1 | AH69: 7.7 | AI69: 29.7 | AJ69: 26.4 | AK69: 4.4 | AL69: 0 | AM69: 0 | AN69: 0 | AO69: 0 | AP69: 4.4 | AQ69: 30.8 | AR69: 24.2 | AS69: 17.6 | AT69: 62.7 | AU69: 18.7 | AV69: 9.9 | AW69: 24.2 | AX69: 0 | AY69: 5.5 | AZ69: 12.1 | BA69: 8.8 | BB69: 6.6 | BC69: 3.3 | BD69: 4.4 | BE69: 8.8 | BF69: 39.6 | BG69: 11 | BH69: 15.4 | BI69: 1.1 | BJ69: 48.4 | BK69: 16.5 | BL69: 25.3 | BM69: 23.1 | BN69: 0 | BO69: Alex
A70: 44988 | B70: MARCH | C70: 3 | D70: =SUM(E70:H70) -> 484 | E70: =SUM(BE70:BN70) -> 162.8 | F70: =SUM(AA70:AJ70) -> 108.9 | G70: =SUM(AU70:BD70) -> 90.2 | H70: =SUM(AL70:AT70) -> 122.1 | I70: 0 | J70: 0.33 | K70: 0.627 | L70: 0.781 | M70: 0.979 | N70: 0.33 | O70: 0.693 | P70: 0.11 | Q70: 0.77 | R70: 1.089 | S70: 0.715 | T70: 0.693 | U70: 0.902 | V70: 1.034 | W70: 1.067 | X70: 0.484 | Y70: 0.429 | Z70: 1.012 | AA70: 33 | AB70: 12.1 | AC70: 0 | AD70: 2.2 | AE70: 15.4 | AF70: 0 | AG70: 0 | AH70: 19.8 | AI70: 15.4 | AJ70: 11 | AK70: 11 | AL70: 11 | AM70: 6.6 | AN70: 17.6 | AO70: 29.7 | AP70: 0 | AQ70: 0 | AR70: 17.6 | AS70: 19.8 | AT70: 19.8 | AU70: 2.2 | AV70: 2.2 | AW70: 26.4 | AX70: 0 | AY70: 2.2 | AZ70: 0 | BA70: 23.1 | BB70: 33 | BC70: 1.1 | BD70: 0 | BE70: 29.7 | BF70: 28.6 | BG70: 15.4 | BH70: 0 | BI70: 0 | BJ70: 0 | BK70: 31.9 | BL70: 20.9 | BM70: 36.3 | BN70: 0 | BO70: Alex
A71: 44989 | B71: MARCH | C71: 4 | D71: =SUM(E71:H71) -> 531.3 | E71: =SUM(BE71:BN71) -> 86.9 | F71: =SUM(AA71:AJ71) -> 102.3 | G71: =SUM(AU71:BD71) -> 170.5 | H71: =SUM(AL71:AT71) -> 171.6 | I71: 0 | J71: 0.319 | K71: 0.781 | L71: 0.88 | M71: 0.891 | N71: 1.078 | O71: 0.759 | P71: 0.847 | Q71: 0.88 | R71: 0.726 | S71: 0.814 | T71: 0.682 | U71: 1.001 | V71: 0.286 | W71: 1.1 | X71: 1.034 | Y71: 0.561 | Z71: 0.11 | AA71: 0 | AB71: 9.9 | AC71: 0 | AD71: 15.4 | AE71: 0 | AF71: 7.7 | AG71: 29.7 | AH71: 0 | AI71: 8.8 | AJ71: 30.8 | AK71: 26.4 | AL71: 14.3 | AM71: 0 | AN71: 0 | AO71: 30.8 | AP71: 47.3 | AQ71: 55 | AR71: 18.7 | AS71: 5.5 | AT71: 0 | AU71: 1.1 | AV71: 0 | AW71: 40.7 | AX71: 0 | AY71: 38.5 | AZ71: 11 | BA71: 1.1 | BB71: 40.7 | BC71: 6.6 | BD71: 30.8 | BE71: 0 | BF71: 5.5 | BG71: 26.4 | BH71: 2.2 | BI71: 34.1 | BJ71: 0 | BK71: 0 | BL71: 17.6 | BM71: 0 | BN71: 1.1 | BO71: Alex
A72: 44990 | B72: MARCH | C72: 5 | D72: =SUM(E72:H72) -> 543.4 | E72: =SUM(BE72:BN72) -> 119.9 | F72: =SUM(AA72:AJ72) -> 61.6 | G72: =SUM(AU72:BD72) -> 200.2 | H72: =SUM(AL72:AT72) -> 161.7 | I72: 0 | J72: 1.012 | K72: 0.583 | L72: 0.847 | M72: 0.902 | N72: 1.045 | O72: 0.693 | P72: 0.957 | Q72: 0.968 | R72: 0.957 | S72: 0.682 | T72: 1.1 | U72: 0.924 | V72: 0.902 | W72: 0.605 | X72: 1.034 | Y72: 0.572 | Z72: 0.814 | AA72: 6.6 | AB72: 6.6 | AC72: 0 | AD72: 14.3 | AE72: 0 | AF72: 0 | AG72: 29.7 | AH72: 0 | AI72: 1.1 | AJ72: 3.3 | AK72: 22 | AL72: 14.3 | AM72: 45.1 | AN72: 35.2 | AO72: 0 | AP72: 5.5 | AQ72: 0 | AR72: 23.1 | AS72: 24.2 | AT72: 14.3 | AU72: 0 | AV72: 16.5 | AW72: 26.4 | AX72: 39.6 | AY72: 33 | AZ72: 47.3 | BA72: 0 | BB72: 0 | BC72: 26.4 | BD72: 11 | BE72: 0 | BF72: 2.2 | BG72: 0 | BH72: 0 | BI72: 0 | BJ72: 44 | BK72: 5.5 | BL72: 23.1 | BM72: 1.1 | BN72: 44 | BO72: Alex
A73: 44991 | B73: MARCH | C73: 6 | D73: =SUM(E73:H73) -> 399.3 | E73: =SUM(BE73:BN73) -> 81.4 | F73: =SUM(AA73:AJ73) -> 103.4 | G73: =SUM(AU73:BD73) -> 84.7 | H73: =SUM(AL73:AT73) -> 129.8 | I73: 0 | J73: 1.001 | K73: 0.869 | L73: 0.572 | M73: 0.957 | N73: 1.089 | O73: 0.649 | P73: 0.825 | Q73: 0.605 | R73: 0.704 | S73: 0.781 | T73: 0.979 | U73: 0.924 | V73: 1.078 | W73: 0.935 | X73: 0.803 | Y73: 0.88 | Z73: 0.451 | AA73: 22 | AB73: 0 | AC73: 0 | AD73: 4.4 | AE73: 16.5 | AF73: 2.2 | AG73: 12.1 | AH73: 20.9 | AI73: 23.1 | AJ73: 2.2 | AK73: 11 | AL73: 0 | AM73: 8.8 | AN73: 6.6 | AO73: 53.9 | AP73: 9.9 | AQ73: 27.5 | AR73: 15.4 | AS73: 7.7 | AT73: 0 | AU73: 0 | AV73: 7.7 | AW73: 0 | AX73: 16.5 | AY73: 0 | AZ73: 36.3 | BA73: 3.3 | BB73: 6.6 | BC73: 14.3 | BD73: 0 | BE73: 1.1 | BF73: 3.3 | BG73: 0 | BH73: 5.5 | BI73: 15.4 | BJ73: 0 | BK73: 0 | BL73: 24.2 | BM73: 17.6 | BN73: 14.3 | BO73: Alex
A74: 44992 | B74: MARCH | C74: 7 | D74: =SUM(E74:H74) -> 641.3 | E74: =SUM(BE74:BN74) -> 172.7 | F74: =SUM(AA74:AJ74) -> 204.6 | G74: =SUM(AU74:BD74) -> 144.1 | H74: =SUM(AL74:AT74) -> 119.9 | I74: 0 | J74: 0.572 | K74: 0.66 | L74: 1.089 | M74: 0.297 | N74: 1.001 | O74: 0.143 | P74: 0.847 | Q74: 0.649 | R74: 0.638 | S74: 0.528 | T74: 1.078 | U74: 0.968 | V74: 0.902 | W74: 0.803 | X74: 0.935 | Y74: 0.528 | Z74: 1.078 | AA74: 8.8 | AB74: 36.3 | AC74: 0 | AD74: 0 | AE74: 14.3 | AF74: 51.7 | AG74: 17.6 | AH74: 19.8 | AI74: 12.1 | AJ74: 44 | AK74: 0 | AL74: 0 | AM74: 15.4 | AN74: 16.5 | AO74: 0 | AP74: 14.3 | AQ74: 38.5 | AR74: 24.2 | AS74: 5.5 | AT74: 5.5 | AU74: 13.2 | AV74: 0 | AW74: 27.5 | AX74: 12.1 | AY74: 0 | AZ74: 4.4 | BA74: 24.2 | BB74: 41.8 | BC74: 3.3 | BD74: 17.6 | BE74: 0 | BF74: 22 | BG74: 13.2 | BH74: 35.2 | BI74: 30.8 | BJ74: 2.2 | BK74: 34.1 | BL74: 16.5 | BM74: 14.3 | BN74: 4.4 | BO74: Alex
A75: 44993 | B75: MARCH | C75: 8 | D75: =SUM(E75:H75) -> 480.7 | E75: =SUM(BE75:BN75) -> 74.8 | F75: =SUM(AA75:AJ75) -> 134.2 | G75: =SUM(AU75:BD75) -> 169.4 | H75: =SUM(AL75:AT75) -> 102.3 | I75: 1 | J75: 0.385 | K75: 0.825 | L75: 0.847 | M75: 0.836 | N75: 0.99 | O75: 0.803 | P75: 1.012 | Q75: 0.759 | R75: 0.715 | S75: 0.781 | T75: 0.693 | U75: 1.067 | V75: 0.968 | W75: 0.825 | X75: 1.1 | Y75: 0.869 | Z75: 0.616 | AA75: 26.4 | AB75: 15.4 | AC75: 0 | AD75: 3.3 | AE75: 5.5 | AF75: 0 | AG75: 0 | AH75: 23.1 | AI75: 29.7 | AJ75: 30.8 | AK75: 6.6 | AL75: 6.6 | AM75: 30.8 | AN75: 0 | AO75: 16.5 | AP75: 0 | AQ75: 17.6 | AR75: 15.4 | AS75: 0 | AT75: 15.4 | AU75: 0 | AV75: 23.1 | AW75: 18.7 | AX75: 15.4 | AY75: 16.5 | AZ75: 9.9 | BA75: 34.1 | BB75: 1.1 | BC75: 26.4 | BD75: 24.2 | BE75: 0 | BF75: 0 | BG75: 8.8 | BH75: 11 | BI75: 5.5 | BJ75: 0 | BK75: 24.2 | BL75: 15.4 | BM75: 0 | BN75: 9.9 | BO75: Alex
A76: 44994 | B76: MARCH | C76: 9 | D76: =SUM(E76:H76) -> 548.9 | E76: =SUM(BE76:BN76) -> 82.5 | F76: =SUM(AA76:AJ76) -> 123.2 | G76: =SUM(AU76:BD76) -> 165 | H76: =SUM(AL76:AT76) -> 178.2 | I76: 0 | J76: 0.528 | K76: 0.682 | L76: 0.792 | M76: 0.748 | N76: 0.506 | O76: 0.814 | P76: 0.737 | Q76: 0.693 | R76: 0.814 | S76: 0.979 | T76: 0.704 | U76: 0.484 | V76: 0.814 | W76: 0.495 | X76: 0.737 | Y76: 0.792 | Z76: 0.11 | AA76: 28.6 | AB76: 0 | AC76: 14.3 | AD76: 1.1 | AE76: 20.9 | AF76: 2.2 | AG76: 15.4 | AH76: 4.4 | AI76: 36.3 | AJ76: 0 | AK76: 0 | AL76: 0 | AM76: 0 | AN76: 15.4 | AO76: 23.1 | AP76: 27.5 | AQ76: 0 | AR76: 44 | AS76: 53.9 | AT76: 14.3 | AU76: 25.3 | AV76: 1.1 | AW76: 0 | AX76: 24.2 | AY76: 0 | AZ76: 25.3 | BA76: 3.3 | BB76: 27.5 | BC76: 14.3 | BD76: 44 | BE76: 0 | BF76: 22 | BG76: 0 | BH76: 11 | BI76: 13.2 | BJ76: 17.6 | BK76: 0 | BL76: 0 | BM76: 1.1 | BN76: 17.6 | BO76: Alex
A77: 44995 | B77: MARCH | C77: 10 | D77: =SUM(E77:H77) -> 555.5 | E77: =SUM(BE77:BN77) -> 122.1 | F77: =SUM(AA77:AJ77) -> 118.8 | G77: =SUM(AU77:BD77) -> 199.1 | H77: =SUM(AL77:AT77) -> 115.5 | I77: 0 | J77: 0.847 | K77: 0.506 | L77: 0.88 | M77: 0.99 | N77: 0.506 | O77: 0.671 | P77: 1.001 | Q77: 1.056 | R77: 0.704 | S77: 0.825 | T77: 0.968 | U77: 0.638 | V77: 1.001 | W77: 1.089 | X77: 0.33 | Y77: 0.737 | Z77: 0.891 | AA77: 45.1 | AB77: 0 | AC77: 6.6 | AD77: 0 | AE77: 2.2 | AF77: 15.4 | AG77: 0 | AH77: 5.5 | AI77: 6.6 | AJ77: 37.4 | AK77: 9.9 | AL77: 0 | AM77: 0 | AN77: 13.2 | AO77: 16.5 | AP77: 39.6 | AQ77: 25.3 | AR77: 0 | AS77: 17.6 | AT77: 3.3 | AU77: 44 | AV77: 45.1 | AW77: 13.2 | AX77: 0 | AY77: 44 | AZ77: 7.7 | BA77: 0 | BB77: 25.3 | BC77: 17.6 | BD77: 2.2 | BE77: 11 | BF77: 8.8 | BG77: 0 | BH77: 39.6 | BI77: 12.1 | BJ77: 0 | BK77: 0 | BL77: 7.7 | BM77: 0 | BN77: 42.9 | BO77: Alex
A78: 44996 | B78: MARCH | C78: 11 | D78: =SUM(E78:H78) -> 525.8 | E78: =SUM(BE78:BN78) -> 127.6 | F78: =SUM(AA78:AJ78) -> 129.8 | G78: =SUM(AU78:BD78) -> 155.1 | H78: =SUM(AL78:AT78) -> 113.3 | I78: 0 | J78: 0.385 | K78: 0.836 | L78: 0.847 | M78: 0.968 | N78: 1.045 | O78: 0.396 | P78: 0.726 | Q78: 0.693 | R78: 0.847 | S78: 0.836 | T78: 1.034 | U78: 0.649 | V78: 0.957 | W78: 0.968 | X78: 1.056 | Y78: 1.012 | Z78: 0.99 | AA78: 0 | AB78: 8.8 | AC78: 7.7 | AD78: 9.9 | AE78: 27.5 | AF78: 20.9 | AG78: 16.5 | AH78: 0 | AI78: 15.4 | AJ78: 23.1 | AK78: 0 | AL78: 0 | AM78: 0 | AN78: 33 | AO78: 22 | AP78: 29.7 | AQ78: 24.2 | AR78: 0 | AS78: 0 | AT78: 4.4 | AU78: 28.6 | AV78: 8.8 | AW78: 7.7 | AX78: 30.8 | AY78: 8.8 | AZ78: 5.5 | BA78: 0 | BB78: 24.2 | BC78: 0 | BD78: 40.7 | BE78: 7.7 | BF78: 4.4 | BG78: 1.1 | BH78: 0 | BI78: 28.6 | BJ78: 50.6 | BK78: 8.8 | BL78: 0 | BM78: 16.5 | BN78: 9.9 | BO78: Alex
A79: 44997 | B79: MARCH | C79: 12 | D79: =SUM(E79:H79) -> 557.7 | E79: =SUM(BE79:BN79) -> 163.9 | F79: =SUM(AA79:AJ79) -> 102.3 | G79: =SUM(AU79:BD79) -> 108.9 | H79: =SUM(AL79:AT79) -> 182.6 | I79: 0 | J79: 0.825 | K79: 0.737 | L79: 0.847 | M79: 1.067 | N79: 0.715 | O79: 0.715 | P79: 0.737 | Q79: 0.561 | R79: 0.814 | S79: 0.385 | T79: 0.88 | U79: 1.045 | V79: 0.792 | W79: 0.814 | X79: 0.429 | Y79: 0.572 | Z79: 0.396 | AA79: 0 | AB79: 15.4 | AC79: 12.1 | AD79: 0 | AE79: 28.6 | AF79: 12.1 | AG79: 0 | AH79: 27.5 | AI79: 1.1 | AJ79: 5.5 | AK79: 8.8 | AL79: 35.2 | AM79: 20.9 | AN79: 0 | AO79: 0 | AP79: 36.3 | AQ79: 3.3 | AR79: 28.6 | AS79: 35.2 | AT79: 23.1 | AU79: 13.2 | AV79: 13.2 | AW79: 4.4 | AX79: 0 | AY79: 25.3 | AZ79: 15.4 | BA79: 3.3 | BB79: 2.2 | BC79: 26.4 | BD79: 5.5 | BE79: 0 | BF79: 15.4 | BG79: 12.1 | BH79: 41.8 | BI79: 2.2 | BJ79: 3.3 | BK79: 12.1 | BL79: 31.9 | BM79: 45.1 | BN79: 0 | BO79: Alex
... A98: 45016 | B98: MARCH | C98: 31 | D98: =SUM(E98:H98) -> 575.3 | E98: =SUM(BE98:BN98) -> 172.7 | F98: =SUM(AA98:AJ98) -> 162.8 | G98: =SUM(AU98:BD98) -> 113.3 | H98: =SUM(AL98:AT98) -> 126.5 | I98: 0 | J98: 1.078 | K98: 0.572 | L98: 0.803 | M98: 0.957 | N98: 0.935 | O98: 0.737 | P98: 0.528 | Q98: 0.132 | R98: 0.825 | S98: 0.748 | T98: 0.858 | U98: 0.275 | V98: 0.935 | W98: 0.979 | X98: 0.968 | Y98: 0.286 | Z98: 0.286 | AA98: 0 | AB98: 30.8 | AC98: 47.3 | AD98: 29.7 | AE98: 5.5 | AF98: 11 | AG98: 7.7 | AH98: 8.8 | AI98: 22 | AJ98: 0 | AK98: 11 | AL98: 23.1 | AM98: 24.2 | AN98: 26.4 | AO98: 7.7 | AP98: 7.7 | AQ98: 37.4 | AR98: 0 | AS98: 0 | AT98: 0 | AU98: 8.8 | AV98: 12.1 | AW98: 6.6 | AX98: 8.8 | AY98: 11 | AZ98: 3.3 | BA98: 6.6 | BB98: 24.2 | BC98: 19.8 | BD98: 12.1 | BE98: 9.9 | BF98: 8.8 | BG98: 39.6 | BH98: 0 | BI98: 1.1 | BJ98: 4.4 | BK98: 24.2 | BL98: 6.6 | BM98: 30.8 | BN98: 47.3 | BO98: Alex
B99: APRIL | C99: 0.01 | D99: =SUM(E99:H99) -> 0 | E99: 0 | F99: 0 | G99: 0 | H99: 0 | I99: 0 | J99: 0 | K99: 0 | L99: 0 | M99: 0 | N99: 0 | O99: 0 | P99: 0 | Q99: 0 | R99: 0 | S99: 0 | T99: 0 | U99: 0 | V99: 0 | W99: 0 | X99: 0 | Y99: 0 | Z99: 0 | AA99: 0 | AB99: 0 | AC99: 0 | AD99: 0 | AE99: 0 | AF99: 0 | AG99: 0 | AH99: 0 | AI99: 0 | AJ99: 0 | AK99: 0 | AL99: 0 | AM99: 0 | AN99: 0 | AO99: 0 | AP99: 0 | AQ99: 0 | AR99: 0 | AS99: 0 | AT99: 0 | AU99: 0 | AV99: 0 | AW99: 0 | AX99: 0 | AY99: 0 | AZ99: 0 | BA99: 0 | BB99: 0 | BC99: 0 | BD99: 0 | BE99: 0 | BF99: 0 | BG99: 0 | BH99: 0 | BI99: 0 | BJ99: 0 | BK99: 0 | BL99: 0 | BM99: 0 | BN99: 0
B100: APRIL | C100: 0.02 | D100: =SUM(E100:H100) -> 0 | E100: 0 | F100: 0 | G100: 0 | H100: 0 | I100: 0 | J100: 0 | K100: 0 | L100: 0 | M100: 0 | N100: 0 | O100: 0 | P100: 0 | Q100: 0 | R100: 0 | S100: 0 | T100: 0 | U100: 0 | V100: 0 | W100: 0 | X100: 0 | Y100: 0 | Z100: 0 | AA100: 0 | AB100: 0 | AC100: 0 | AD100: 0 | AE100: 0 | AF100: 0 | AG100: 0 | AH100: 0 | AI100: 0 | AJ100: 0 | AK100: 0 | AL100: 0 | AM100: 0 | AN100: 0 | AO100: 0 | AP100: 0 | AQ100: 0 | AR100: 0 | AS100: 0 | AT100: 0 | AU100: 0 | AV100: 0 | AW100: 0 | AX100: 0 | AY100: 0 | AZ100: 0 | BA100: 0 | BB100: 0 | BC100: 0 | BD100: 0 | BE100: 0 | BF100: 0 | BG100: 0 | BH100: 0 | BI100: 0 | BJ100: 0 | BK100: 0 | BL100: 0 | BM100: 0 | BN100: 0
B101: APRIL | C101: 0.03 | D101: =SUM(E101:H101) -> 0 | E101: 0 | F101: 0 | G101: 0 | H101: 0 | I101: 0 | J101: 0 | K101: 0 | L101: 0 | M101: 0 | N101: 0 | O101: 0 | P101: 0 | Q101: 0 | R101: 0 | S101: 0 | T101: 0 | U101: 0 | V101: 0 | W101: 0 | X101: 0 | Y101: 0 | Z101: 0 | AA101: 0 | AB101: 0 | AC101: 0 | AD101: 0 | AE101: 0 | AF101: 0 | AG101: 0 | AH101: 0 | AI101: 0 | AJ101: 0 | AK101: 0 | AL101: 0 | AM101: 0 | AN101: 0 | AO101: 0 | AP101: 0 | AQ101: 0 | AR101: 0 | AS101: 0 | AT101: 0 | AU101: 0 | AV101: 0 | AW101: 0 | AX101: 0 | AY101: 0 | AZ101: 0 | BA101: 0 | BB101: 0 | BC101: 0 | BD101: 0 | BE101: 0 | BF101: 0 | BG101: 0 | BH101: 0 | BI101: 0 | BJ101: 0 | BK101: 0 | BL101: 0 | BM101: 0 | BN101: 0
B102: APRIL | C102: 0.04 | D102: =SUM(E102:H102) -> 0 | E102: 0 | F102: 0 | G102: 0 | H102: 0 | I102: 0 | J102: 0 | K102: 0 | L102: 0 | M102: 0 | N102: 0 | O102: 0 | P102: 0 | Q102: 0 | R102: 0 | S102: 0 | T102: 0 | U102: 0 | V102: 0 | W102: 0 | X102: 0 | Y102: 0 | Z102: 0 | AA102: 0 | AB102: 0 | AC102: 0 | AD102: 0 | AE102: 0 | AF102: 0 | AG102: 0 | AH102: 0 | AI102: 0 | AJ102: 0 | AK102: 0 | AL102: 0 | AM102: 0 | AN102: 0 | AO102: 0 | AP102: 0 | AQ102: 0 | AR102: 0 | AS102: 0 | AT102: 0 | AU102: 0 | AV102: 0 | AW102: 0 | AX102: 0 | AY102: 0 | AZ102: 0 | BA102: 0 | BB102: 0 | BC102: 0 | BD102: 0 | BE102: 0 | BF102: 0 | BG102: 0 | BH102: 0 | BI102: 0 | BJ102: 0 | BK102: 0 | BL102: 0 | BM102: 0 | BN102: 0
B103: APRIL | C103: 0.05 | D103: =SUM(E103:H103) -> 0 | E103: 0 | F103: 0 | G103: 0 | H103: 0 | I103: 0 | J103: 0 | K103: 0 | L103: 0 | M103: 0 | N103: 0 | O103: 0 | P103: 0 | Q103: 0 | R103: 0 | S103: 0 | T103: 0 | U103: 0 | V103: 0 | W103: 0 | X103: 0 | Y103: 0 | Z103: 0 | AA103: 0 | AB103: 0 | AC103: 0 | AD103: 0 | AE103: 0 | AF103: 0 | AG103: 0 | AH103: 0 | AI103: 0 | AJ103: 0 | AK103: 0 | AL103: 0 | AM103: 0 | AN103: 0 | AO103: 0 | AP103: 0 | AQ103: 0 | AR103: 0 | AS103: 0 | AT103: 0 | AU103: 0 | AV103: 0 | AW103: 0 | AX103: 0 | AY103: 0 | AZ103: 0 | BA103: 0 | BB103: 0 | BC103: 0 | BD103: 0 | BE103: 0 | BF103: 0 | BG103: 0 | BH103: 0 | BI103: 0 | BJ103: 0 | BK103: 0 | BL103: 0 | BM103: 0 | BN103: 0
B104: APRIL | C104: 0.06 | D104: =SUM(E104:H104) -> 0 | E104: 0 | F104: 0 | G104: 0 | H104: 0 | I104: 0 | J104: 0 | K104: 0 | L104: 0 | M104: 0 | N104: 0 | O104: 0 | P104: 0 | Q104: 0 | R104: 0 | S104: 0 | T104: 0 | U104: 0 | V104: 0 | W104: 0 | X104: 0 | Y104: 0 | Z104: 0 | AA104: 0 | AB104: 0 | AC104: 0 | AD104: 0 | AE104: 0 | AF104: 0 | AG104: 0 | AH104: 0 | AI104: 0 | AJ104: 0 | AK104: 0 | AL104: 0 | AM104: 0 | AN104: 0 | AO104: 0 | AP104: 0 | AQ104: 0 | AR104: 0 | AS104: 0 | AT104: 0 | AU104: 0 | AV104: 0 | AW104: 0 | AX104: 0 | AY104: 0 | AZ104: 0 | BA104: 0 | BB104: 0 | BC104: 0 | BD104: 0 | BE104: 0 | BF104: 0 | BG104: 0 | BH104: 0 | BI104: 0 | BJ104: 0 | BK104: 0 | BL104: 0 | BM104: 0 | BN104: 0
A105: 45017 | B105: APRIL | C105: 1 | D105: =SUM(E105:H105) -> 510.4 | E105: =SUM(BE105:BN105) -> 103.4 | F105: =SUM(AA105:AJ105) -> 151.8 | G105: =SUM(AU105:BD105) -> 178.2 | H105: =SUM(AL105:AT105) -> 77 | I105: 0 | J105: 0.968 | K105: 0.627 | L105: 0.858 | M105: 0.946 | N105: 1.023 | O105: 1.023 | P105: 0.748 | Q105: 0.781 | R105: 0.704 | S105: 0.781 | T105: 0.869 | U105: 0.165 | V105: 1.012 | W105: 1.056 | X105: 1.034 | Y105: 0.814 | Z105: 0.451 | AA105: 39.6 | AB105: 3.3 | AC105: 15.4 | AD105: 4.4 | AE105: 38.5 | AF105: 0 | AG105: 13.2 | AH105: 19.8 | AI105: 17.6 | AJ105: 0 | AK105: 7.7 | AL105: 5.5 | AM105: 0 | AN105: 0 | AO105: 11 | AP105: 5.5 | AQ105: 16.5 | AR105: 8.8 | AS105: 26.4 | AT105: 3.3 | AU105: 7.7 | AV105: 45.1 | AW105: 13.2 | AX105: 13.2 | AY105: 0 | AZ105: 0 | BA105: 8.8 | BB105: 50.6 | BC105: 13.2 | BD105: 26.4 | BE105: 3.3 | BF105: 7.7 | BG105: 27.5 | BH105: 1.1 | BI105: 6.6 | BJ105: 0 | BK105: 7.7 | BL105: 6.6 | BM105: 29.7 | BN105: 13.2 | BO105: Alex
A106: 45018 | B106: APRIL | C106: 2 | D106: =SUM(E106:H106) -> 427.9 | E106: =SUM(BE106:BN106) -> 62.7 | F106: =SUM(AA106:AJ106) -> 56.1 | G106: =SUM(AU106:BD106) -> 170.5 | H106: =SUM(AL106:AT106) -> 138.6 | I106: 0 | J106: 0.407 | K106: 0.913 | L106: 0.935 | M106: 0.913 | N106: 1.078 | O106: 0.781 | P106: 0.671 | Q106: 0.704 | R106: 1.1 | S106: 0.715 | T106: 0.715 | U106: 0.528 | V106: 0.528 | W106: 0.462 | X106: 0.308 | Y106: 1.001 | Z106: 1.045 | AA106: 0 | AB106: 8.8 | AC106: 28.6 | AD106: 7.7 | AE106: 2.2 | AF106: 0 | AG106: 6.6 | AH106: 0 | AI106: 1.1 | AJ106: 1.1 | AK106: 62.7 | AL106: 6.6 | AM106: 0 | AN106: 39.6 | AO106: 48.4 | AP106: 33 | AQ106: 8.8 | AR106: 0 | AS106: 2.2 | AT106: 0 | AU106: 37.4 | AV106: 34.1 | AW106: 13.2 | AX106: 17.6 | AY106: 0 | AZ106: 26.4 | BA106: 12.1 | BB106: 15.4 | BC106: 0 | BD106: 14.3 | BE106: 14.3 | BF106: 0 | BG106: 0 | BH106: 5.5 | BI106: 1.1 | BJ106: 25.3 | BK106: 16.5 | BL106: 0 | BM106: 0 | BN106: 0 | BO106: Alex
A107: 45019 | B107: APRIL | C107: 3 | D107: =SUM(E107:H107) -> 427.9 | E107: =SUM(BE107:BN107) -> 91.3 | F107: =SUM(AA107:AJ107) -> 99 | G107: =SUM(AU107:BD107) -> 101.2 | H107: =SUM(AL107:AT107) -> 136.4 | I107: 0 | J107: 0.957 | K107: 0.77 | L107: 0.825 | M107: 0.891 | N107: 0.781 | O107: 1.001 | P107: 0.638 | Q107: 1.067 | R107: 0.836 | S107: 0.748 | T107: 0.671 | U107: 1.067 | V107: 1.1 | W107: 0.979 | X107: 0.132 | Y107: 0.418 | Z107: 0.66 | AA107: 1.1 | AB107: 42.9 | AC107: 0 | AD107: 0 | AE107: 6.6 | AF107: 9.9 | AG107: 17.6 | AH107: 4.4 | AI107: 1.1 | AJ107: 15.4 | AK107: 36.3 | AL107: 41.8 | AM107: 25.3 | AN107: 3.3 | AO107: 29.7 | AP107: 3.3 | AQ107: 0 | AR107: 20.9 | AS107: 12.1 | AT107: 0 | AU107: 0 | AV107: 1.1 | AW107: 3.3 | AX107: 16.5 | AY107: 0 | AZ107: 24.2 | BA107: 20.9 | BB107: 35.2 | BC107: 0 | BD107: 0 | BE107: 9.9 | BF107: 0 | BG107: 7.7 | BH107: 0 | BI107: 3.3 | BJ107: 0 | BK107: 11 | BL107: 0 | BM107: 19.8 | BN107: 39.6 | BO107: Alex
A108: 45020 | B108: APRIL | C108: 4 | D108: =SUM(E108:H108) -> 448.8 | E108: =SUM(BE108:BN108) -> 102.3 | F108: =SUM(AA108:AJ108) -> 132 | G108: =SUM(AU108:BD108) -> 113.3 | H108: =SUM(AL108:AT108) -> 101.2 | I108: 0 | J108: 0.495 | K108: 0.517 | L108: 0.88 | M108: 0.88 | N108: 0.99 | O108: 0.66 | P108: 0.638 | Q108: 0.726 | R108: 0.66 | S108: 1.089 | T108: 0.638 | U108: 0.781 | V108: 1.056 | W108: 0.935 | X108: 0.44 | Y108: 1.1 | Z108: 0.814 | AA108: 24.2 | AB108: 0 | AC108: 3.3 | AD108: 6.6 | AE108: 23.1 | AF108: 13.2 | AG108: 9.9 | AH108: 26.4 | AI108: 0 | AJ108: 25.3 | AK108: 0 | AL108: 17.6 | AM108: 30.8 | AN108: 0 | AO108: 0 | AP108: 26.4 | AQ108: 26.4 | AR108: 0 | AS108: 0 | AT108: 0 | AU108: 24.2 | AV108: 46.2 | AW108: 8.8 | AX108: 0 | AY108: 0 | AZ108: 0 | BA108: 34.1 | BB108: 0 | BC108: 0 | BD108: 0 | BE108: 8.8 | BF108: 22 | BG108: 9.9 | BH108: 2.2 | BI108: 2.2 | BJ108: 0 | BK108: 34.1 | BL108: 0 | BM108: 17.6 | BN108: 5.5 | BO108: Alex
A109: 45021 | B109: APRIL | C109: 5 | D109: =SUM(E109:H109) -> 463.1 | E109: =SUM(BE109:BN109) -> 198 | F109: =SUM(AA109:AJ109) -> 113.3 | G109: =SUM(AU109:BD109) -> 60.5 | H109: =SUM(AL109:AT109) -> 91.3 | I109: 0 | J109: 0.462 | K109: 1.045 | L109: 0.803 | M109: 0.528 | N109: 1.078 | O109: 0.737 | P109: 0.616 | Q109: 0.88 | R109: 0.627 | S109: 0.748 | T109: 0.715 | U109: 0.946 | V109: 0.946 | W109: 1.034 | X109: 0.275 | Y109: 1.078 | Z109: 1.067 | AA109: 0 | AB109: 42.9 | AC109: 2.2 | AD109: 0 | AE109: 0 | AF109: 57.2 | AG109: 0 | AH109: 0 | AI109: 7.7 | AJ109: 3.3 | AK109: 0 | AL109: 12.1 | AM109: 9.9 | AN109: 0 | AO109: 6.6 | AP109: 9.9 | AQ109: 1.1 | AR109: 6.6 | AS109: 13.2 | AT109: 31.9 | AU109: 4.4 | AV109: 8.8 | AW109: 20.9 | AX109: 11 | AY109: 3.3 | AZ109: 0 | BA109: 0 | BB109: 0 | BC109: 0 | BD109: 12.1 | BE109: 9.9 | BF109: 0 | BG109: 37.4 | BH109: 3.3 | BI109: 31.9 | BJ109: 13.2 | BK109: 23.1 | BL109: 35.2 | BM109: 3.3 | BN109: 40.7 | BO109: Alex
A110: 45022 | B110: APRIL | C110: 6 | D110: =SUM(E110:H110) -> 525.8 | E110: =SUM(BE110:BN110) -> 92.4 | F110: =SUM(AA110:AJ110) -> 105.6 | G110: =SUM(AU110:BD110) -> 205.7 | H110: =SUM(AL110:AT110) -> 122.1 | I110: 0 | J110: 0.594 | K110: 0.682 | L110: 0.814 | M110: 1.056 | N110: 0.671 | O110: 0.935 | P110: 1.034 | Q110: 0.858 | R110: 0.44 | S110: 0.825 | T110: 0.935 | U110: 0.935 | V110: 0.99 | W110: 0.484 | X110: 0.77 | Y110: 0.616 | Z110: 0.517 | AA110: 0 | AB110: 19.8 | AC110: 33 | AD110: 38.5 | AE110: 0 | AF110: 2.2 | AG110: 0 | AH110: 0 | AI110: 12.1 | AJ110: 0 | AK110: 11 | AL110: 27.5 | AM110: 27.5 | AN110: 16.5 | AO110: 7.7 | AP110: 28.6 | AQ110: 0 | AR110: 4.4 | AS110: 0 | AT110: 9.9 | AU110: 12.1 | AV110: 9.9 | AW110: 1.1 | AX110: 60.5 | AY110: 29.7 | AZ110: 37.4 | BA110: 1.1 | BB110: 0 | BC110: 36.3 | BD110: 17.6 | BE110: 6.6 | BF110: 0 | BG110: 20.9 | BH110: 0 | BI110: 15.4 | BJ110: 27.5 | BK110: 0 | BL110: 22 | BM110: 0 | BN110: 0 | BO110: Alex
A111: 45023 | B111: APRIL | C111: 7 | D111: =SUM(E111:H111) -> 588.5 | E111: =SUM(BE111:BN111) -> 150.7 | F111: =SUM(AA111:AJ111) -> 84.7 | G111: =SUM(AU111:BD111) -> 139.7 | H111: =SUM(AL111:AT111) -> 213.4 | I111: 1 | J111: 0.649 | K111: 0.737 | L111: 1.089 | M111: 0.44 | N111: 0.99 | O111: 0.605 | P111: 0.506 | Q111: 0.869 | R111: 1.034 | S111: 0.671 | T111: 0.781 | U111: 0.99 | V111: 0.759 | W111: 0.385 | X111: 1.078 | Y111: 0.341 | Z111: 0.957 | AA111: 8.8 | AB111: 6.6 | AC111: 24.2 | AD111: 13.2 | AE111: 6.6 | AF111: 0 | AG111: 2.2 | AH111: 20.9 | AI111: 0 | AJ111: 2.2 | AK111: 33 | AL111: 31.9 | AM111: 0 | AN111: 44 | AO111: 17.6 | AP111: 0 | AQ111: 41.8 | AR111: 46.2 | AS111: 8.8 | AT111: 23.1 | AU111: 4.4 | AV111: 49.5 | AW111: 23.1 | AX111: 14.3 | AY111: 0 | AZ111: 34.1 | BA111: 14.3 | BB111: 0 | BC111: 0 | BD111: 0 | BE111: 17.6 | BF111: 24.2 | BG111: 0 | BH111: 17.6 | BI111: 0 | BJ111: 33 | BK111: 17.6 | BL111: 12.1 | BM111: 0 | BN111: 28.6 | BO111: Alex
A112: 45024 | B112: APRIL | C112: 8 | D112: =SUM(E112:H112) -> 690.8 | E112: =SUM(BE112:BN112) -> 210.1 | F112: =SUM(AA112:AJ112) -> 201.3 | G112: =SUM(AU112:BD112) -> 135.3 | H112: =SUM(AL112:AT112) -> 144.1 | I112: 1 | J112: 0.913 | K112: 0.99 | L112: 0.814 | M112: 1.012 | N112: 0.374 | O112: 1.078 | P112: 0.616 | Q112: 0.715 | R112: 0.66 | S112: 0.671 | T112: 0.726 | U112: 0.99 | V112: 0.649 | W112: 0.803 | X112: 1.012 | Y112: 0.66 | Z112: 1.012 | AA112: 3.3 | AB112: 19.8 | AC112: 0 | AD112: 36.3 | AE112: 61.6 | AF112: 0 | AG112: 35.2 | AH112: 14.3 | AI112: 30.8 | AJ112: 0 | AK112: 0 | AL112: 0 | AM112: 19.8 | AN112: 0 | AO112: 0 | AP112: 52.8 | AQ112: 1.1 | AR112: 9.9 | AS112: 55 | AT112: 5.5 | AU112: 0 | AV112: 14.3 | AW112: 0 | AX112: 1.1 | AY112: 7.7 | AZ112: 40.7 | BA112: 0 | BB112: 0 | BC112: 31.9 | BD112: 39.6 | BE112: 33 | BF112: 0 | BG112: 57.2 | BH112: 38.5 | BI112: 0 | BJ112: 0 | BK112: 0 | BL112: 44 | BM112: 36.3 | BN112: 1.1 | BO112: Alex
A113: 45025 | B113: APRIL | C113: 9 | D113: =SUM(E113:H113) -> 486.2 | E113: =SUM(BE113:BN113) -> 132 | F113: =SUM(AA113:AJ113) -> 122.1 | G113: =SUM(AU113:BD113) -> 89.1 | H113: =SUM(AL113:AT113) -> 143 | I113: 0 | J113: 0.308 | K113: 0.869 | L113: 0.88 | M113: 0.99 | N113: 0.847 | O113: 0.759 | P113: 0.242 | Q113: 0.176 | R113: 0.682 | S113: 0.605 | T113: 0.693 | U113: 1.078 | V113: 1.045 | W113: 0.396 | X113: 0.627 | Y113: 0.957 | Z113: 0.814 | AA113: 0 | AB113: 16.5 | AC113: 2.2 | AD113: 4.4 | AE113: 13.2 | AF113: 1.1 | AG113: 5.5 | AH113: 33 | AI113: 15.4 | AJ113: 30.8 | AK113: 5.5 | AL113: 8.8 | AM113: 25.3 | AN113: 0 | AO113: 19.8 | AP113: 6.6 | AQ113: 13.2 | AR113: 8.8 | AS113: 56.1 | AT113: 4.4 | AU113: 0 | AV113: 12.1 | AW113: 0 | AX113: 0 | AY113: 14.3 | AZ113: 0 | BA113: 12.1 | BB113: 26.4 | BC113: 24.2 | BD113: 0 | BE113: 36.3 | BF113: 20.9 | BG113: 0 | BH113: 6.6 | BI113: 22 | BJ113: 0 | BK113: 16.5 | BL113: 18.7 | BM113: 0 | BN113: 11 | BO113: Alex
A114: 45026 | B114: APRIL | C114: 10 | D114: =SUM(E114:H114) -> 606.1 | E114: =SUM(BE114:BN114) -> 205.7 | F114: =SUM(AA114:AJ114) -> 75.9 | G114: =SUM(AU114:BD114) -> 187 | H114: =SUM(AL114:AT114) -> 137.5 | I114: 1 | J114: 0.22 | K114: 0.704 | L114: 0.99 | M114: 0.748 | N114: 0.517 | O114: 0.55 | P114: 0.847 | Q114: 0.781 | R114: 0.748 | S114: 0.957 | T114: 0.638 | U114: 1.045 | V114: 0.913 | W114: 1.012 | X114: 1.001 | Y114: 0.55 | Z114: 0.737 | AA114: 13.2 | AB114: 9.9 | AC114: 6.6 | AD114: 0 | AE114: 0 | AF114: 18.7 | AG114: 0 | AH114: 0 | AI114: 18.7 | AJ114: 8.8 | AK114: 2.2 | AL114: 8.8 | AM114: 28.6 | AN114: 25.3 | AO114: 16.5 | AP114: 39.6 | AQ114: 0 | AR114: 0 | AS114: 18.7 | AT114: 0 | AU114: 1.1 | AV114: 44 | AW114: 28.6 | AX114: 12.1 | AY114: 16.5 | AZ114: 42.9 | BA114: 17.6 | BB114: 24.2 | BC114: 0 | BD114: 0 | BE114: 0 | BF114: 34.1 | BG114: 40.7 | BH114: 11 | BI114: 0 | BJ114: 8.8 | BK114: 34.1 | BL114: 0 | BM114: 46.2 | BN114: 30.8 | BO114: Alex
A115: 45027 | B115: APRIL | C115: 11 | D115: =SUM(E115:H115) -> 513.7 | E115: =SUM(BE115:BN115) -> 154 | F115: =SUM(AA115:AJ115) -> 187 | G115: =SUM(AU115:BD115) -> 97.9 | H115: =SUM(AL115:AT115) -> 74.8 | I115: 0 | J115: 0.385 | K115: 0.737 | L115: 0.792 | M115: 0.924 | N115: 0.66 | O115: 1.012 | P115: 0.715 | Q115: 0.759 | R115: 0.671 | S115: 0.847 | T115: 0.748 | U115: 0.638 | V115: 0.55 | W115: 1.089 | X115: 0.891 | Y115: 1.078 | Z115: 0.979 | AA115: 8.8 | AB115: 40.7 | AC115: 19.8 | AD115: 0 | AE115: 6.6 | AF115: 18.7 | AG115: 60.5 | AH115: 1.1 | AI115: 0 | AJ115: 30.8 | AK115: 3.3 | AL115: 5.5 | AM115: 9.9 | AN115: 0 | AO115: 1.1 | AP115: 7.7 | AQ115: 0 | AR115: 6.6 | AS115: 26.4 | AT115: 17.6 | AU115: 13.2 | AV115: 3.3 | AW115: 2.2 | AX115: 7.7 | AY115: 7.7 | AZ115: 9.9 | BA115: 27.5 | BB115: 0 | BC115: 26.4 | BD115: 0 | BE115: 15.4 | BF115: 1.1 | BG115: 56.1 | BH115: 35.2 | BI115: 5.5 | BJ115: 3.3 | BK115: 5.5 | BL115: 4.4 | BM115: 19.8 | BN115: 7.7 | BO115: Alex
A116: 45028 | B116: APRIL | C116: 12 | D116: =SUM(E116:H116) -> 492.8 | E116: =SUM(BE116:BN116) -> 145.2 | F116: =SUM(AA116:AJ116) -> 133.1 | G116: =SUM(AU116:BD116) -> 90.2 | H116: =SUM(AL116:AT116) -> 124.3 | I116: 0 | J116: 0.44 | K116: 0.572 | L116: 0.935 | M116: 0.924 | N116: 0.396 | O116: 0.957 | P116: 0.671 | Q116: 0.88 | R116: 0.792 | S116: 0.693 | T116: 1.1 | U116: 1.045 | V116: 0.561 | W116: 0.825 | X116: 0.451 | Y116: 0.33 | Z116: 1.023 | AA116: 6.6 | AB116: 8.8 | AC116: 3.3 | AD116: 2.2 | AE116: 0 | AF116: 3.3 | AG116: 7.7 | AH116: 55 | AI116: 33 | AJ116: 13.2 | AK116: 0 | AL116: 18.7 | AM116: 19.8 | AN116: 0 | AO116: 6.6 | AP116: 46.2 | AQ116: 14.3 | AR116: 12.1 | AS116: 1.1 | AT116: 5.5 | AU116: 25.3 | AV116: 0 | AW116: 0 | AX116: 2.2 | AY116: 33 | AZ116: 11 | BA116: 4.4 | BB116: 12.1 | BC116: 2.2 | BD116: 0 | BE116: 29.7 | BF116: 5.5 | BG116: 44 | BH116: 0 | BI116: 0 | BJ116: 0 | BK116: 14.3 | BL116: 45.1 | BM116: 0 | BN116: 6.6 | BO116: Alex
... A134: 45046 | B134: APRIL | C134: 30 | D134: =SUM(E134:H134) -> 496.1 | E134: =SUM(BE134:BN134) -> 195.8 | F134: =SUM(AA134:AJ134) -> 117.7 | G134: =SUM(AU134:BD134) -> 107.8 | H134: =SUM(AL134:AT134) -> 74.8 | I134: 0 | J134: 0.451 | K134: 0.319 | L134: 0.352 | M134: 0.814 | N134: 0.803 | O134: 1.012 | P134: 0.627 | Q134: 0.803 | R134: 0.825 | S134: 0.66 | T134: 0.869 | U134: 0.88 | V134: 0.484 | W134: 1.012 | X134: 0.44 | Y134: 0.484 | Z134: 0.847 | AA134: 2.2 | AB134: 36.3 | AC134: 3.3 | AD134: 0 | AE134: 0 | AF134: 6.6 | AG134: 25.3 | AH134: 8.8 | AI134: 31.9 | AJ134: 3.3 | AK134: 0 | AL134: 14.3 | AM134: 2.2 | AN134: 0 | AO134: 0 | AP134: 0 | AQ134: 14.3 | AR134: 34.1 | AS134: 9.9 | AT134: 0 | AU134: 22 | AV134: 9.9 | AW134: 2.2 | AX134: 47.3 | AY134: 6.6 | AZ134: 11 | BA134: 0 | BB134: 5.5 | BC134: 3.3 | BD134: 0 | BE134: 11 | BF134: 11 | BG134: 18.7 | BH134: 52.8 | BI134: 8.8 | BJ134: 29.7 | BK134: 33 | BL134: 0 | BM134: 4.4 | BN134: 26.4 | BO134: Alex
B135: MAY | C135: 0.01 | D135: =SUM(E135:H135) -> 0 | E135: 0 | F135: 0 | G135: 0 | H135: 0 | I135: 0 | J135: 0 | K135: 0 | L135: 0 | M135: 0 | N135: 0 | O135: 0 | P135: 0 | Q135: 0 | R135: 0 | S135: 0 | T135: 0 | U135: 0 | V135: 0 | W135: 0 | X135: 0 | Y135: 0 | Z135: 0 | AA135: 0 | AB135: 0 | AC135: 0 | AD135: 0 | AE135: 0 | AF135: 0 | AG135: 0 | AH135: 0 | AI135: 0 | AJ135: 0 | AK135: 0 | AL135: 0 | AM135: 0 | AN135: 0 | AO135: 0 | AP135: 0 | AQ135: 0 | AR135: 0 | AS135: 0 | AT135: 0 | AU135: 0 | AV135: 0 | AW135: 0 | AX135: 0 | AY135: 0 | AZ135: 0 | BA135: 0 | BB135: 0 | BC135: 0 | BD135: 0 | BE135: 0 | BF135: 0 | BG135: 0 | BH135: 0 | BI135: 0 | BJ135: 0 | BK135: 0 | BL135: 0 | BM135: 0 | BN135: 0
A136: 45047 | B136: MAY | C136: 1 | D136: =SUM(E136:H136) -> 573.1 | E136: =SUM(BE136:BN136) -> 176 | F136: =SUM(AA136:AJ136) -> 82.5 | G136: =SUM(AU136:BD136) -> 148.5 | H136: =SUM(AL136:AT136) -> 166.1 | I136: 0 | J136: 1.078 | K136: 0.616 | L136: 0.572 | M136: 0.957 | N136: 0.88 | O136: 1.023 | P136: 0.88 | Q136: 1.1 | R136: 0.66 | S136: 0.165 | T136: 0.957 | U136: 0.462 | V136: 1.089 | W136: 0.792 | X136: 0.99 | Y136: 0.308 | Z136: 0.935 | AA136: 15.4 | AB136: 7.7 | AC136: 0 | AD136: 24.2 | AE136: 9.9 | AF136: 11 | AG136: 0 | AH136: 0 | AI136: 14.3 | AJ136: 0 | AK136: 31.9 | AL136: 22 | AM136: 14.3 | AN136: 26.4 | AO136: 38.5 | AP136: 0 | AQ136: 9.9 | AR136: 0 | AS136: 23.1 | AT136: 31.9 | AU136: 0 | AV136: 17.6 | AW136: 57.2 | AX136: 3.3 | AY136: 31.9 | AZ136: 0 | BA136: 0 | BB136: 0 | BC136: 17.6 | BD136: 20.9 | BE136: 1.1 | BF136: 8.8 | BG136: 31.9 | BH136: 15.4 | BI136: 12.1 | BJ136: 20.9 | BK136: 0 | BL136: 27.5 | BM136: 0 | BN136: 58.3 | BO136: Alex
A137: 45048 | B137: MAY | C137: 2 | D137: =SUM(E137:H137) -> 513.7 | E137: =SUM(BE137:BN137) -> 160.6 | F137: =SUM(AA137:AJ137) -> 146.3 | G137: =SUM(AU137:BD137) -> 125.4 | H137: =SUM(AL137:AT137) -> 81.4 | I137: 0 | J137: 0.605 | K137: 1.089 | L137: 0.77 | M137: 0.968 | N137: 0.913 | O137: 0.627 | P137: 0.616 | Q137: 1.089 | R137: 0.935 | S137: 0.748 | T137: 0.858 | U137: 0.869 | V137: 1.012 | W137: 0.44 | X137: 0.319 | Y137: 0.616 | Z137: 0.495 | AA137: 6.6 | AB137: 0 | AC137: 9.9 | AD137: 9.9 | AE137: 49.5 | AF137: 30.8 | AG137: 3.3 | AH137: 27.5 | AI137: 8.8 | AJ137: 0 | AK137: 37.4 | AL137: 13.2 | AM137: 0 | AN137: 16.5 | AO137: 19.8 | AP137: 0 | AQ137: 5.5 | AR137: 15.4 | AS137: 11 | AT137: 0 | AU137: 7.7 | AV137: 7.7 | AW137: 2.2 | AX137: 5.5 | AY137: 34.1 | AZ137: 3.3 | BA137: 0 | BB137: 3.3 | BC137: 16.5 | BD137: 45.1 | BE137: 16.5 | BF137: 56.1 | BG137: 8.8 | BH137: 25.3 | BI137: 20.9 | BJ137: 14.3 | BK137: 9.9 | BL137: 0 | BM137: 5.5 | BN137: 3.3 | BO137: Alex
A138: 45049 | B138: MAY | C138: 3 | D138: =SUM(E138:H138) -> 523.6 | E138: =SUM(BE138:BN138) -> 188.1 | F138: =SUM(AA138:AJ138) -> 68.2 | G138: =SUM(AU138:BD138) -> 169.4 | H138: =SUM(AL138:AT138) -> 97.9 | I138: 0 | J138: 0.506 | K138: 0.792 | L138: 0.946 | M138: 0.627 | N138: 0.77 | O138: 0.847 | P138: 0.825 | Q138: 1.067 | R138: 0.704 | S138: 0.528 | T138: 0.979 | U138: 1.023 | V138: 0.979 | W138: 0.968 | X138: 1.089 | Y138: 0.44 | Z138: 0.297 | AA138: 2.2 | AB138: 8.8 | AC138: 0 | AD138: 5.5 | AE138: 6.6 | AF138: 0 | AG138: 0 | AH138: 29.7 | AI138: 5.5 | AJ138: 9.9 | AK138: 3.3 | AL138: 20.9 | AM138: 1.1 | AN138: 4.4 | AO138: 14.3 | AP138: 5.5 | AQ138: 35.2 | AR138: 0 | AS138: 14.3 | AT138: 2.2 | AU138: 22 | AV138: 11 | AW138: 14.3 | AX138: 4.4 | AY138: 9.9 | AZ138: 20.9 | BA138: 12.1 | BB138: 36.3 | BC138: 2.2 | BD138: 36.3 | BE138: 0 | BF138: 12.1 | BG138: 33 | BH138: 2.2 | BI138: 4.4 | BJ138: 29.7 | BK138: 44 | BL138: 19.8 | BM138: 0 | BN138: 42.9 | BO138: Alex
A139: 45050 | B139: MAY | C139: 4 | D139: =SUM(E139:H139) -> 353.1 | E139: =SUM(BE139:BN139) -> 83.6 | F139: =SUM(AA139:AJ139) -> 99 | G139: =SUM(AU139:BD139) -> 29.7 | H139: =SUM(AL139:AT139) -> 140.8 | I139: 0 | J139: 0.275 | K139: 0.781 | L139: 1.023 | M139: 0.836 | N139: 0.77 | O139: 0.737 | P139: 0.825 | Q139: 1.089 | R139: 0.946 | S139: 0.517 | T139: 0.693 | U139: 0.913 | V139: 0.891 | W139: 0.924 | X139: 0.11 | Y139: 0.869 | Z139: 0.792 | AA139: 0 | AB139: 27.5 | AC139: 16.5 | AD139: 6.6 | AE139: 18.7 | AF139: 0 | AG139: 0 | AH139: 29.7 | AI139: 0 | AJ139: 0 | AK139: 48.4 | AL139: 8.8 | AM139: 36.3 | AN139: 7.7 | AO139: 8.8 | AP139: 9.9 | AQ139: 28.6 | AR139: 0 | AS139: 40.7 | AT139: 0 | AU139: 0 | AV139: 0 | AW139: 0 | AX139: 1.1 | AY139: 0 | AZ139: 0 | BA139: 28.6 | BB139: 0 | BC139: 0 | BD139: 0 | BE139: 5.5 | BF139: 1.1 | BG139: 0 | BH139: 8.8 | BI139: 1.1 | BJ139: 34.1 | BK139: 2.2 | BL139: 29.7 | BM139: 1.1 | BN139: 0 | BO139: Alex
A140: 45051 | B140: MAY | C140: 5 | D140: =SUM(E140:H140) -> 401.5 | E140: =SUM(BE140:BN140) -> 72.6 | F140: =SUM(AA140:AJ140) -> 108.9 | G140: =SUM(AU140:BD140) -> 111.1 | H140: =SUM(AL140:AT140) -> 108.9 | I140: 1 | J140: 0.165 | K140: 0.616 | L140: 0.847 | M140: 0.968 | N140: 1.001 | O140: 0.748 | P140: 0.418 | Q140: 0.748 | R140: 0.715 | S140: 0.825 | T140: 1.1 | U140: 0.341 | V140: 1.056 | W140: 1.067 | X140: 1.001 | Y140: 0.814 | Z140: 1.067 | AA140: 0 | AB140: 0 | AC140: 0 | AD140: 40.7 | AE140: 7.7 | AF140: 0 | AG140: 22 | AH140: 0 | AI140: 19.8 | AJ140: 18.7 | AK140: 11 | AL140: 2.2 | AM140: 22 | AN140: 0 | AO140: 45.1 | AP140: 0 | AQ140: 14.3 | AR140: 0 | AS140: 25.3 | AT140: 0 | AU140: 0 | AV140: 6.6 | AW140: 9.9 | AX140: 8.8 | AY140: 16.5 | AZ140: 11 | BA140: 8.8 | BB140: 1.1 | BC140: 22 | BD140: 26.4 | BE140: 17.6 | BF140: 5.5 | BG140: 0 | BH140: 15.4 | BI140: 9.9 | BJ140: 3.3 | BK140: 6.6 | BL140: 0 | BM140: 12.1 | BN140: 2.2 | BO140: Alex
A141: 45052 | B141: MAY | C141: 6 | D141: =SUM(E141:H141) -> 479.6 | E141: =SUM(BE141:BN141) -> 157.3 | F141: =SUM(AA141:AJ141) -> 114.4 | G141: =SUM(AU141:BD141) -> 132 | H141: =SUM(AL141:AT141) -> 75.9 | I141: 0 | J141: 0.385 | K141: 0.682 | L141: 0.869 | M141: 0.913 | N141: 1.078 | O141: 1.067 | P141: 0.726 | Q141: 0.77 | R141: 0.803 | S141: 0.77 | T141: 0.825 | U141: 0.528 | V141: 1.067 | W141: 1.067 | X141: 0.418 | Y141: 1.078 | Z141: 1.045 | AA141: 6.6 | AB141: 14.3 | AC141: 4.4 | AD141: 14.3 | AE141: 2.2 | AF141: 8.8 | AG141: 11 | AH141: 13.2 | AI141: 5.5 | AJ141: 34.1 | AK141: 0 | AL141: 11 | AM141: 25.3 | AN141: 0 | AO141: 0 | AP141: 1.1 | AQ141: 14.3 | AR141: 0 | AS141: 7.7 | AT141: 16.5 | AU141: 0 | AV141: 27.5 | AW141: 13.2 | AX141: 0 | AY141: 0 | AZ141: 33 | BA141: 23.1 | BB141: 26.4 | BC141: 0 | BD141: 8.8 | BE141: 0 | BF141: 0 | BG141: 36.3 | BH141: 5.5 | BI141: 0 | BJ141: 37.4 | BK141: 22 | BL141: 46.2 | BM141: 0 | BN141: 9.9 | BO141: Alex
A142: 45053 | B142: MAY | C142: 7 | D142: =SUM(E142:H142) -> 477.4 | E142: =SUM(BE142:BN142) -> 148.5 | F142: =SUM(AA142:AJ142) -> 110 | G142: =SUM(AU142:BD142) -> 130.9 | H142: =SUM(AL142:AT142) -> 88 | I142: 0 | J142: 0.88 | K142: 0.825 | L142: 0.99 | M142: 0.902 | N142: 0.979 | O142: 0.682 | P142: 0.704 | Q142: 0.759 | R142: 0.847 | S142: 0.781 | T142: 0.946 | U142: 0.33 | V142: 1.1 | W142: 0.99 | X142: 0.979 | Y142: 0.869 | Z142: 1.089 | AA142: 12.1 | AB142: 16.5 | AC142: 8.8 | AD142: 0 | AE142: 0 | AF142: 6.6 | AG142: 0 | AH142: 28.6 | AI142: 37.4 | AJ142: 0 | AK142: 0 | AL142: 0 | AM142: 31.9 | AN142: 5.5 | AO142: 0 | AP142: 3.3 | AQ142: 15.4 | AR142: 27.5 | AS142: 4.4 | AT142: 0 | AU142: 16.5 | AV142: 4.4 | AW142: 0 | AX142: 0 | AY142: 1.1 | AZ142: 45.1 | BA142: 51.7 | BB142: 0 | BC142: 0 | BD142: 12.1 | BE142: 23.1 | BF142: 0 | BG142: 24.2 | BH142: 3.3 | BI142: 3.3 | BJ142: 25.3 | BK142: 18.7 | BL142: 9.9 | BM142: 31.9 | BN142: 8.8 | BO142: Alex
A143: 45054 | B143: MAY | C143: 8 | D143: =SUM(E143:H143) -> 491.7 | E143: =SUM(BE143:BN143) -> 133.1 | F143: =SUM(AA143:AJ143) -> 52.8 | G143: =SUM(AU143:BD143) -> 123.2 | H143: =SUM(AL143:AT143) -> 182.6 | I143: 0 | J143: 0.913 | K143: 0.759 | L143: 0.814 | M143: 0.957 | N143: 1.012 | O143: 0.638 | P143: 0.737 | Q143: 0.979 | R143: 0.429 | S143: 0.638 | T143: 0.792 | U143: 0.99 | V143: 0.528 | W143: 0.847 | X143: 0.792 | Y143: 1.056 | Z143: 0.341 | AA143: 1.1 | AB143: 14.3 | AC143: 19.8 | AD143: 6.6 | AE143: 0 | AF143: 11 | AG143: 0 | AH143: 0 | AI143: 0 | AJ143: 0 | AK143: 8.8 | AL143: 4.4 | AM143: 0 | AN143: 9.9 | AO143: 51.7 | AP143: 14.3 | AQ143: 23.1 | AR143: 55 | AS143: 0 | AT143: 24.2 | AU143: 0 | AV143: 0 | AW143: 20.9 | AX143: 46.2 | AY143: 0 | AZ143: 5.5 | BA143: 2.2 | BB143: 11 | BC143: 0 | BD143: 37.4 | BE143: 1.1 | BF143: 19.8 | BG143: 19.8 | BH143: 0 | BI143: 0 | BJ143: 11 | BK143: 51.7 | BL143: 0 | BM143: 16.5 | BN143: 13.2 | BO143: Alex
A144: 45055 | B144: MAY | C144: 9 | D144: =SUM(E144:H144) -> 589.6 | E144: =SUM(BE144:BN144) -> 157.3 | F144: =SUM(AA144:AJ144) -> 107.8 | G144: =SUM(AU144:BD144) -> 123.2 | H144: =SUM(AL144:AT144) -> 201.3 | I144: 0 | J144: 0.957 | K144: 0.792 | L144: 0.847 | M144: 0.99 | N144: 1.045 | O144: 0.737 | P144: 0.11 | Q144: 0.737 | R144: 0.968 | S144: 0.957 | T144: 0.77 | U144: 0.506 | V144: 1.1 | W144: 1.078 | X144: 0.803 | Y144: 1.045 | Z144: 0.594 | AA144: 15.4 | AB144: 0 | AC144: 0 | AD144: 0 | AE144: 20.9 | AF144: 23.1 | AG144: 24.2 | AH144: 16.5 | AI144: 0 | AJ144: 7.7 | AK144: 15.4 | AL144: 3.3 | AM144: 23.1 | AN144: 46.2 | AO144: 3.3 | AP144: 13.2 | AQ144: 17.6 | AR144: 4.4 | AS144: 48.4 | AT144: 41.8 | AU144: 38.5 | AV144: 0 | AW144: 29.7 | AX144: 15.4 | AY144: 4.4 | AZ144: 0 | BA144: 28.6 | BB144: 0 | BC144: 6.6 | BD144: 0 | BE144: 26.4 | BF144: 8.8 | BG144: 8.8 | BH144: 14.3 | BI144: 28.6 | BJ144: 39.6 | BK144: 7.7 | BL144: 4.4 | BM144: 17.6 | BN144: 1.1 | BO144: Alex
A145: 45056 | B145: MAY | C145: 10 | D145: =SUM(E145:H145) -> 558.8 | E145: =SUM(BE145:BN145) -> 166.1 | F145: =SUM(AA145:AJ145) -> 51.7 | G145: =SUM(AU145:BD145) -> 170.5 | H145: =SUM(AL145:AT145) -> 170.5 | I145: 0 | J145: 0.88 | K145: 0.385 | L145: 1.089 | M145: 0.902 | N145: 0.979 | O145: 0.704 | P145: 0.968 | Q145: 0.759 | R145: 1.023 | S145: 0.759 | T145: 0.825 | U145: 0.11 | V145: 0.352 | W145: 0.275 | X145: 0.616 | Y145: 0.682 | Z145: 0.33 | AA145: 1.1 | AB145: 0 | AC145: 2.2 | AD145: 1.1 | AE145: 1.2505552e-13 | AF145: 2.2 | AG145: 0 | AH145: 13.2 | AI145: 19.8 | AJ145: 12.1 | AK145: 30.8 | AL145: 22 | AM145: 2.2 | AN145: 22 | AO145: 18.7 | AP145: 0 | AQ145: 22 | AR145: 48.4 | AS145: 13.2 | AT145: 22 | AU145: 15.4 | AV145: 37.4 | AW145: 0 | AX145: 47.3 | AY145: 6.6 | AZ145: 0 | BA145: 40.7 | BB145: 0 | BC145: 9.9 | BD145: 13.2 | BE145: 35.2 | BF145: 46.2 | BG145: 4.4 | BH145: 13.2 | BI145: 18.7 | BJ145: 6.6 | BK145: 25.3 | BL145: 0 | BM145: 0 | BN145: 16.5 | BO145: Alex
A146: 45057 | B146: MAY | C146: 11 | D146: =SUM(E146:H146) -> 416.9 | E146: =SUM(BE146:BN146) -> 114.4 | F146: =SUM(AA146:AJ146) -> 70.4 | G146: =SUM(AU146:BD146) -> 125.4 | H146: =SUM(AL146:AT146) -> 106.7 | I146: 0 | J146: 0.55 | K146: 0.638 | L146: 0.858 | M146: 0.935 | N146: 0.517 | O146: 0.66 | P146: 0.781 | Q146: 1.056 | R146: 1.1 | S146: 0.715 | T146: 0.858 | U146: 0.979 | V146: 0.517 | W146: 1.045 | X146: 0.506 | Y146: 0.451 | Z146: 0.759 | AA146: 0 | AB146: 11 | AC146: 0 | AD146: 13.2 | AE146: 0 | AF146: 16.5 | AG146: 15.4 | AH146: 12.1 | AI146: 0 | AJ146: 2.2 | AK146: 0 | AL146: 31.9 | AM146: 34.1 | AN146: 0 | AO146: 12.1 | AP146: 0 | AQ146: 0 | AR146: 12.1 | AS146: 0 | AT146: 16.5 | AU146: 0 | AV146: 27.5 | AW146: 0 | AX146: 11 | AY146: 3.3 | AZ146: 31.9 | BA146: 25.3 | BB146: 17.6 | BC146: 8.8 | BD146: 0 | BE146: 20.9 | BF146: 15.4 | BG146: 9.9 | BH146: 12.1 | BI146: 1.1 | BJ146: 0 | BK146: 0 | BL146: 26.4 | BM146: 15.4 | BN146: 13.2 | BO146: Alex
A147: 45058 | B147: MAY | C147: 12 | D147: =SUM(E147:H147) -> 646.8 | E147: =SUM(BE147:BN147) -> 194.7 | F147: =SUM(AA147:AJ147) -> 190.3 | G147: =SUM(AU147:BD147) -> 168.3 | H147: =SUM(AL147:AT147) -> 93.5 | I147: 0 | J147: 0.363 | K147: 0.759 | L147: 0.913 | M147: 0.902 | N147: 1.056 | O147: 0.748 | P147: 0.946 | Q147: 0.693 | R147: 0.781 | S147: 0.957 | T147: 0.737 | U147: 0.957 | V147: 0.99 | W147: 1.056 | X147: 0.165 | Y147: 0.451 | Z147: 0.418 | AA147: 13.2 | AB147: 13.2 | AC147: 29.7 | AD147: 8.8 | AE147: 13.2 | AF147: 11 | AG147: 7.7 | AH147: 44 | AI147: 0 | AJ147: 49.5 | AK147: 1.1 | AL147: 0 | AM147: 0 | AN147: 0 | AO147: 12.1 | AP147: 4.4 | AQ147: 0 | AR147: 33 | AS147: 39.6 | AT147: 4.4 | AU147: 26.4 | AV147: 36.3 | AW147: 51.7 | AX147: 0 | AY147: 0 | AZ147: 15.4 | BA147: 0 | BB147: 0 | BC147: 12.1 | BD147: 26.4 | BE147: 0 | BF147: 36.3 | BG147: 12.1 | BH147: 17.6 | BI147: 19.8 | BJ147: 39.6 | BK147: 6.6 | BL147: 16.5 | BM147: 14.3 | BN147: 31.9 | BO147: Alex
... A166: 45077 | B166: MAY | C166: 31 | D166: =SUM(E166:H166) -> 508.2 | E166: =SUM(BE166:BN166) -> 121 | F166: =SUM(AA166:AJ166) -> 56.1 | G166: =SUM(AU166:BD166) -> 183.7 | H166: =SUM(AL166:AT166) -> 147.4 | I166: 0 | J166: 0.649 | K166: 1.012 | L166: 0.836 | M166: 0.924 | N166: 1.089 | O166: 0.132 | P166: 0.726 | Q166: 0.704 | R166: 0.979 | S166: 1.1 | T166: 0.759 | U166: 0.517 | V166: 0.99 | W166: 0.935 | X166: 1.056 | Y166: 0.44 | Z166: 1.1 | AA166: 5.5 | AB166: 0 | AC166: 2.2 | AD166: 0 | AE166: 3.3 | AF166: 15.4 | AG166: 0 | AH166: 0 | AI166: 5.5 | AJ166: 24.2 | AK166: 22 | AL166: 0 | AM166: 7.7 | AN166: 0 | AO166: 33 | AP166: 0 | AQ166: 5.5 | AR166: 30.8 | AS166: 19.8 | AT166: 50.6 | AU166: 0 | AV166: 0 | AW166: 50.6 | AX166: 24.2 | AY166: 2.2 | AZ166: 18.7 | BA166: 12.1 | BB166: 26.4 | BC166: 7.7 | BD166: 41.8 | BE166: 4.4 | BF166: 29.7 | BG166: 6.6 | BH166: 0 | BI166: 6.6 | BJ166: 0 | BK166: 45.1 | BL166: 0 | BM166: 15.4 | BN166: 13.2 | BO166: Alex
B167: JUNE | C167: 0.01 | D167: =SUM(E167:H167) -> 0 | E167: 0 | F167: 0 | G167: 0 | H167: 0 | I167: 0 | J167: 0 | K167: 0 | L167: 0 | M167: 0 | N167: 0 | O167: 0 | P167: 0 | Q167: 0 | R167: 0 | S167: 0 | T167: 0 | U167: 0 | V167: 0 | W167: 0 | X167: 0 | Y167: 0 | Z167: 0 | AA167: 0 | AB167: 0 | AC167: 0 | AD167: 0 | AE167: 0 | AF167: 0 | AG167: 0 | AH167: 0 | AI167: 0 | AJ167: 0 | AK167: 0 | AL167: 0 | AM167: 0 | AN167: 0 | AO167: 0 | AP167: 0 | AQ167: 0 | AR167: 0 | AS167: 0 | AT167: 0 | AU167: 0 | AV167: 0 | AW167: 0 | AX167: 0 | AY167: 0 | AZ167: 0 | BA167: 0 | BB167: 0 | BC167: 0 | BD167: 0 | BE167: 0 | BF167: 0 | BG167: 0 | BH167: 0 | BI167: 0 | BJ167: 0 | BK167: 0 | BL167: 0 | BM167: 0 | BN167: 0
B168: JUNE | C168: 0.02 | D168: =SUM(E168:H168) -> 0 | E168: 0 | F168: 0 | G168: 0 | H168: 0 | I168: 0 | J168: 0 | K168: 0 | L168: 0 | M168: 0 | N168: 0 | O168: 0 | P168: 0 | Q168: 0 | R168: 0 | S168: 0 | T168: 0 | U168: 0 | V168: 0 | W168: 0 | X168: 0 | Y168: 0 | Z168: 0 | AA168: 0 | AB168: 0 | AC168: 0 | AD168: 0 | AE168: 0 | AF168: 0 | AG168: 0 | AH168: 0 | AI168: 0 | AJ168: 0 | AK168: 0 | AL168: 0 | AM168: 0 | AN168: 0 | AO168: 0 | AP168: 0 | AQ168: 0 | AR168: 0 | AS168: 0 | AT168: 0 | AU168: 0 | AV168: 0 | AW168: 0 | AX168: 0 | AY168: 0 | AZ168: 0 | BA168: 0 | BB168: 0 | BC168: 0 | BD168: 0 | BE168: 0 | BF168: 0 | BG168: 0 | BH168: 0 | BI168: 0 | BJ168: 0 | BK168: 0 | BL168: 0 | BM168: 0 | BN168: 0
B169: JUNE | C169: 0.03 | D169: =SUM(E169:H169) -> 0 | E169: 0 | F169: 0 | G169: 0 | H169: 0 | I169: 0 | J169: 0 | K169: 0 | L169: 0 | M169: 0 | N169: 0 | O169: 0 | P169: 0 | Q169: 0 | R169: 0 | S169: 0 | T169: 0 | U169: 0 | V169: 0 | W169: 0 | X169: 0 | Y169: 0 | Z169: 0 | AA169: 0 | AB169: 0 | AC169: 0 | AD169: 0 | AE169: 0 | AF169: 0 | AG169: 0 | AH169: 0 | AI169: 0 | AJ169: 0 | AK169: 0 | AL169: 0 | AM169: 0 | AN169: 0 | AO169: 0 | AP169: 0 | AQ169: 0 | AR169: 0 | AS169: 0 | AT169: 0 | AU169: 0 | AV169: 0 | AW169: 0 | AX169: 0 | AY169: 0 | AZ169: 0 | BA169: 0 | BB169: 0 | BC169: 0 | BD169: 0 | BE169: 0 | BF169: 0 | BG169: 0 | BH169: 0 | BI169: 0 | BJ169: 0 | BK169: 0 | BL169: 0 | BM169: 0 | BN169: 0
B170: JUNE | C170: 0.04 | D170: =SUM(E170:H170) -> 0 | E170: 0 | F170: 0 | G170: 0 | H170: 0 | I170: 0 | J170: 0 | K170: 0 | L170: 0 | M170: 0 | N170: 0 | O170: 0 | P170: 0 | Q170: 0 | R170: 0 | S170: 0 | T170: 0 | U170: 0 | V170: 0 | W170: 0 | X170: 0 | Y170: 0 | Z170: 0 | AA170: 0 | AB170: 0 | AC170: 0 | AD170: 0 | AE170: 0 | AF170: 0 | AG170: 0 | AH170: 0 | AI170: 0 | AJ170: 0 | AK170: 0 | AL170: 0 | AM170: 0 | AN170: 0 | AO170: 0 | AP170: 0 | AQ170: 0 | AR170: 0 | AS170: 0 | AT170: 0 | AU170: 0 | AV170: 0 | AW170: 0 | AX170: 0 | AY170: 0 | AZ170: 0 | BA170: 0 | BB170: 0 | BC170: 0 | BD170: 0 | BE170: 0 | BF170: 0 | BG170: 0 | BH170: 0 | BI170: 0 | BJ170: 0 | BK170: 0 | BL170: 0 | BM170: 0 | BN170: 0
A171: 45078 | B171: JUNE | C171: 1 | D171: =SUM(E171:H171) -> 438.9 | E171: =SUM(BE171:BN171) -> 118.8 | F171: =SUM(AA171:AJ171) -> 72.6 | G171: =SUM(AU171:BD171) -> 124.3 | H171: =SUM(AL171:AT171) -> 123.2 | I171: 1 | J171: 1.089 | K171: 0.946 | L171: 0.88 | M171: 0.88 | N171: 0.968 | O171: 0.704 | P171: 0.66 | Q171: 0.11 | R171: 0.737 | S171: 0.825 | T171: 0.935 | U171: 0.462 | V171: 1.078 | W171: 0.704 | X171: 0.946 | Y171: 0.572 | Z171: 0.946 | AA171: 0 | AB171: 6.6 | AC171: 4.4 | AD171: 0 | AE171: 2.2 | AF171: 1.1 | AG171: 41.8 | AH171: 0 | AI171: 5.5 | AJ171: 11 | AK171: 0 | AL171: 0 | AM171: 36.3 | AN171: 12.1 | AO171: 0 | AP171: 6.6 | AQ171: 24.2 | AR171: 11 | AS171: 33 | AT171: 0 | AU171: 0 | AV171: 0 | AW171: 0 | AX171: 9.9 | AY171: 8.8 | AZ171: 24.2 | BA171: 51.7 | BB171: 5.5 | BC171: 8.8 | BD171: 15.4 | BE171: 5.5 | BF171: 36.3 | BG171: 11 | BH171: 5.5 | BI171: 4.4 | BJ171: 8.8 | BK171: 7.7 | BL171: 30.8 | BM171: 6.6 | BN171: 2.2 | BO171: Alex
A172: 45079 | B172: JUNE | C172: 2 | D172: =SUM(E172:H172) -> 455.4 | E172: =SUM(BE172:BN172) -> 114.4 | F172: =SUM(AA172:AJ172) -> 95.7 | G172: =SUM(AU172:BD172) -> 127.6 | H172: =SUM(AL172:AT172) -> 117.7 | I172: 0 | J172: 0.44 | K172: 0.649 | L172: 1.089 | M172: 0.209 | N172: 1.056 | O172: 0.836 | P172: 0.638 | Q172: 0.726 | R172: 1.078 | S172: 1.045 | T172: 0.99 | U172: 0.594 | V172: 0.693 | W172: 0.858 | X172: 0.583 | Y172: 0.99 | Z172: 0.484 | AA172: 26.4 | AB172: 5.5 | AC172: 0 | AD172: 12.1 | AE172: 0 | AF172: 0 | AG172: 25.3 | AH172: 1.1 | AI172: 2.2 | AJ172: 23.1 | AK172: 11 | AL172: 0 | AM172: 19.8 | AN172: 9.9 | AO172: 0 | AP172: 0 | AQ172: 40.7 | AR172: 13.2 | AS172: 6.6 | AT172: 27.5 | AU172: 0 | AV172: 0 | AW172: 0 | AX172: 0 | AY172: 23.1 | AZ172: 1.1 | BA172: 42.9 | BB172: 9.9 | BC172: 46.2 | BD172: 4.4 | BE172: 13.2 | BF172: 27.5 | BG172: 11 | BH172: 16.5 | BI172: 6.6 | BJ172: 3.3 | BK172: 0 | BL172: 6.6 | BM172: 14.3 | BN172: 15.4 | BO172: Alex
A173: 45080 | B173: JUNE | C173: 3 | D173: =SUM(E173:H173) -> 485.1 | E173: =SUM(BE173:BN173) -> 192.5 | F173: =SUM(AA173:AJ173) -> 113.3 | G173: =SUM(AU173:BD173) -> 64.9 | H173: =SUM(AL173:AT173) -> 114.4 | I173: 0 | J173: 0.418 | K173: 0.704 | L173: 0.814 | M173: 0.66 | N173: 0.176 | O173: 0.748 | P173: 0.825 | Q173: 1.012 | R173: 0.99 | S173: 0.836 | T173: 0.957 | U173: 0.803 | V173: 1.078 | W173: 0.363 | X173: 0.935 | Y173: 0.396 | Z173: 1.012 | AA173: 0 | AB173: 0 | AC173: 13.2 | AD173: 0 | AE173: 0 | AF173: 30.8 | AG173: 4.4 | AH173: 0 | AI173: 39.6 | AJ173: 25.3 | AK173: 4.4 | AL173: 12.1 | AM173: 15.4 | AN173: 11 | AO173: 19.8 | AP173: 29.7 | AQ173: 0 | AR173: 8.8 | AS173: 0 | AT173: 17.6 | AU173: 0 | AV173: 0 | AW173: 0 | AX173: 35.2 | AY173: 12.1 | AZ173: 0 | BA173: 0 | BB173: 11 | BC173: 4.4 | BD173: 2.2 | BE173: 49.5 | BF173: 2.2 | BG173: 29.7 | BH173: 31.9 | BI173: 2.2 | BJ173: 20.9 | BK173: 0 | BL173: 34.1 | BM173: 0 | BN173: 22 | BO173: Alex
A174: 45081 | B174: JUNE | C174: 4 | D174: =SUM(E174:H174) -> 657.8 | E174: =SUM(BE174:BN174) -> 110 | F174: =SUM(AA174:AJ174) -> 140.8 | G174: =SUM(AU174:BD174) -> 205.7 | H174: =SUM(AL174:AT174) -> 201.3 | I174: 0 | J174: 0.946 | K174: 0.946 | L174: 0.792 | M174: 0.561 | N174: 0.946 | O174: 0.88 | P174: 0.759 | Q174: 0.88 | R174: 0.77 | S174: 1.012 | T174: 1.1 | U174: 0.528 | V174: 0.44 | W174: 0.352 | X174: 0.858 | Y174: 0.715 | Z174: 0.869 | AA174: 7.7 | AB174: 0 | AC174: 5.5 | AD174: 16.5 | AE174: 5.5 | AF174: 30.8 | AG174: 33 | AH174: 26.4 | AI174: 8.8 | AJ174: 6.6 | AK174: 12.1 | AL174: 2.2 | AM174: 16.5 | AN174: 51.7 | AO174: 48.4 | AP174: 48.4 | AQ174: 0 | AR174: 14.3 | AS174: 0 | AT174: 19.8 | AU174: 8.8 | AV174: 0 | AW174: 0 | AX174: 0 | AY174: 48.4 | AZ174: 39.6 | BA174: 20.9 | BB174: 45.1 | BC174: 18.7 | BD174: 24.2 | BE174: 29.7 | BF174: 25.3 | BG174: 6.6 | BH174: 9.9 | BI174: 2.2 | BJ174: 5.5 | BK174: 0 | BL174: 5.5 | BM174: 9.9 | BN174: 15.4 | BO174: Alex
A175: 45082 | B175: JUNE | C175: 5 | D175: =SUM(E175:H175) -> 579.7 | E175: =SUM(BE175:BN175) -> 149.6 | F175: =SUM(AA175:AJ175) -> 150.7 | G175: =SUM(AU175:BD175) -> 143 | H175: =SUM(AL175:AT175) -> 136.4 | I175: 0 | J175: 0.275 | K175: 0.891 | L175: 0.858 | M175: 1.078 | N175: 0.176 | O175: 1.023 | P175: 0.121 | Q175: 0.11 | R175: 0.451 | S175: 0.869 | T175: 0.946 | U175: 0.583 | V175: 0.946 | W175: 0.649 | X175: 0.781 | Y175: 0.66 | Z175: 0.99 | AA175: 0 | AB175: 22 | AC175: 1.1 | AD175: 20.9 | AE175: 0 | AF175: 2.2 | AG175: 20.9 | AH175: 44 | AI175: 39.6 | AJ175: 0 | AK175: 28.6 | AL175: 33 | AM175: 0 | AN175: 0 | AO175: 5.5 | AP175: 17.6 | AQ175: 4.4 | AR175: 25.3 | AS175: 37.4 | AT175: 13.2 | AU175: 6.6 | AV175: 11 | AW175: 1.1 | AX175: 11 | AY175: 0 | AZ175: 44 | BA175: 41.8 | BB175: 27.5 | BC175: 0 | BD175: 0 | BE175: 30.8 | BF175: 39.6 | BG175: 0 | BH175: 9.9 | BI175: 18.7 | BJ175: 30.8 | BK175: 19.8 | BL175: 0 | BM175: 0 | BN175: 0 | BO175: Alex
A176: 45083 | B176: JUNE | C176: 6 | D176: =SUM(E176:H176) -> 490.6 | E176: =SUM(BE176:BN176) -> 78.1 | F176: =SUM(AA176:AJ176) -> 180.4 | G176: =SUM(AU176:BD176) -> 102.3 | H176: =SUM(AL176:AT176) -> 129.8 | I176: 0 | J176: 0.803 | K176: 0.616 | L176: 1.089 | M176: 0.968 | N176: 0.935 | O176: 1.078 | P176: 0.77 | Q176: 0.66 | R176: 0.814 | S176: 0.66 | T176: 1.001 | U176: 0.462 | V176: 0.968 | W176: 0.891 | X176: 0.473 | Y176: 0.363 | Z176: 0.286 | AA176: 18.7 | AB176: 0 | AC176: 45.1 | AD176: 29.7 | AE176: 17.6 | AF176: 3.3 | AG176: 30.8 | AH176: 0 | AI176: 0 | AJ176: 35.2 | AK176: 15.4 | AL176: 13.2 | AM176: 15.4 | AN176: 12.1 | AO176: 18.7 | AP176: 0 | AQ176: 0 | AR176: 14.3 | AS176: 52.8 | AT176: 3.3 | AU176: 0 | AV176: 5.5 | AW176: 0 | AX176: 0 | AY176: 25.3 | AZ176: 12.1 | BA176: 14.3 | BB176: 1.1 | BC176: 17.6 | BD176: 26.4 | BE176: 2.2 | BF176: 9.9 | BG176: 0 | BH176: 0 | BI176: 6.6 | BJ176: 6.6 | BK176: 22 | BL176: 7.7 | BM176: 0 | BN176: 23.1 | BO176: Alex
A177: 45084 | B177: JUNE | C177: 7 | D177: =SUM(E177:H177) -> 614.9 | E177: =SUM(BE177:BN177) -> 78.1 | F177: =SUM(AA177:AJ177) -> 150.7 | G177: =SUM(AU177:BD177) -> 260.7 | H177: =SUM(AL177:AT177) -> 125.4 | I177: 0 | J177: 0.462 | K177: 0.374 | L177: 0.803 | M177: 0.957 | N177: 0.418 | O177: 0.66 | P177: 0.66 | Q177: 0.748 | R177: 0.693 | S177: 0.869 | T177: 1.045 | U177: 0.473 | V177: 0.319 | W177: 0.902 | X177: 1.1 | Y177: 0.297 | Z177: 0.913 | AA177: 15.4 | AB177: 4.4 | AC177: 5.5 | AD177: 26.4 | AE177: 56.1 | AF177: 6.6 | AG177: 0 | AH177: 0 | AI177: 0 | AJ177: 36.3 | AK177: 0 | AL177: 30.8 | AM177: 0 | AN177: 18.7 | AO177: 38.5 | AP177: 27.5 | AQ177: 0 | AR177: 5.5 | AS177: 0 | AT177: 4.4 | AU177: 11 | AV177: 0 | AW177: 16.5 | AX177: 48.4 | AY177: 30.8 | AZ177: 58.3 | BA177: 0 | BB177: 58.3 | BC177: 0 | BD177: 37.4 | BE177: 2.2 | BF177: 4.4 | BG177: 0 | BH177: 4.4 | BI177: 2.2 | BJ177: 14.3 | BK177: 7.7 | BL177: 25.3 | BM177: 17.6 | BN177: 0 | BO177: Alex
A178: 45085 | B178: JUNE | C178: 8 | D178: =SUM(E178:H178) -> 363 | E178: =SUM(BE178:BN178) -> 69.3 | F178: =SUM(AA178:AJ178) -> 45.1 | G178: =SUM(AU178:BD178) -> 123.2 | H178: =SUM(AL178:AT178) -> 125.4 | I178: 0 | J178: 0.198 | K178: 1.001 | L178: 0.407 | M178: 0.55 | N178: 1.001 | O178: 1.089 | P178: 0.825 | Q178: 0.616 | R178: 1.001 | S178: 0.693 | T178: 0.396 | U178: 0.55 | V178: 0.99 | W178: 1.001 | X178: 0.792 | Y178: 0.55 | Z178: 0.946 | AA178: 2.2 | AB178: 0 | AC178: 2.2 | AD178: 0 | AE178: 1.1 | AF178: 7.7 | AG178: 7.7 | AH178: 8.8 | AI178: 15.4 | AJ178: 0 | AK178: 15.4 | AL178: 9.9 | AM178: 5.5 | AN178: 12.1 | AO178: 26.4 | AP178: 24.2 | AQ178: 5.5 | AR178: 5.5 | AS178: 18.7 | AT178: 17.6 | AU178: 15.4 | AV178: 19.8 | AW178: 0 | AX178: 7.7 | AY178: 9.9 | AZ178: 0 | BA178: 38.5 | BB178: 5.5 | BC178: 0 | BD178: 26.4 | BE178: 0 | BF178: 0 | BG178: 12.1 | BH178: 6.6 | BI178: 0 | BJ178: 0 | BK178: 1.1 | BL178: 19.8 | BM178: 5.5 | BN178: 24.2 | BO178: Alex
A179: 45086 | B179: JUNE | C179: 9 | D179: =SUM(E179:H179) -> 402.6 | E179: =SUM(BE179:BN179) -> 48.4 | F179: =SUM(AA179:AJ179) -> 78.1 | G179: =SUM(AU179:BD179) -> 209 | H179: =SUM(AL179:AT179) -> 67.1 | I179: 0 | J179: 0.363 | K179: 1.045 | L179: 0.77 | M179: 0.924 | N179: 0.968 | O179: 0.726 | P179: 0.605 | Q179: 0.44 | R179: 0.671 | S179: 0.682 | T179: 1.067 | U179: 1.078 | V179: 1.056 | W179: 0.319 | X179: 1.067 | Y179: 0.924 | Z179: 0.638 | AA179: 14.3 | AB179: 0 | AC179: 4.4 | AD179: 0 | AE179: 31.9 | AF179: 0 | AG179: 13.2 | AH179: 0 | AI179: 11 | AJ179: 3.3 | AK179: 19.8 | AL179: 1.1 | AM179: 9.9 | AN179: 0 | AO179: 0 | AP179: 22 | AQ179: 0 | AR179: 1.1 | AS179: 18.7 | AT179: 14.3 | AU179: 31.9 | AV179: 0 | AW179: 36.3 | AX179: 15.4 | AY179: 52.8 | AZ179: 15.4 | BA179: 9.9 | BB179: 7.7 | BC179: 35.2 | BD179: 4.4 | BE179: 13.2 | BF179: 4.4 | BG179: 0 | BH179: 0 | BI179: 0 | BJ179: 6.6 | BK179: 3.3 | BL179: 0 | BM179: 17.6 | BN179: 3.3 | BO179: Alex
A180: 45087 | B180: JUNE | C180: 10 | D180: =SUM(E180:H180) -> 435.6 | E180: =SUM(BE180:BN180) -> 53.9 | F180: =SUM(AA180:AJ180) -> 88 | G180: =SUM(AU180:BD180) -> 167.2 | H180: =SUM(AL180:AT180) -> 126.5 | I180: 0 | J180: 0.264 | K180: 0.649 | L180: 0.209 | M180: 0.803 | N180: 1.001 | O180: 1.089 | P180: 0.649 | Q180: 0.77 | R180: 0.66 | S180: 0.671 | T180: 0.605 | U180: 0.627 | V180: 1.001 | W180: 1.012 | X180: 0.11 | Y180: 0.924 | Z180: 1.012 | AA180: 0 | AB180: 0 | AC180: 33 | AD180: 7.7 | AE180: 0 | AF180: 18.7 | AG180: 0 | AH180: 11 | AI180: 17.6 | AJ180: 0 | AK180: 55 | AL180: 0 | AM180: 1.1 | AN180: 42.9 | AO180: 17.6 | AP180: 4.4 | AQ180: 1.1 | AR180: 7.7 | AS180: 48.4 | AT180: 3.3 | AU180: 7.7 | AV180: 17.6 | AW180: 8.8 | AX180: 3.3 | AY180: 31.9 | AZ180: 0 | BA180: 26.4 | BB180: 3.3 | BC180: 29.7 | BD180: 38.5 | BE180: 0 | BF180: 3.3 | BG180: 24.2 | BH180: 11 | BI180: 0 | BJ180: 0 | BK180: 2.2 | BL180: 13.2 | BM180: 0 | BN180: 0 | BO180: Alex
A181: 45088 | B181: JUNE | C181: 11 | D181: =SUM(E181:H181) -> 476.3 | E181: =SUM(BE181:BN181) -> 112.2 | F181: =SUM(AA181:AJ181) -> 63.8 | G181: =SUM(AU181:BD181) -> 156.2 | H181: =SUM(AL181:AT181) -> 144.1 | I181: 0 | J181: 0.99 | K181: 0.704 | L181: 0.803 | M181: 1.045 | N181: 0.858 | O181: 0.693 | P181: 0.737 | Q181: 0.561 | R181: 0.748 | S181: 0.682 | T181: 0.946 | U181: 0.869 | V181: 0.462 | W181: 0.627 | X181: 0.55 | Y181: 0.682 | Z181: 0.473 | AA181: 8.8 | AB181: 12.1 | AC181: 0 | AD181: 4.4 | AE181: 0 | AF181: 5.5 | AG181: 3.3 | AH181: 0 | AI181: 20.9 | AJ181: 8.8 | AK181: 0 | AL181: 17.6 | AM181: 18.7 | AN181: 39.6 | AO181: 0 | AP181: 0 | AQ181: 23.1 | AR181: 3.3 | AS181: 3.3 | AT181: 38.5 | AU181: 14.3 | AV181: 14.3 | AW181: 0 | AX181: 11 | AY181: 38.5 | AZ181: 24.2 | BA181: 20.9 | BB181: 3.3 | BC181: 13.2 | BD181: 16.5 | BE181: 3.3 | BF181: 0 | BG181: 7.7 | BH181: 57.2 | BI181: 1.1 | BJ181: 11 | BK181: 3.3 | BL181: 9.9 | BM181: 0 | BN181: 18.7 | BO181: Alex
A182: 45089 | B182: JUNE | C182: 12 | D182: =SUM(E182:H182) -> 412.5 | E182: =SUM(BE182:BN182) -> 172.7 | F182: =SUM(AA182:AJ182) -> 66 | G182: =SUM(AU182:BD182) -> 95.7 | H182: =SUM(AL182:AT182) -> 78.1 | I182: 0 | J182: 0.165 | K182: 0.66 | L182: 0.88 | M182: 0.913 | N182: 0.561 | O182: 1.1 | P182: 0.715 | Q182: 0.341 | R182: 0.693 | S182: 0.693 | T182: 1.012 | U182: 1.078 | V182: 0.979 | W182: 0.869 | X182: 0.891 | Y182: 0.539 | Z182: 1.023 | AA182: 0 | AB182: 0 | AC182: 12.1 | AD182: 4.4 | AE182: 8.8 | AF182: 8.8 | AG182: 0 | AH182: 18.7 | AI182: 3.3 | AJ182: 9.9 | AK182: 23.1 | AL182: 0 | AM182: 0 | AN182: 7.7 | AO182: 0 | AP182: 17.6 | AQ182: 24.2 | AR182: 0 | AS182: 23.1 | AT182: 5.5 | AU182: 26.4 | AV182: 0 | AW182: 4.4 | AX182: 14.3 | AY182: 3.3 | AZ182: 15.4 | BA182: 0 | BB182: 4.4 | BC182: 22 | BD182: 5.5 | BE182: 46.2 | BF182: 5.5 | BG182: 29.7 | BH182: 3.3 | BI182: 0 | BJ182: 12.1 | BK182: 25.3 | BL182: 48.4 | BM182: 0 | BN182: 2.2 | BO182: Alex
... A200: 45107 | B200: JUNE | C200: 30 | D200: =SUM(E200:H200) -> 334.4 | E200: =SUM(BE200:BN200) -> 113.3 | F200: =SUM(AA200:AJ200) -> 61.6 | G200: =SUM(AU200:BD200) -> 69.3 | H200: =SUM(AL200:AT200) -> 90.2 | I200: 0 | J200: 0.308 | K200: 0.715 | L200: 0.968 | M200: 0.935 | N200: 1.034 | O200: 0.66 | P200: 1.023 | Q200: 0.814 | R200: 0.583 | S200: 0.913 | T200: 0.847 | U200: 0.506 | V200: 0.902 | W200: 0.836 | X200: 1.089 | Y200: 0.627 | Z200: 0.451 | AA200: 15.4 | AB200: 8.8 | AC200: 4.4 | AD200: 0 | AE200: 28.6 | AF200: 0 | AG200: 0 | AH200: 0 | AI200: 4.4 | AJ200: 0 | AK200: 34.1 | AL200: 0 | AM200: 11 | AN200: 5.5 | AO200: 12.1 | AP200: 0 | AQ200: 14.3 | AR200: 20.9 | AS200: 16.5 | AT200: 9.9 | AU200: 36.3 | AV200: 0 | AW200: 0 | AX200: 3.3 | AY200: 9.9 | AZ200: 9.9 | BA200: 0 | BB200: 0 | BC200: 0 | BD200: 9.9 | BE200: 28.6 | BF200: 0 | BG200: 0 | BH200: 17.6 | BI200: 14.3 | BJ200: 1.1 | BK200: 12.1 | BL200: 9.9 | BM200: 0 | BN200: 29.7 | BO200: Alex
B201: JULY | C201: 0.01 | D201: =SUM(E201:H201) -> 0 | E201: 0 | F201: 0 | G201: 0 | H201: 0 | I201: 0 | J201: 0 | K201: 0 | L201: 0 | M201: 0 | N201: 0 | O201: 0 | P201: 0 | Q201: 0 | R201: 0 | S201: 0 | T201: 0 | U201: 0 | V201: 0 | W201: 0 | X201: 0 | Y201: 0 | Z201: 0 | AA201: 0 | AB201: 0 | AC201: 0 | AD201: 0 | AE201: 0 | AF201: 0 | AG201: 0 | AH201: 0 | AI201: 0 | AJ201: 0 | AK201: 0 | AL201: 0 | AM201: 0 | AN201: 0 | AO201: 0 | AP201: 0 | AQ201: 0 | AR201: 0 | AS201: 0 | AT201: 0 | AU201: 0 | AV201: 0 | AW201: 0 | AX201: 0 | AY201: 0 | AZ201: 0 | BA201: 0 | BB201: 0 | BC201: 0 | BD201: 0 | BE201: 0 | BF201: 0 | BG201: 0 | BH201: 0 | BI201: 0 | BJ201: 0 | BK201: 0 | BL201: 0 | BM201: 0 | BN201: 0
B202: JULY | C202: 0.02 | D202: =SUM(E202:H202) -> 0 | E202: 0 | F202: 0 | G202: 0 | H202: 0 | I202: 0 | J202: 0 | K202: 0 | L202: 0 | M202: 0 | N202: 0 | O202: 0 | P202: 0 | Q202: 0 | R202: 0 | S202: 0 | T202: 0 | U202: 0 | V202: 0 | W202: 0 | X202: 0 | Y202: 0 | Z202: 0 | AA202: 0 | AB202: 0 | AC202: 0 | AD202: 0 | AE202: 0 | AF202: 0 | AG202: 0 | AH202: 0 | AI202: 0 | AJ202: 0 | AK202: 0 | AL202: 0 | AM202: 0 | AN202: 0 | AO202: 0 | AP202: 0 | AQ202: 0 | AR202: 0 | AS202: 0 | AT202: 0 | AU202: 0 | AV202: 0 | AW202: 0 | AX202: 0 | AY202: 0 | AZ202: 0 | BA202: 0 | BB202: 0 | BC202: 0 | BD202: 0 | BE202: 0 | BF202: 0 | BG202: 0 | BH202: 0 | BI202: 0 | BJ202: 0 | BK202: 0 | BL202: 0 | BM202: 0 | BN202: 0
B203: JULY | C203: 0.03 | D203: =SUM(E203:H203) -> 0 | E203: 0 | F203: 0 | G203: 0 | H203: 0 | I203: 0 | J203: 0 | K203: 0 | L203: 0 | M203: 0 | N203: 0 | O203: 0 | P203: 0 | Q203: 0 | R203: 0 | S203: 0 | T203: 0 | U203: 0 | V203: 0 | W203: 0 | X203: 0 | Y203: 0 | Z203: 0 | AA203: 0 | AB203: 0 | AC203: 0 | AD203: 0 | AE203: 0 | AF203: 0 | AG203: 0 | AH203: 0 | AI203: 0 | AJ203: 0 | AK203: 0 | AL203: 0 | AM203: 0 | AN203: 0 | AO203: 0 | AP203: 0 | AQ203: 0 | AR203: 0 | AS203: 0 | AT203: 0 | AU203: 0 | AV203: 0 | AW203: 0 | AX203: 0 | AY203: 0 | AZ203: 0 | BA203: 0 | BB203: 0 | BC203: 0 | BD203: 0 | BE203: 0 | BF203: 0 | BG203: 0 | BH203: 0 | BI203: 0 | BJ203: 0 | BK203: 0 | BL203: 0 | BM203: 0 | BN203: 0
...

Sheet DataM1
O1: ADP | U1: CRM | AA1: Credit Card | AK1: Bank Account | AU1: Cash | BE1: Bitcoin
A2: Date | B2: Month | C2: Day | D2: Sales | E2: Credit Card | F2: Bank Account | G2: Cash | H2: Bitcoin | I2: Seasonal Days | J2: CAC | K2: ROI | L2: CPA | M2: EPC | N2: APR | O2: StrategyA | P2: TestingA | Q2: DevelopmentA | R2: ResearchA | S2: DesignA | T2: SMMA | U2: StrategyC | V2: TestingC | W2: DevelopmentC | X2: ResearchC | Y2: DesignC | Z2: SMMC | AA2: NEW YORK-CC | AB2: NASHVILLE-CC | AC2: CHICAGO-CC | AD2: DALLAS-CC | AE2: DENVER-CC | AF2: LOS ANGELES-CC | AG2: SAN FRANCISCO-CC | AH2: SEATTLE-CC | AI2: MIAMI-CC | AJ2: SAINT AUGUSTINE-CC | AK2: NEW YORK-BA | AL2: NASHVILLE-BA | AM2: CHICAGO-BA | AN2: DALLAS-BA | AO2: DENVER-BA | AP2: LOS ANGELES-BA | AQ2: SAN FRANCISCO-BA | AR2: SEATTLE-BA | AS2: MIAMI-BA | AT2: SAINT AUGUSTINE-BA | AU2: NEW YORK-C | AV2: NASHVILLE-C | AW2: CHICAGO-C | AX2: DALLAS-C | AY2: DENVER-C | AZ2: LOS ANGELES-C | BA2: SAN FRANCISCO-C | BB2: SEATTLE-C | BC2: MIAMI-C | BD2: SAINT AUGUSTINE-C | BE2: NEW YORK-B | BF2: NASHVILLE-B | BG2: CHICAGO-B | BH2: DALLAS-B | BI2: DENVER-B | BJ2: LOS ANGELES-B | BK2: SAN FRANCISCO-B | BL2: SEATTLE-B | BM2: MIAMI-B | BN2: SAINT AUGUSTINE-B
A3: 44927 | B3: JANUARY | C3: 1 | D3: =SUM(E3:H3) -> 427.9 | E3: =SUM(BE3:BN3) -> 144.1 | F3: =SUM(AA3:AJ3) -> 122.1 | G3: =SUM(AU3:BD3) -> 56.1 | H3: =SUM(AL3:AT3) -> 105.6 | I3: 1 | J3: 0.429 | K3: 0.759 | L3: 0.88 | M3: 0.88 | N3: 1.045 | O3: 1.045 | P3: 0.825 | Q3: 0.682 | R3: 0.946 | S3: 1.056 | T3: 1.045 | U3: 0.99 | V3: 0.539 | W3: 1.001 | X3: 0.319 | Y3: 0.275 | Z3: 1.023 | AA3: 4.4 | AB3: 3.3 | AC3: 0 | AD3: 11 | AE3: 7.7 | AF3: 19.8 | AG3: 30.8 | AH3: 0 | AI3: 38.5 | AJ3: 6.6 | AK3: 0 | AL3: 0 | AM3: 15.4 | AN3: 7.7 | AO3: 0 | AP3: 22 | AQ3: 1.1 | AR3: 38.5 | AS3: 19.8 | AT3: 1.1 | AU3: 0 | AV3: 14.3 | AW3: 0 | AX3: 11 | AY3: 4.4 | AZ3: 0 | BA3: 1.1 | BB3: 0 | BC3: 13.2 | BD3: 12.1 | BE3: 0 | BF3: 20.9 | BG3: 3.3 | BH3: 13.2 | BI3: 11 | BJ3: 37.4 | BK3: 0 | BL3: 33 | BM3: 15.4 | BN3: 9.9
A4: 44928 | B4: JANUARY | C4: 2 | D4: =SUM(E4:H4) -> 624.8 | E4: =SUM(BE4:BN4) -> 174.9 | F4: =SUM(AA4:AJ4) -> 198 | G4: =SUM(AU4:BD4) -> 104.5 | H4: =SUM(AL4:AT4) -> 147.4 | I4: 0 | J4: 1.012 | K4: 0.66 | L4: 0.847 | M4: 0.77 | N4: 0.55 | O4: 0.77 | P4: 0.792 | Q4: 1.001 | R4: 0.99 | S4: 0.616 | T4: 0.759 | U4: 0.957 | V4: 0.473 | W4: 0.495 | X4: 0.88 | Y4: 0.979 | Z4: 1.023 | AA4: 23.1 | AB4: 18.7 | AC4: 0 | AD4: 35.2 | AE4: 11 | AF4: 59.4 | AG4: 0 | AH4: 2.2 | AI4: 9.9 | AJ4: 38.5 | AK4: 9.9 | AL4: 37.4 | AM4: 33 | AN4: 7.7 | AO4: 17.6 | AP4: 0 | AQ4: 0 | AR4: 11 | AS4: 17.6 | AT4: 23.1 | AU4: 0 | AV4: 37.4 | AW4: 39.6 | AX4: 0 | AY4: 0 | AZ4: 18.7 | BA4: 5.5 | BB4: 0 | BC4: 3.3 | BD4: 0 | BE4: 1.1 | BF4: 12.1 | BG4: 4.4 | BH4: 22 | BI4: 16.5 | BJ4: 4.4 | BK4: 40.7 | BL4: 23.1 | BM4: 23.1 | BN4: 27.5
A5: 44929 | B5: JANUARY | C5: 3 | D5: =SUM(E5:H5) -> 512.6 | E5: =SUM(BE5:BN5) -> 104.5 | F5: =SUM(AA5:AJ5) -> 129.8 | G5: =SUM(AU5:BD5) -> 166.1 | H5: =SUM(AL5:AT5) -> 112.2 | I5: 0 | J5: 1.034 | K5: 0.792 | L5: 0.737 | M5: 0.253 | N5: 0.902 | O5: 0.979 | P5: 0.979 | Q5: 0.737 | R5: 0.616 | S5: 0.825 | T5: 0.671 | U5: 1.089 | V5: 0.99 | W5: 0.44 | X5: 0.473 | Y5: 0.825 | Z5: 1.034 | AA5: 14.3 | AB5: 27.5 | AC5: 16.5 | AD5: 0 | AE5: 39.6 | AF5: 0 | AG5: 19.8 | AH5: 5.5 | AI5: 6.6 | AJ5: 0 | AK5: 33 | AL5: 1.1 | AM5: 0 | AN5: 0 | AO5: 0 | AP5: 16.5 | AQ5: 7.7 | AR5: 28.6 | AS5: 35.2 | AT5: 23.1 | AU5: 0 | AV5: 3.3 | AW5: 0 | AX5: 6.6 | AY5: 50.6 | AZ5: 19.8 | BA5: 17.6 | BB5: 0 | BC5: 23.1 | BD5: 45.1 | BE5: 22 | BF5: 3.3 | BG5: 13.2 | BH5: 9.9 | BI5: 6.6 | BJ5: 2.2 | BK5: 9.9 | BL5: 0 | BM5: 3.3 | BN5: 34.1
A6: 44930 | B6: JANUARY | C6: 4 | D6: =SUM(E6:H6) -> 495 | E6: =SUM(BE6:BN6) -> 88 | F6: =SUM(AA6:AJ6) -> 152.9 | G6: =SUM(AU6:BD6) -> 198 | H6: =SUM(AL6:AT6) -> 56.1 | I6: 0 | J6: 0.319 | K6: 0.605 | L6: 0.561 | M6: 1.034 | N6: 1.023 | O6: 0.726 | P6: 0.66 | Q6: 0.77 | R6: 0.88 | S6: 0.814 | T6: 0.836 | U6: 0.748 | V6: 0.99 | W6: 0.638 | X6: 0.968 | Y6: 1.056 | Z6: 1.034 | AA6: 0 | AB6: 16.5 | AC6: 0 | AD6: 0 | AE6: 3.3 | AF6: 6.6 | AG6: 39.6 | AH6: 33 | AI6: 7.7 | AJ6: 46.2 | AK6: 3.3 | AL6: 0 | AM6: 11 | AN6: 0 | AO6: 0 | AP6: 0 | AQ6: 22 | AR6: 12.1 | AS6: 2.2 | AT6: 8.8 | AU6: 8.8 | AV6: 25.3 | AW6: 40.7 | AX6: 1.1 | AY6: 12.1 | AZ6: 5.5 | BA6: 44 | BB6: 11 | BC6: 45.1 | BD6: 4.4 | BE6: 11 | BF6: 4.4 | BG6: 31.9 | BH6: 0 | BI6: 4.4 | BJ6: 22 | BK6: 4.4 | BL6: 0 | BM6: 9.9 | BN6: 0
A7: 44931 | B7: JANUARY | C7: 5 | D7: =SUM(E7:H7) -> 405.9 | E7: =SUM(BE7:BN7) -> 122.1 | F7: =SUM(AA7:AJ7) -> 136.4 | G7: =SUM(AU7:BD7) -> 107.8 | H7: =SUM(AL7:AT7) -> 39.6 | I7: 0 | J7: 0.253 | K7: 0.594 | L7: 0.825 | M7: 1.067 | N7: 1.023 | O7: 0.814 | P7: 0.11 | Q7: 0.748 | R7: 0.792 | S7: 0.715 | T7: 0.66 | U7: 0.341 | V7: 1.1 | W7: 1.045 | X7: 0.286 | Y7: 1.023 | Z7: 0.407 | AA7: 0 | AB7: 26.4 | AC7: 15.4 | AD7: 23.1 | AE7: 0 | AF7: 4.4 | AG7: 44 | AH7: 0 | AI7: 6.6 | AJ7: 16.5 | AK7: 0 | AL7: 0 | AM7: 0 | AN7: 17.6 | AO7: 0 | AP7: 0 | AQ7: 3.3 | AR7: 14.3 | AS7: 0 | AT7: 4.4 | AU7: 4.4 | AV7: 0 | AW7: 23.1 | AX7: 19.8 | AY7: 0 | AZ7: 15.4 | BA7: 0 | BB7: 16.5 | BC7: 0 | BD7: 28.6 | BE7: 27.5 | BF7: 1.1 | BG7: 14.3 | BH7: 14.3 | BI7: 0 | BJ7: 26.4 | BK7: 24.2 | BL7: 0 | BM7: 13.2 | BN7: 1.1
A8: 44932 | B8: JANUARY | C8: 6 | D8: =SUM(E8:H8) -> 543.4 | E8: =SUM(BE8:BN8) -> 88 | F8: =SUM(AA8:AJ8) -> 125.4 | G8: =SUM(AU8:BD8) -> 188.1 | H8: =SUM(AL8:AT8) -> 141.9 | I8: 0 | J8: 0.649 | K8: 0.99 | L8: 0.825 | M8: 0.88 | N8: 0.957 | O8: 0.737 | P8: 0.726 | Q8: 0.792 | R8: 0.946 | S8: 0.792 | T8: 0.858 | U8: 0.165 | V8: 1.1 | W8: 0.33 | X8: 0.616 | Y8: 1.067 | Z8: 0.616 | AA8: 45.1 | AB8: 17.6 | AC8: 17.6 | AD8: 11 | AE8: 19.8 | AF8: 0 | AG8: 2.2 | AH8: 0 | AI8: 2.2 | AJ8: 9.9 | AK8: 47.3 | AL8: 31.9 | AM8: 0 | AN8: 0 | AO8: 0 | AP8: 30.8 | AQ8: 24.2 | AR8: 12.1 | AS8: 17.6 | AT8: 25.3 | AU8: 17.6 | AV8: 7.7 | AW8: 44 | AX8: 24.2 | AY8: 1.1 | AZ8: 4.4 | BA8: 6.6 | BB8: 48.4 | BC8: 34.1 | BD8: 0 | BE8: 11 | BF8: 8.8 | BG8: 0 | BH8: 0 | BI8: 15.4 | BJ8: 23.1 | BK8: 0 | BL8: 11 | BM8: 6.6 | BN8: 12.1
A9: 44933 | B9: JANUARY | C9: 7 | D9: =SUM(E9:H9) -> 596.2 | E9: =SUM(BE9:BN9) -> 201.3 | F9: =SUM(AA9:AJ9) -> 114.4 | G9: =SUM(AU9:BD9) -> 179.3 | H9: =SUM(AL9:AT9) -> 101.2 | I9: 0 | J9: 0.682 | K9: 0.594 | L9: 0.22 | M9: 0.902 | N9: 1.012 | O9: 1.1 | P9: 0.605 | Q9: 0.935 | R9: 0.55 | S9: 0.66 | T9: 1.155 | U9: 1.056 | V9: 0.572 | W9: 0.803 | X9: 1.023 | Y9: 0.924 | Z9: 0.891 | AA9: 27.5 | AB9: 0 | AC9: 50.6 | AD9: 9.9 | AE9: 13.2 | AF9: 8.8 | AG9: 0 | AH9: 0 | AI9: 0 | AJ9: 4.4 | AK9: 59.4 | AL9: 1.1 | AM9: 5.5 | AN9: 3.3 | AO9: 26.4 | AP9: 39.6 | AQ9: 0 | AR9: 0 | AS9: 4.4 | AT9: 20.9 | AU9: 0 | AV9: 24.2 | AW9: 31.9 | AX9: 0 | AY9: 35.2 | AZ9: 0 | BA9: 26.4 | BB9: 1.1 | BC9: 36.3 | BD9: 24.2 | BE9: 23.1 | BF9: 4.4 | BG9: 2.2 | BH9: 0 | BI9: 28.6 | BJ9: 23.1 | BK9: 29.7 | BL9: 35.2 | BM9: 22 | BN9: 33
A10: 44934 | B10: JANUARY | C10: 8 | D10: =SUM(E10:H10) -> 570.9 | E10: =SUM(BE10:BN10) -> 118.8 | F10: =SUM(AA10:AJ10) -> 125.4 | G10: =SUM(AU10:BD10) -> 204.6 | H10: =SUM(AL10:AT10) -> 122.1 | I10: 0 | J10: 0.836 | K10: 0.726 | L10: 0.935 | M10: 0.913 | N10: 0.748 | O10: 0.66 | P10: 0.825 | Q10: 0.66 | R10: 0.825 | S10: 0.528 | T10: 0.748 | U10: 0.418 | V10: 0.627 | W10: 0.451 | X10: 1.1 | Y10: 1.078 | Z10: 0.165 | AA10: 11 | AB10: 7.7 | AC10: 0 | AD10: 5.5 | AE10: 9.9 | AF10: 56.1 | AG10: 5.5 | AH10: 0 | AI10: 29.7 | AJ10: 0 | AK10: 13.2 | AL10: 0 | AM10: 0 | AN10: 0 | AO10: 14.3 | AP10: 0 | AQ10: 17.6 | AR10: 47.3 | AS10: 42.9 | AT10: 0 | AU10: 11 | AV10: 41.8 | AW10: 0 | AX10: 7.7 | AY10: 22 | AZ10: 26.4 | BA10: 42.9 | BB10: 37.4 | BC10: 15.4 | BD10: 0 | BE10: 0 | BF10: 3.3 | BG10: 31.9 | BH10: 14.3 | BI10: 13.2 | BJ10: 29.7 | BK10: 15.4 | BL10: 11 | BM10: 0 | BN10: 0
A11: 44935 | B11: JANUARY | C11: 9 | D11: =SUM(E11:H11) -> 535.7 | E11: =SUM(BE11:BN11) -> 118.8 | F11: =SUM(AA11:AJ11) -> 139.7 | G11: =SUM(AU11:BD11) -> 144.1 | H11: =SUM(AL11:AT11) -> 133.1 | I11: 0 | J11: 0.297 | K11: 0.704 | L11: 0.869 | M11: 0.946 | N11: 1.023 | O11: 0.99 | P11: 0.781 | Q11: 0.638 | R11: 0.759 | S11: 0.781 | T11: 0.759 | U11: 0.616 | V11: 1.067 | W11: 1.001 | X11: 0.682 | Y11: 0.396 | Z11: 1.067 | AA11: 0 | AB11: 14.3 | AC11: 7.7 | AD11: 3.3 | AE11: 3.3 | AF11: 0 | AG11: 23.1 | AH11: 23.1 | AI11: 39.6 | AJ11: 25.3 | AK11: 29.7 | AL11: 0 | AM11: 18.7 | AN11: 34.1 | AO11: 0 | AP11: 6.6 | AQ11: 31.9 | AR11: 0 | AS11: 18.7 | AT11: 23.1 | AU11: 59.4 | AV11: 8.8 | AW11: 9.9 | AX11: 4.4 | AY11: 17.6 | AZ11: 9.9 | BA11: 0 | BB11: 13.2 | BC11: 18.7 | BD11: 2.2 | BE11: 9.9 | BF11: 16.5 | BG11: 5.5 | BH11: 17.6 | BI11: 57.2 | BJ11: 3.3 | BK11: 0 | BL11: 1.1 | BM11: 7.7 | BN11: 0
A12: 44936 | B12: JANUARY | C12: 10 | D12: =SUM(E12:H12) -> 381.7 | E12: =SUM(BE12:BN12) -> 110 | F12: =SUM(AA12:AJ12) -> 113.3 | G12: =SUM(AU12:BD12) -> 71.5 | H12: =SUM(AL12:AT12) -> 86.9 | I12: 0 | J12: 0.528 | K12: 0.99 | L12: 0.792 | M12: 0.88 | N12: 1.089 | O12: 1.001 | P12: 1.089 | Q12: 0.803 | R12: 0.957 | S12: 0.693 | T12: 0.979 | U12: 0.891 | V12: 0.924 | W12: 0.99 | X12: 0.946 | Y12: 1.012 | Z12: 1.001 | AA12: 0 | AB12: 0 | AC12: 38.5 | AD12: 0 | AE12: 2.2 | AF12: 26.4 | AG12: 17.6 | AH12: 0 | AI12: 15.4 | AJ12: 13.2 | AK12: 22 | AL12: 29.7 | AM12: 14.3 | AN12: 3.3 | AO12: 8.8 | AP12: 1.1 | AQ12: 0 | AR12: 20.9 | AS12: 8.8 | AT12: 0 | AU12: 13.2 | AV12: 7.7 | AW12: 7.7 | AX12: 0 | AY12: 0 | AZ12: 0 | BA12: 0 | BB12: 34.1 | BC12: 8.8 | BD12: 0 | BE12: 4.4 | BF12: 26.4 | BG12: 0 | BH12: 30.8 | BI12: 11 | BJ12: 23.1 | BK12: 0 | BL12: 0 | BM12: 7.7 | BN12: 6.6
A13: 44937 | B13: JANUARY | C13: 11 | D13: =SUM(E13:H13) -> 570.9 | E13: =SUM(BE13:BN13) -> 232.1 | F13: =SUM(AA13:AJ13) -> 121 | G13: =SUM(AU13:BD13) -> 141.9 | H13: =SUM(AL13:AT13) -> 75.9 | I13: 0 | J13: 0.55 | K13: 0.847 | L13: 0.825 | M13: 0.902 | N13: 0.99 | O13: 0.77 | P13: 0.858 | Q13: 0.605 | R13: 0.781 | S13: 0.825 | T13: 1.012 | U13: 0.451 | V13: 0.462 | W13: 0.968 | X13: 0.286 | Y13: 0.407 | Z13: 0.66 | AA13: 12.1 | AB13: 22 | AC13: 0 | AD13: 0 | AE13: 13.2 | AF13: 34.1 | AG13: 4.4 | AH13: 0 | AI13: 35.2 | AJ13: 0 | AK13: 4.4 | AL13: 0 | AM13: 27.5 | AN13: 0 | AO13: 5.5 | AP13: 6.6 | AQ13: 2.2 | AR13: 34.1 | AS13: 0 | AT13: 0 | AU13: 33 | AV13: 29.7 | AW13: 3.3 | AX13: 3.3 | AY13: 11 | AZ13: 0 | BA13: 20.9 | BB13: 0 | BC13: 30.8 | BD13: 9.9 | BE13: 25.3 | BF13: 8.8 | BG13: 34.1 | BH13: 55 | BI13: 0 | BJ13: 5.5 | BK13: 22 | BL13: 0 | BM13: 45.1 | BN13: 36.3
A14: 44938 | B14: JANUARY | C14: 12 | D14: =SUM(E14:H14) -> 674.3 | E14: =SUM(BE14:BN14) -> 180.4 | F14: =SUM(AA14:AJ14) -> 158.4 | G14: =SUM(AU14:BD14) -> 215.6 | H14: =SUM(AL14:AT14) -> 119.9 | I14: 0 | J14: 0.528 | K14: 0.726 | L14: 1.001 | M14: 0.693 | N14: 0.22 | O14: 0.957 | P14: 0.88 | Q14: 1.067 | R14: 0.847 | S14: 0.539 | T14: 0.638 | U14: 0.825 | V14: 0.792 | W14: 0.99 | X14: 1.045 | Y14: 0.792 | Z14: 0.33 | AA14: 4.4 | AB14: 8.8 | AC14: 0 | AD14: 17.6 | AE14: 22 | AF14: 19.8 | AG14: 30.8 | AH14: 6.6 | AI14: 15.4 | AJ14: 33 | AK14: 37.4 | AL14: 14.3 | AM14: 6.6 | AN14: 18.7 | AO14: 0 | AP14: 6.6 | AQ14: 27.5 | AR14: 12.1 | AS14: 33 | AT14: 1.1 | AU14: 12.1 | AV14: 20.9 | AW14: 59.4 | AX14: 0 | AY14: 38.5 | AZ14: 8.8 | BA14: 6.6 | BB14: 4.4 | BC14: 28.6 | BD14: 36.3 | BE14: 12.1 | BF14: 0 | BG14: 18.7 | BH14: 7.7 | BI14: 22 | BJ14: 60.5 | BK14: 3.3 | BL14: 19.8 | BM14: 13.2 | BN14: 23.1
... A33: 44957 | B33: JANUARY | C33: 31 | D33: =SUM(E33:H33) -> 430.1 | E33: =SUM(BE33:BN33) -> 101.2 | F33: =SUM(AA33:AJ33) -> 129.8 | G33: =SUM(AU33:BD33) -> 110 | H33: =SUM(AL33:AT33) -> 89.1 | I33: 0 | J33: 0.99 | K33: 1.023 | L33: 1.034 | M33: 0.726 | N33: 0.88 | O33: 0.66 | P33: 0.792 | Q33: 0.726 | R33: 1.023 | S33: 0.979 | T33: 0.638 | U33: 0.814 | V33: 0.605 | W33: 1.078 | X33: 1.045 | Y33: 1.089 | Z33: 0.627 | AA33: 0 | AB33: 33 | AC33: 5.5 | AD33: 15.4 | AE33: 16.5 | AF33: 5.5 | AG33: 38.5 | AH33: 0 | AI33: 1.1 | AJ33: 14.3 | AK33: 3.3 | AL33: 28.6 | AM33: 5.5 | AN33: 0 | AO33: 12.1 | AP33: 4.4 | AQ33: 12.1 | AR33: 17.6 | AS33: 8.8 | AT33: 0 | AU33: 4.4 | AV33: 18.7 | AW33: 2.2 | AX33: 1.1 | AY33: 45.1 | AZ33: 0 | BA33: 0 | BB33: 7.7 | BC33: 25.3 | BD33: 5.5 | BE33: 3.3 | BF33: 6.6 | BG33: 23.1 | BH33: 25.3 | BI33: 9.9 | BJ33: 22 | BK33: 6.6 | BL33: 0 | BM33: 4.4 | BN33: 0
B34: FEBRUARY | C34: 1e-08 | D34: =SUM(E34:H34) -> 0 | E34: 0 | F34: 0 | G34: 0 | H34: 0 | I34: 0 | J34: 0 | K34: 0 | L34: 0 | M34: 0 | N34: 0 | O34: 0 | P34: 0 | Q34: 0 | R34: 0 | S34: 0 | T34: 0 | U34: 0 | V34: 0 | W34: 0 | X34: 0 | Y34: 0 | Z34: 0 | AA34: 0 | AB34: 0 | AC34: 0 | AD34: 0 | AE34: 0 | AF34: 0 | AG34: 0 | AH34: 0 | AI34: 0 | AJ34: 0 | AK34: 0 | AL34: 0 | AM34: 0 | AN34: 0 | AO34: 0 | AP34: 0 | AQ34: 0 | AR34: 0 | AS34: 0 | AT34: 0 | AU34: 0 | AV34: 0 | AW34: 0 | AX34: 0 | AY34: 0 | AZ34: 0 | BA34: 0 | BB34: 0 | BC34: 0 | BD34: 0 | BE34: 0 | BF34: 0 | BG34: 0 | BH34: 0 | BI34: 0 | BJ34: 0 | BK34: 0 | BL34: 0 | BM34: 0 | BN34: 0
B35: FEBRUARY | C35: 2e-08 | D35: =SUM(E35:H35) -> 0 | E35: 0 | F35: 0 | G35: 0 | H35: 0 | I35: 0 | J35: 0 | K35: 0 | L35: 0 | M35: 0 | N35: 0 | O35: 0 | P35: 0 | Q35: 0 | R35: 0 | S35: 0 | T35: 0 | U35: 0 | V35: 0 | W35: 0 | X35: 0 | Y35: 0 | Z35: 0 | AA35: 0 | AB35: 0 | AC35: 0 | AD35: 0 | AE35: 0 | AF35: 0 | AG35: 0 | AH35: 0 | AI35: 0 | AJ35: 0 | AK35: 0 | AL35: 0 | AM35: 0 | AN35: 0 | AO35: 0 | AP35: 0 | AQ35: 0 | AR35: 0 | AS35: 0 | AT35: 0 | AU35: 0 | AV35: 0 | AW35: 0 | AX35: 0 | AY35: 0 | AZ35: 0 | BA35: 0 | BB35: 0 | BC35: 0 | BD35: 0 | BE35: 0 | BF35: 0 | BG35: 0 | BH35: 0 | BI35: 0 | BJ35: 0 | BK35: 0 | BL35: 0 | BM35: 0 | BN35: 0
B36: FEBRUARY | C36: 3e-08 | D36: =SUM(E36:H36) -> 0 | E36: 0 | F36: 0 | G36: 0 | H36: 0 | I36: 0 | J36: 0 | K36: 0 | L36: 0 | M36: 0 | N36: 0 | O36: 0 | P36: 0 | Q36: 0 | R36: 0 | S36: 0 | T36: 0 | U36: 0 | V36: 0 | W36: 0 | X36: 0 | Y36: 0 | Z36: 0 | AA36: 0 | AB36: 0 | AC36: 0 | AD36: 0 | AE36: 0 | AF36: 0 | AG36: 0 | AH36: 0 | AI36: 0 | AJ36: 0 | AK36: 0 | AL36: 0 | AM36: 0 | AN36: 0 | AO36: 0 | AP36: 0 | AQ36: 0 | AR36: 0 | AS36: 0 | AT36: 0 | AU36: 0 | AV36: 0 | AW36: 0 | AX36: 0 | AY36: 0 | AZ36: 0 | BA36: 0 | BB36: 0 | BC36: 0 | BD36: 0 | BE36: 0 | BF36: 0 | BG36: 0 | BH36: 0 | BI36: 0 | BJ36: 0 | BK36: 0 | BL36: 0 | BM36: 0 | BN36: 0
A37: 44958 | B37: FEBRUARY | C37: 1 | D37: =SUM(E37:H37) -> 588.5 | E37: =SUM(BE37:BN37) -> 72.6 | F37: =SUM(AA37:AJ37) -> 121 | G37: =SUM(AU37:BD37) -> 146.3 | H37: =SUM(AL37:AT37) -> 248.6 | I37: 0 | J37: 0.198 | K37: 0.957 | L37: 0.88 | M37: 0.693 | N37: 1.078 | O37: 0.66 | P37: 0.792 | Q37: 0.748 | R37: 0.462 | S37: 0.517 | T37: 0.869 | U37: 0.979 | V37: 1.034 | W37: 0.88 | X37: 1.034 | Y37: 0.715 | Z37: 1.001 | AA37: 49.5 | AB37: 33 | AC37: 13.2 | AD37: 0 | AE37: 12.1 | AF37: 0 | AG37: 0 | AH37: 0 | AI37: 12.1 | AJ37: 1.1 | AK37: 47.3 | AL37: 48.4 | AM37: 47.3 | AN37: 36.3 | AO37: 0 | AP37: 53.9 | AQ37: 23.1 | AR37: 15.4 | AS37: 1.1 | AT37: 23.1 | AU37: 6.6 | AV37: 13.2 | AW37: 33 | AX37: 27.5 | AY37: 0 | AZ37: 8.8 | BA37: 1.1 | BB37: 2.2 | BC37: 14.3 | BD37: 39.6 | BE37: 5.5 | BF37: 0 | BG37: 3.3 | BH37: 0 | BI37: 3.3 | BJ37: 24.2 | BK37: 16.5 | BL37: 1.1 | BM37: 18.7 | BN37: 0
A38: 44959 | B38: FEBRUARY | C38: 2 | D38: =SUM(E38:H38) -> 563.2 | E38: =SUM(BE38:BN38) -> 158.4 | F38: =SUM(AA38:AJ38) -> 144.1 | G38: =SUM(AU38:BD38) -> 101.2 | H38: =SUM(AL38:AT38) -> 159.5 | I38: 1 | J38: 0.517 | K38: 0.583 | L38: 0.99 | M38: 0.858 | N38: 0.748 | O38: 1.001 | P38: 0.726 | Q38: 0.935 | R38: 0.671 | S38: 0.704 | T38: 0.682 | U38: 0.473 | V38: 0.495 | W38: 0.814 | X38: 0.946 | Y38: 0.319 | Z38: 1.056 | AA38: 2.2 | AB38: 0 | AC38: 0 | AD38: 22 | AE38: 19.8 | AF38: 37.4 | AG38: 19.8 | AH38: 19.8 | AI38: 9.9 | AJ38: 13.2 | AK38: 37.4 | AL38: 13.2 | AM38: 17.6 | AN38: 24.2 | AO38: 3.3 | AP38: 36.3 | AQ38: 8.8 | AR38: 0 | AS38: 23.1 | AT38: 33 | AU38: 0 | AV38: 0 | AW38: 13.2 | AX38: 42.9 | AY38: 4.4 | AZ38: 0 | BA38: 12.1 | BB38: 0 | BC38: 5.5 | BD38: 23.1 | BE38: 3.3 | BF38: 46.2 | BG38: 24.2 | BH38: 0 | BI38: 1.1 | BJ38: 0 | BK38: 0 | BL38: 42.9 | BM38: 35.2 | BN38: 5.5
A39: 44960 | B39: FEBRUARY | C39: 3 | D39: =SUM(E39:H39) -> 497.2 | E39: =SUM(BE39:BN39) -> 167.2 | F39: =SUM(AA39:AJ39) -> 173.8 | G39: =SUM(AU39:BD39) -> 68.2 | H39: =SUM(AL39:AT39) -> 88 | I39: 0 | J39: 0.605 | K39: 0.748 | L39: 0.781 | M39: 0.946 | N39: 0.737 | O39: 1.012 | P39: 0.66 | Q39: 0.451 | R39: 1.089 | S39: 1.023 | T39: 0.77 | U39: 1.1 | V39: 1.067 | W39: 1.001 | X39: 0.473 | Y39: 0.484 | Z39: 1.089 | AA39: 1.1 | AB39: 12.1 | AC39: 26.4 | AD39: 23.1 | AE39: 26.4 | AF39: 22 | AG39: 0 | AH39: 40.7 | AI39: 8.8 | AJ39: 13.2 | AK39: 2.2 | AL39: 8.8 | AM39: 0 | AN39: 3.3 | AO39: 17.6 | AP39: 0 | AQ39: 0 | AR39: 50.6 | AS39: 7.7 | AT39: 0 | AU39: 0 | AV39: 3.3 | AW39: 0 | AX39: 7.7 | AY39: 0 | AZ39: 0 | BA39: 30.8 | BB39: 0 | BC39: 26.4 | BD39: 0 | BE39: 8.8 | BF39: 0 | BG39: 37.4 | BH39: 17.6 | BI39: 0 | BJ39: 1.1 | BK39: 37.4 | BL39: 0 | BM39: 49.5 | BN39: 15.4
A40: 44961 | B40: FEBRUARY | C40: 4 | D40: =SUM(E40:H40) -> 524.7 | E40: =SUM(BE40:BN40) -> 141.9 | F40: =SUM(AA40:AJ40) -> 117.7 | G40: =SUM(AU40:BD40) -> 152.9 | H40: =SUM(AL40:AT40) -> 112.2 | I40: 0 | J40: 0.473 | K40: 0.517 | L40: 0.957 | M40: 0.836 | N40: 1.023 | O40: 0.715 | P40: 0.803 | Q40: 0.704 | R40: 0.869 | S40: 0.902 | T40: 0.682 | U40: 0.374 | V40: 1.001 | W40: 0.869 | X40: 0.396 | Y40: 1.067 | Z40: 0.858 | AA40: 7.7 | AB40: 35.2 | AC40: 6.6 | AD40: 24.2 | AE40: 12.1 | AF40: 18.7 | AG40: 13.2 | AH40: 0 | AI40: 0 | AJ40: 0 | AK40: 4.4 | AL40: 9.9 | AM40: 52.8 | AN40: 27.5 | AO40: 9.9 | AP40: 12.1 | AQ40: 0 | AR40: 0 | AS40: 0 | AT40: 0 | AU40: 19.8 | AV40: 19.8 | AW40: 39.6 | AX40: 9.9 | AY40: 0 | AZ40: 5.5 | BA40: 7.7 | BB40: 11 | BC40: 33 | BD40: 6.6 | BE40: 1.1 | BF40: 4.4 | BG40: 19.8 | BH40: 39.6 | BI40: 0 | BJ40: 25.3 | BK40: 1.1 | BL40: 44 | BM40: 6.6 | BN40: 0
A41: 44962 | B41: FEBRUARY | C41: 5 | D41: =SUM(E41:H41) -> 591.8 | E41: =SUM(BE41:BN41) -> 166.1 | F41: =SUM(AA41:AJ41) -> 103.4 | G41: =SUM(AU41:BD41) -> 205.7 | H41: =SUM(AL41:AT41) -> 116.6 | I41: 0 | J41: 0.759 | K41: 0.55 | L41: 0.385 | M41: 0.847 | N41: 0.44 | O41: 0.946 | P41: 0.286 | Q41: 1.034 | R41: 0.616 | S41: 0.792 | T41: 0.968 | U41: 0.495 | V41: 1.089 | W41: 0.858 | X41: 0.825 | Y41: 0.407 | Z41: 1.023 | AA41: 9.9 | AB41: 11 | AC41: 4.4 | AD41: 0 | AE41: 16.5 | AF41: 4.4 | AG41: 13.2 | AH41: 16.5 | AI41: 26.4 | AJ41: 1.1 | AK41: 7.7 | AL41: 9.9 | AM41: 0 | AN41: 0 | AO41: 2.2 | AP41: 18.7 | AQ41: 27.5 | AR41: 0 | AS41: 41.8 | AT41: 16.5 | AU41: 20.9 | AV41: 41.8 | AW41: 31.9 | AX41: 3.3 | AY41: 35.2 | AZ41: 0 | BA41: 0 | BB41: 15.4 | BC41: 6.6 | BD41: 50.6 | BE41: 24.2 | BF41: 15.4 | BG41: 3.3 | BH41: 13.2 | BI41: 22 | BJ41: 9.9 | BK41: 2.2 | BL41: 0 | BM41: 68.2 | BN41: 7.7
A42: 44963 | B42: FEBRUARY | C42: 6 | D42: =SUM(E42:H42) -> 640.2 | E42: =SUM(BE42:BN42) -> 133.1 | F42: =SUM(AA42:AJ42) -> 227.7 | G42: =SUM(AU42:BD42) -> 161.7 | H42: =SUM(AL42:AT42) -> 117.7 | I42: 0 | J42: 0.231 | K42: 0.275 | L42: 0.792 | M42: 0.88 | N42: 1.056 | O42: 1.045 | P42: 0.363 | Q42: 0.638 | R42: 1.023 | S42: 0.671 | T42: 0.649 | U42: 0.649 | V42: 0.308 | W42: 0.462 | X42: 0.99 | Y42: 0.737 | Z42: 0.429 | AA42: 5.5 | AB42: 46.2 | AC42: 0 | AD42: 44 | AE42: 0 | AF42: 17.6 | AG42: 46.2 | AH42: 8.8 | AI42: 27.5 | AJ42: 31.9 | AK42: 16.5 | AL42: 0 | AM42: 4.4 | AN42: 44 | AO42: 22 | AP42: 16.5 | AQ42: 0 | AR42: 0 | AS42: 30.8 | AT42: 0 | AU42: 47.3 | AV42: 22 | AW42: 19.8 | AX42: 5.5 | AY42: 7.7 | AZ42: 0 | BA42: 2.2 | BB42: 50.6 | BC42: 3.3 | BD42: 3.3 | BE42: 0 | BF42: 17.6 | BG42: 2.2 | BH42: 44 | BI42: 4.4 | BJ42: 35.2 | BK42: 0 | BL42: 0 | BM42: 29.7 | BN42: 0
A43: 44964 | B43: FEBRUARY | C43: 7 | D43: =SUM(E43:H43) -> 402.6 | E43: =SUM(BE43:BN43) -> 117.7 | F43: =SUM(AA43:AJ43) -> 61.6 | G43: =SUM(AU43:BD43) -> 122.1 | H43: =SUM(AL43:AT43) -> 101.2 | I43: 0 | J43: 0.781 | K43: 0.99 | L43: 1.089 | M43: 1.001 | N43: 1.067 | O43: 0.814 | P43: 0.77 | Q43: 1.089 | R43: 1.045 | S43: 0.781 | T43: 0.781 | U43: 0.715 | V43: 0.451 | W43: 0.99 | X43: 0.308 | Y43: 1.078 | Z43: 0.308 | AA43: 17.6 | AB43: 2.2 | AC43: 9.9 | AD43: 0 | AE43: 0 | AF43: 15.4 | AG43: 4.4 | AH43: 8.8 | AI43: 0 | AJ43: 3.3 | AK43: 5.5 | AL43: 8.8 | AM43: 0 | AN43: 0 | AO43: 9.9 | AP43: 5.5 | AQ43: 0 | AR43: 1.1 | AS43: 59.4 | AT43: 16.5 | AU43: 0 | AV43: 0 | AW43: 41.8 | AX43: 13.2 | AY43: 42.9 | AZ43: 6.6 | BA43: 0 | BB43: 0 | BC43: 2.2 | BD43: 15.4 | BE43: 11 | BF43: 24.2 | BG43: 38.5 | BH43: 11 | BI43: 0 | BJ43: 29.7 | BK43: 3.3 | BL43: 0 | BM43: 0 | BN43: 0
A44: 44965 | B44: FEBRUARY | C44: 8 | D44: =SUM(E44:H44) -> 532.4 | E44: =SUM(BE44:BN44) -> 138.6 | F44: =SUM(AA44:AJ44) -> 181.5 | G44: =SUM(AU44:BD44) -> 190.3 | H44: =SUM(AL44:AT44) -> 22 | I44: 0 | J44: 0.528 | K44: 0.825 | L44: 0.814 | M44: 0.924 | N44: 0.275 | O44: 0.473 | P44: 0.957 | Q44: 0.671 | R44: 0.132 | S44: 0.693 | T44: 0.913 | U44: 0.88 | V44: 0.616 | W44: 0.99 | X44: 1.012 | Y44: 0.935 | Z44: 0.935 | AA44: 0 | AB44: 38.5 | AC44: 0 | AD44: 1.1 | AE44: 23.1 | AF44: 34.1 | AG44: 0 | AH44: 6.6 | AI44: 38.5 | AJ44: 39.6 | AK44: 1.1 | AL44: 0 | AM44: 0 | AN44: 0 | AO44: 5.5 | AP44: 0 | AQ44: 0 | AR44: 0 | AS44: 8.8 | AT44: 7.7 | AU44: 22 | AV44: 20.9 | AW44: 37.4 | AX44: 41.8 | AY44: 22 | AZ44: 0 | BA44: 5.5 | BB44: 40.7 | BC44: 0 | BD44: 0 | BE44: 11 | BF44: 3.3 | BG44: 0 | BH44: 46.2 | BI44: 4.4 | BJ44: 14.3 | BK44: 0 | BL44: 3.3 | BM44: 18.7 | BN44: 37.4
A45: 44966 | B45: FEBRUARY | C45: 9 | D45: =SUM(E45:H45) -> 519.2 | E45: =SUM(BE45:BN45) -> 73.7 | F45: =SUM(AA45:AJ45) -> 172.7 | G45: =SUM(AU45:BD45) -> 147.4 | H45: =SUM(AL45:AT45) -> 125.4 | I45: 0 | J45: 0.275 | K45: 0.605 | L45: 0.814 | M45: 0.924 | N45: 0.99 | O45: 0.792 | P45: 0.671 | Q45: 0.847 | R45: 0.22 | S45: 0.11 | T45: 0.66 | U45: 0.649 | V45: 0.605 | W45: 1.034 | X45: 0.968 | Y45: 0.319 | Z45: 0.44 | AA45: 11 | AB45: 30.8 | AC45: 0 | AD45: 14.3 | AE45: 25.3 | AF45: 23.1 | AG45: 6.6 | AH45: 53.9 | AI45: 0 | AJ45: 7.7 | AK45: 14.3 | AL45: 36.3 | AM45: 17.6 | AN45: 17.6 | AO45: 18.7 | AP45: 17.6 | AQ45: 0 | AR45: 0 | AS45: 0 | AT45: 17.6 | AU45: 20.9 | AV45: 16.5 | AW45: 47.3 | AX45: 22 | AY45: 7.7 | AZ45: 0 | BA45: 0 | BB45: 33 | BC45: 0 | BD45: 0 | BE45: 0 | BF45: 30.8 | BG45: 0 | BH45: 0 | BI45: 18.7 | BJ45: 1.1 | BK45: 0 | BL45: 18.7 | BM45: 0 | BN45: 4.4
A46: 44967 | B46: FEBRUARY | C46: 10 | D46: =SUM(E46:H46) -> 647.9 | E46: =SUM(BE46:BN46) -> 234.3 | F46: =SUM(AA46:AJ46) -> 152.9 | G46: =SUM(AU46:BD46) -> 134.2 | H46: =SUM(AL46:AT46) -> 126.5 | I46: 0 | J46: 0.418 | K46: 0.891 | L46: 1.089 | M46: 0.99 | N46: 1.045 | O46: 0.902 | P46: 0.858 | Q46: 0.737 | R46: 0.979 | S46: 0.726 | T46: 0.847 | U46: 0.979 | V46: 1.078 | W46: 0.946 | X46: 1.089 | Y46: 1.012 | Z46: 0.638 | AA46: 0 | AB46: 5.5 | AC46: 24.2 | AD46: 23.1 | AE46: 15.4 | AF46: 28.6 | AG46: 18.7 | AH46: 24.2 | AI46: 9.9 | AJ46: 3.3 | AK46: 4.4 | AL46: 23.1 | AM46: 23.1 | AN46: 0 | AO46: 0 | AP46: 20.9 | AQ46: 17.6 | AR46: 0 | AS46: 22 | AT46: 19.8 | AU46: 16.5 | AV46: 20.9 | AW46: 17.6 | AX46: 6.6 | AY46: 0 | AZ46: 0 | BA46: 0 | BB46: 31.9 | BC46: 40.7 | BD46: 0 | BE46: 24.2 | BF46: 0 | BG46: 30.8 | BH46: 30.8 | BI46: 16.5 | BJ46: 51.7 | BK46: 0 | BL46: 20.9 | BM46: 20.9 | BN46: 38.5
A47: 44968 | B47: FEBRUARY | C47: 11 | D47: =SUM(E47:H47) -> 588.5 | E47: =SUM(BE47:BN47) -> 144.1 | F47: =SUM(AA47:AJ47) -> 213.4 | G47: =SUM(AU47:BD47) -> 70.4 | H47: =SUM(AL47:AT47) -> 160.6 | I47: 0 | J47: 0.77 | K47: 0.825 | L47: 0.913 | M47: 1.045 | N47: 1.012 | O47: 0.803 | P47: 0.847 | Q47: 0.825 | R47: 0.814 | S47: 0.891 | T47: 1.078 | U47: 0.473 | V47: 1.1 | W47: 0.825 | X47: 0.594 | Y47: 1.067 | Z47: 0.979 | AA47: 15.4 | AB47: 2.2 | AC47: 29.7 | AD47: 28.6 | AE47: 0 | AF47: 19.8 | AG47: 11 | AH47: 39.6 | AI47: 4.4 | AJ47: 62.7 | AK47: 26.4 | AL47: 17.6 | AM47: 16.5 | AN47: 45.1 | AO47: 0 | AP47: 42.9 | AQ47: 23.1 | AR47: 12.1 | AS47: 3.3 | AT47: 0 | AU47: 34.1 | AV47: 0 | AW47: 0 | AX47: 6.6 | AY47: 6.6 | AZ47: 5.5 | BA47: 2.2 | BB47: 0 | BC47: 14.3 | BD47: 1.1 | BE47: 0 | BF47: 12.1 | BG47: 12.1 | BH47: 5.5 | BI47: 6.6 | BJ47: 0 | BK47: 1.1 | BL47: 35.2 | BM47: 36.3 | BN47: 35.2
A48: 44969 | B48: FEBRUARY | C48: 12 | D48: =SUM(E48:H48) -> 618.2 | E48: =SUM(BE48:BN48) -> 156.2 | F48: =SUM(AA48:AJ48) -> 113.3 | G48: =SUM(AU48:BD48) -> 173.8 | H48: =SUM(AL48:AT48) -> 174.9 | I48: 0 | J48: 0.528 | K48: 0.561 | L48: 0.803 | M48: 0.803 | N48: 0.99 | O48: 0.363 | P48: 0.759 | Q48: 0.649 | R48: 0.682 | S48: 0.759 | T48: 0.781 | U48: 1.067 | V48: 0.352 | W48: 0.913 | X48: 0.869 | Y48: 0.275 | Z48: 0.946 | AA48: 17.6 | AB48: 0 | AC48: 4.4 | AD48: 0 | AE48: 0 | AF48: 11 | AG48: 39.6 | AH48: 0 | AI48: 0 | AJ48: 40.7 | AK48: 6.6 | AL48: 7.7 | AM48: 37.4 | AN48: 0 | AO48: 0 | AP48: 41.8 | AQ48: 46.2 | AR48: 0 | AS48: 8.8 | AT48: 33 | AU48: 6.6 | AV48: 0 | AW48: 61.6 | AX48: 8.8 | AY48: 4.4 | AZ48: 0 | BA48: 25.3 | BB48: 0 | BC48: 60.5 | BD48: 6.6 | BE48: 4.4 | BF48: 25.3 | BG48: 17.6 | BH48: 6.6 | BI48: 25.3 | BJ48: 28.6 | BK48: 14.3 | BL48: 6.6 | BM48: 0 | BN48: 27.5
... A64: 44985 | B64: FEBRUARY | C64: 28 | D64: =SUM(E64:H64) -> 431.2 | E64: =SUM(BE64:BN64) -> 138.6 | F64: =SUM(AA64:AJ64) -> 90.2 | G64: =SUM(AU64:BD64) -> 135.3 | H64: =SUM(AL64:AT64) -> 67.1 | I64: 0 | J64: 0.638 | K64: 0.638 | L64: 0.825 | M64: 0.968 | N64: 0.935 | O64: 0.748 | P64: 0.792 | Q64: 0.88 | R64: 1.089 | S64: 0.726 | T64: 0.792 | U64: 1.012 | V64: 1.1 | W64: 0.495 | X64: 0.836 | Y64: 0.638 | Z64: 0.451 | AA64: 35.2 | AB64: 3.3 | AC64: 0 | AD64: 3.3 | AE64: 44 | AF64: 0 | AG64: 0 | AH64: 0 | AI64: 4.4 | AJ64: 0 | AK64: 24.2 | AL64: 0 | AM64: 0 | AN64: 0 | AO64: 8.8 | AP64: 30.8 | AQ64: 0 | AR64: 5.5 | AS64: 8.8 | AT64: 13.2 | AU64: 8.8 | AV64: 14.3 | AW64: 12.1 | AX64: 12.1 | AY64: 13.2 | AZ64: 6.6 | BA64: 23.1 | BB64: 0 | BC64: 30.8 | BD64: 14.3 | BE64: 23.1 | BF64: 4.4 | BG64: 28.6 | BH64: 17.6 | BI64: 15.4 | BJ64: 6.6 | BK64: 7.7 | BL64: 0 | BM64: 20.9 | BN64: 14.3
B65: MARCH | C65: 0.01 | D65: =SUM(E65:H65) -> 0 | E65: 0 | F65: 0 | G65: 0 | H65: 0 | I65: 0 | J65: 0 | K65: 0 | L65: 0 | M65: 0 | N65: 0 | O65: 0 | P65: 0 | Q65: 0 | R65: 0 | S65: 0 | T65: 0 | U65: 0 | V65: 0 | W65: 0 | X65: 0 | Y65: 0 | Z65: 0 | AA65: 0 | AB65: 0 | AC65: 0 | AD65: 0 | AE65: 0 | AF65: 0 | AG65: 0 | AH65: 0 | AI65: 0 | AJ65: 0 | AK65: 0 | AL65: 0 | AM65: 0 | AN65: 0 | AO65: 0 | AP65: 0 | AQ65: 0 | AR65: 0 | AS65: 0 | AT65: 0 | AU65: 0 | AV65: 0 | AW65: 0 | AX65: 0 | AY65: 0 | AZ65: 0 | BA65: 0 | BB65: 0 | BC65: 0 | BD65: 0 | BE65: 0 | BF65: 0 | BG65: 0 | BH65: 0 | BI65: 0 | BJ65: 0 | BK65: 0 | BL65: 0 | BM65: 0 | BN65: 0
B66: MARCH | C66: 0.02 | D66: =SUM(E66:H66) -> 0 | E66: 0 | F66: 0 | G66: 0 | H66: 0 | I66: 0 | J66: 0 | K66: 0 | L66: 0 | M66: 0 | N66: 0 | O66: 0 | P66: 0 | Q66: 0 | R66: 0 | S66: 0 | T66: 0 | U66: 0 | V66: 0 | W66: 0 | X66: 0 | Y66: 0 | Z66: 0 | AA66: 0 | AB66: 0 | AC66: 0 | AD66: 0 | AE66: 0 | AF66: 0 | AG66: 0 | AH66: 0 | AI66: 0 | AJ66: 0 | AK66: 0 | AL66: 0 | AM66: 0 | AN66: 0 | AO66: 0 | AP66: 0 | AQ66: 0 | AR66: 0 | AS66: 0 | AT66: 0 | AU66: 0 | AV66: 0 | AW66: 0 | AX66: 0 | AY66: 0 | AZ66: 0 | BA66: 0 | BB66: 0 | BC66: 0 | BD66: 0 | BE66: 0 | BF66: 0 | BG66: 0 | BH66: 0 | BI66: 0 | BJ66: 0 | BK66: 0 | BL66: 0 | BM66: 0 | BN66: 0
B67: MARCH | C67: 0.03 | D67: =SUM(E67:H67) -> 0 | E67: 0 | F67: 0 | G67: 0 | H67: 0 | I67: 0 | J67: 0 | K67: 0 | L67: 0 | M67: 0 | N67: 0 | O67: 0 | P67: 0 | Q67: 0 | R67: 0 | S67: 0 | T67: 0 | U67: 0 | V67: 0 | W67: 0 | X67: 0 | Y67: 0 | Z67: 0 | AA67: 0 | AB67: 0 | AC67: 0 | AD67: 0 | AE67: 0 | AF67: 0 | AG67: 0 | AH67: 0 | AI67: 0 | AJ67: 0 | AK67: 0 | AL67: 0 | AM67: 0 | AN67: 0 | AO67: 0 | AP67: 0 | AQ67: 0 | AR67: 0 | AS67: 0 | AT67: 0 | AU67: 0 | AV67: 0 | AW67: 0 | AX67: 0 | AY67: 0 | AZ67: 0 | BA67: 0 | BB67: 0 | BC67: 0 | BD67: 0 | BE67: 0 | BF67: 0 | BG67: 0 | BH67: 0 | BI67: 0 | BJ67: 0 | BK67: 0 | BL67: 0 | BM67: 0 | BN67: 0
A68: 44986 | B68: MARCH | C68: 1 | D68: =SUM(E68:H68) -> 405.9 | E68: =SUM(BE68:BN68) -> 58.3 | F68: =SUM(AA68:AJ68) -> 135.3 | G68: =SUM(AU68:BD68) -> 101.2 | H68: =SUM(AL68:AT68) -> 111.1 | I68: 0 | J68: 0.495 | K68: 0.88 | L68: 0.198 | M68: 0.99 | N68: 1.012 | O68: 0.627 | P68: 0.957 | Q68: 0.803 | R68: 0.88 | S68: 0.748 | T68: 0.715 | U68: 0.165 | V68: 1.001 | W68: 1.067 | X68: 0.781 | Y68: 0.297 | Z68: 0.924 | AA68: 4.4 | AB68: 8.8 | AC68: 3.3 | AD68: 5.5 | AE68: 0 | AF68: 0 | AG68: 18.7 | AH68: 27.5 | AI68: 42.9 | AJ68: 24.2 | AK68: 0 | AL68: 6.6 | AM68: 2.2 | AN68: 4.4 | AO68: 12.1 | AP68: 2.2 | AQ68: 0 | AR68: 23.1 | AS68: 0 | AT68: 60.5 | AU68: 6.6 | AV68: 6.6 | AW68: 0 | AX68: 6.6 | AY68: 0 | AZ68: 14.3 | BA68: 0 | BB68: 34.1 | BC68: 33 | BD68: 0 | BE68: 20.9 | BF68: 6.6 | BG68: 15.4 | BH68: 0 | BI68: 1.1 | BJ68: 0 | BK68: 9.9 | BL68: 0 | BM68: 4.4 | BN68: 0
A69: 44987 | B69: MARCH | C69: 2 | D69: =SUM(E69:H69) -> 535.7 | E69: =SUM(BE69:BN69) -> 189.2 | F69: =SUM(AA69:AJ69) -> 113.3 | G69: =SUM(AU69:BD69) -> 93.5 | H69: =SUM(AL69:AT69) -> 139.7 | I69: 0 | J69: 0.363 | K69: 0.319 | L69: 1.001 | M69: 0.539 | N69: 1.067 | O69: 0.66 | P69: 0.715 | Q69: 0.704 | R69: 0.198 | S69: 0.66 | T69: 0.781 | U69: 1.089 | V69: 1.012 | W69: 0.781 | X69: 1.078 | Y69: 0.88 | Z69: 0.88 | AA69: 0 | AB69: 0 | AC69: 0 | AD69: 17.6 | AE69: 0 | AF69: 30.8 | AG69: 1.1 | AH69: 7.7 | AI69: 29.7 | AJ69: 26.4 | AK69: 4.4 | AL69: 0 | AM69: 0 | AN69: 0 | AO69: 0 | AP69: 4.4 | AQ69: 30.8 | AR69: 24.2 | AS69: 17.6 | AT69: 62.7 | AU69: 18.7 | AV69: 9.9 | AW69: 24.2 | AX69: 0 | AY69: 5.5 | AZ69: 12.1 | BA69: 8.8 | BB69: 6.6 | BC69: 3.3 | BD69: 4.4 | BE69: 8.8 | BF69: 39.6 | BG69: 11 | BH69: 15.4 | BI69: 1.1 | BJ69: 48.4 | BK69: 16.5 | BL69: 25.3 | BM69: 23.1 | BN69: 0
A70: 44988 | B70: MARCH | C70: 3 | D70: =SUM(E70:H70) -> 484 | E70: =SUM(BE70:BN70) -> 162.8 | F70: =SUM(AA70:AJ70) -> 108.9 | G70: =SUM(AU70:BD70) -> 90.2 | H70: =SUM(AL70:AT70) -> 122.1 | I70: 0 | J70: 0.33 | K70: 0.627 | L70: 0.781 | M70: 0.979 | N70: 0.33 | O70: 0.693 | P70: 0.11 | Q70: 0.77 | R70: 1.089 | S70: 0.715 | T70: 0.693 | U70: 0.902 | V70: 1.034 | W70: 1.067 | X70: 0.484 | Y70: 0.429 | Z70: 1.012 | AA70: 33 | AB70: 12.1 | AC70: 0 | AD70: 2.2 | AE70: 15.4 | AF70: 0 | AG70: 0 | AH70: 19.8 | AI70: 15.4 | AJ70: 11 | AK70: 11 | AL70: 11 | AM70: 6.6 | AN70: 17.6 | AO70: 29.7 | AP70: 0 | AQ70: 0 | AR70: 17.6 | AS70: 19.8 | AT70: 19.8 | AU70: 2.2 | AV70: 2.2 | AW70: 26.4 | AX70: 0 | AY70: 2.2 | AZ70: 0 | BA70: 23.1 | BB70: 33 | BC70: 1.1 | BD70: 0 | BE70: 29.7 | BF70: 28.6 | BG70: 15.4 | BH70: 0 | BI70: 0 | BJ70: 0 | BK70: 31.9 | BL70: 20.9 | BM70: 36.3 | BN70: 0
A71: 44989 | B71: MARCH | C71: 4 | D71: =SUM(E71:H71) -> 531.3 | E71: =SUM(BE71:BN71) -> 86.9 | F71: =SUM(AA71:AJ71) -> 102.3 | G71: =SUM(AU71:BD71) -> 170.5 | H71: =SUM(AL71:AT71) -> 171.6 | I71: 0 | J71: 0.319 | K71: 0.781 | L71: 0.88 | M71: 0.891 | N71: 1.078 | O71: 0.759 | P71: 0.847 | Q71: 0.88 | R71: 0.726 | S71: 0.814 | T71: 0.682 | U71: 1.001 | V71: 0.286 | W71: 1.1 | X71: 1.034 | Y71: 0.561 | Z71: 0.11 | AA71: 0 | AB71: 9.9 | AC71: 0 | AD71: 15.4 | AE71: 0 | AF71: 7.7 | AG71: 29.7 | AH71: 0 | AI71: 8.8 | AJ71: 30.8 | AK71: 26.4 | AL71: 14.3 | AM71: 0 | AN71: 0 | AO71: 30.8 | AP71: 47.3 | AQ71: 55 | AR71: 18.7 | AS71: 5.5 | AT71: 0 | AU71: 1.1 | AV71: 0 | AW71: 40.7 | AX71: 0 | AY71: 38.5 | AZ71: 11 | BA71: 1.1 | BB71: 40.7 | BC71: 6.6 | BD71: 30.8 | BE71: 0 | BF71: 5.5 | BG71: 26.4 | BH71: 2.2 | BI71: 34.1 | BJ71: 0 | BK71: 0 | BL71: 17.6 | BM71: 0 | BN71: 1.1
A72: 44990 | B72: MARCH | C72: 5 | D72: =SUM(E72:H72) -> 543.4 | E72: =SUM(BE72:BN72) -> 119.9 | F72: =SUM(AA72:AJ72) -> 61.6 | G72: =SUM(AU72:BD72) -> 200.2 | H72: =SUM(AL72:AT72) -> 161.7 | I72: 0 | J72: 1.012 | K72: 0.583 | L72: 0.847 | M72: 0.902 | N72: 1.045 | O72: 0.693 | P72: 0.957 | Q72: 0.968 | R72: 0.957 | S72: 0.682 | T72: 1.1 | U72: 0.924 | V72: 0.902 | W72: 0.605 | X72: 1.034 | Y72: 0.572 | Z72: 0.814 | AA72: 6.6 | AB72: 6.6 | AC72: 0 | AD72: 14.3 | AE72: 0 | AF72: 0 | AG72: 29.7 | AH72: 0 | AI72: 1.1 | AJ72: 3.3 | AK72: 22 | AL72: 14.3 | AM72: 45.1 | AN72: 35.2 | AO72: 0 | AP72: 5.5 | AQ72: 0 | AR72: 23.1 | AS72: 24.2 | AT72: 14.3 | AU72: 0 | AV72: 16.5 | AW72: 26.4 | AX72: 39.6 | AY72: 33 | AZ72: 47.3 | BA72: 0 | BB72: 0 | BC72: 26.4 | BD72: 11 | BE72: 0 | BF72: 2.2 | BG72: 0 | BH72: 0 | BI72: 0 | BJ72: 44 | BK72: 5.5 | BL72: 23.1 | BM72: 1.1 | BN72: 44
A73: 44991 | B73: MARCH | C73: 6 | D73: =SUM(E73:H73) -> 399.3 | E73: =SUM(BE73:BN73) -> 81.4 | F73: =SUM(AA73:AJ73) -> 103.4 | G73: =SUM(AU73:BD73) -> 84.7 | H73: =SUM(AL73:AT73) -> 129.8 | I73: 0 | J73: 1.001 | K73: 0.869 | L73: 0.572 | M73: 0.957 | N73: 1.089 | O73: 0.649 | P73: 0.825 | Q73: 0.605 | R73: 0.704 | S73: 0.781 | T73: 0.979 | U73: 0.924 | V73: 1.078 | W73: 0.935 | X73: 0.803 | Y73: 0.88 | Z73: 0.451 | AA73: 22 | AB73: 0 | AC73: 0 | AD73: 4.4 | AE73: 16.5 | AF73: 2.2 | AG73: 12.1 | AH73: 20.9 | AI73: 23.1 | AJ73: 2.2 | AK73: 11 | AL73: 0 | AM73: 8.8 | AN73: 6.6 | AO73: 53.9 | AP73: 9.9 | AQ73: 27.5 | AR73: 15.4 | AS73: 7.7 | AT73: 0 | AU73: 0 | AV73: 7.7 | AW73: 0 | AX73: 16.5 | AY73: 0 | AZ73: 36.3 | BA73: 3.3 | BB73: 6.6 | BC73: 14.3 | BD73: 0 | BE73: 1.1 | BF73: 3.3 | BG73: 0 | BH73: 5.5 | BI73: 15.4 | BJ73: 0 | BK73: 0 | BL73: 24.2 | BM73: 17.6 | BN73: 14.3
A74: 44992 | B74: MARCH | C74: 7 | D74: =SUM(E74:H74) -> 641.3 | E74: =SUM(BE74:BN74) -> 172.7 | F74: =SUM(AA74:AJ74) -> 204.6 | G74: =SUM(AU74:BD74) -> 144.1 | H74: =SUM(AL74:AT74) -> 119.9 | I74: 0 | J74: 0.572 | K74: 0.66 | L74: 1.089 | M74: 0.297 | N74: 1.001 | O74: 0.143 | P74: 0.847 | Q74: 0.649 | R74: 0.638 | S74: 0.528 | T74: 1.078 | U74: 0.968 | V74: 0.902 | W74: 0.803 | X74: 0.935 | Y74: 0.528 | Z74: 1.078 | AA74: 8.8 | AB74: 36.3 | AC74: 0 | AD74: 0 | AE74: 14.3 | AF74: 51.7 | AG74: 17.6 | AH74: 19.8 | AI74: 12.1 | AJ74: 44 | AK74: 0 | AL74: 0 | AM74: 15.4 | AN74: 16.5 | AO74: 0 | AP74: 14.3 | AQ74: 38.5 | AR74: 24.2 | AS74: 5.5 | AT74: 5.5 | AU74: 13.2 | AV74: 0 | AW74: 27.5 | AX74: 12.1 | AY74: 0 | AZ74: 4.4 | BA74: 24.2 | BB74: 41.8 | BC74: 3.3 | BD74: 17.6 | BE74: 0 | BF74: 22 | BG74: 13.2 | BH74: 35.2 | BI74: 30.8 | BJ74: 2.2 | BK74: 34.1 | BL74: 16.5 | BM74: 14.3 | BN74: 4.4
A75: 44993 | B75: MARCH | C75: 8 | D75: =SUM(E75:H75) -> 480.7 | E75: =SUM(BE75:BN75) -> 74.8 | F75: =SUM(AA75:AJ75) -> 134.2 | G75: =SUM(AU75:BD75) -> 169.4 | H75: =SUM(AL75:AT75) -> 102.3 | I75: 1 | J75: 0.385 | K75: 0.825 | L75: 0.847 | M75: 0.836 | N75: 0.99 | O75: 0.803 | P75: 1.012 | Q75: 0.759 | R75: 0.715 | S75: 0.781 | T75: 0.693 | U75: 1.067 | V75: 0.968 | W75: 0.825 | X75: 1.1 | Y75: 0.869 | Z75: 0.616 | AA75: 26.4 | AB75: 15.4 | AC75: 0 | AD75: 3.3 | AE75: 5.5 | AF75: 0 | AG75: 0 | AH75: 23.1 | AI75: 29.7 | AJ75: 30.8 | AK75: 6.6 | AL75: 6.6 | AM75: 30.8 | AN75: 0 | AO75: 16.5 | AP75: 0 | AQ75: 17.6 | AR75: 15.4 | AS75: 0 | AT75: 15.4 | AU75: 0 | AV75: 23.1 | AW75: 18.7 | AX75: 15.4 | AY75: 16.5 | AZ75: 9.9 | BA75: 34.1 | BB75: 1.1 | BC75: 26.4 | BD75: 24.2 | BE75: 0 | BF75: 0 | BG75: 8.8 | BH75: 11 | BI75: 5.5 | BJ75: 0 | BK75: 24.2 | BL75: 15.4 | BM75: 0 | BN75: 9.9
A76: 44994 | B76: MARCH | C76: 9 | D76: =SUM(E76:H76) -> 548.9 | E76: =SUM(BE76:BN76) -> 82.5 | F76: =SUM(AA76:AJ76) -> 123.2 | G76: =SUM(AU76:BD76) -> 165 | H76: =SUM(AL76:AT76) -> 178.2 | I76: 0 | J76: 0.528 | K76: 0.682 | L76: 0.792 | M76: 0.748 | N76: 0.506 | O76: 0.814 | P76: 0.737 | Q76: 0.693 | R76: 0.814 | S76: 0.979 | T76: 0.704 | U76: 0.484 | V76: 0.814 | W76: 0.495 | X76: 0.737 | Y76: 0.792 | Z76: 0.11 | AA76: 28.6 | AB76: 0 | AC76: 14.3 | AD76: 1.1 | AE76: 20.9 | AF76: 2.2 | AG76: 15.4 | AH76: 4.4 | AI76: 36.3 | AJ76: 0 | AK76: 0 | AL76: 0 | AM76: 0 | AN76: 15.4 | AO76: 23.1 | AP76: 27.5 | AQ76: 0 | AR76: 44 | AS76: 53.9 | AT76: 14.3 | AU76: 25.3 | AV76: 1.1 | AW76: 0 | AX76: 24.2 | AY76: 0 | AZ76: 25.3 | BA76: 3.3 | BB76: 27.5 | BC76: 14.3 | BD76: 44 | BE76: 0 | BF76: 22 | BG76: 0 | BH76: 11 | BI76: 13.2 | BJ76: 17.6 | BK76: 0 | BL76: 0 | BM76: 1.1 | BN76: 17.6
A77: 44995 | B77: MARCH | C77: 10 | D77: =SUM(E77:H77) -> 555.5 | E77: =SUM(BE77:BN77) -> 122.1 | F77: =SUM(AA77:AJ77) -> 118.8 | G77: =SUM(AU77:BD77) -> 199.1 | H77: =SUM(AL77:AT77) -> 115.5 | I77: 0 | J77: 0.847 | K77: 0.506 | L77: 0.88 | M77: 0.99 | N77: 0.506 | O77: 0.671 | P77: 1.001 | Q77: 1.056 | R77: 0.704 | S77: 0.825 | T77: 0.968 | U77: 0.638 | V77: 1.001 | W77: 1.089 | X77: 0.33 | Y77: 0.737 | Z77: 0.891 | AA77: 45.1 | AB77: 0 | AC77: 6.6 | AD77: 0 | AE77: 2.2 | AF77: 15.4 | AG77: 0 | AH77: 5.5 | AI77: 6.6 | AJ77: 37.4 | AK77: 9.9 | AL77: 0 | AM77: 0 | AN77: 13.2 | AO77: 16.5 | AP77: 39.6 | AQ77: 25.3 | AR77: 0 | AS77: 17.6 | AT77: 3.3 | AU77: 44 | AV77: 45.1 | AW77: 13.2 | AX77: 0 | AY77: 44 | AZ77: 7.7 | BA77: 0 | BB77: 25.3 | BC77: 17.6 | BD77: 2.2 | BE77: 11 | BF77: 8.8 | BG77: 0 | BH77: 39.6 | BI77: 12.1 | BJ77: 0 | BK77: 0 | BL77: 7.7 | BM77: 0 | BN77: 42.9
A78: 44996 | B78: MARCH | C78: 11 | D78: =SUM(E78:H78) -> 525.8 | E78: =SUM(BE78:BN78) -> 127.6 | F78: =SUM(AA78:AJ78) -> 129.8 | G78: =SUM(AU78:BD78) -> 155.1 | H78: =SUM(AL78:AT78) -> 113.3 | I78: 0 | J78: 0.385 | K78: 0.836 | L78: 0.847 | M78: 0.968 | N78: 1.045 | O78: 0.396 | P78: 0.726 | Q78: 0.693 | R78: 0.847 | S78: 0.836 | T78: 1.034 | U78: 0.649 | V78: 0.957 | W78: 0.968 | X78: 1.056 | Y78: 1.012 | Z78: 0.99 | AA78: 0 | AB78: 8.8 | AC78: 7.7 | AD78: 9.9 | AE78: 27.5 | AF78: 20.9 | AG78: 16.5 | AH78: 0 | AI78: 15.4 | AJ78: 23.1 | AK78: 0 | AL78: 0 | AM78: 0 | AN78: 33 | AO78: 22 | AP78: 29.7 | AQ78: 24.2 | AR78: 0 | AS78: 0 | AT78: 4.4 | AU78: 28.6 | AV78: 8.8 | AW78: 7.7 | AX78: 30.8 | AY78: 8.8 | AZ78: 5.5 | BA78: 0 | BB78: 24.2 | BC78: 0 | BD78: 40.7 | BE78: 7.7 | BF78: 4.4 | BG78: 1.1 | BH78: 0 | BI78: 28.6 | BJ78: 50.6 | BK78: 8.8 | BL78: 0 | BM78: 16.5 | BN78: 9.9
A79: 44997 | B79: MARCH | C79: 12 | D79: =SUM(E79:H79) -> 557.7 | E79: =SUM(BE79:BN79) -> 163.9 | F79: =SUM(AA79:AJ79) -> 102.3 | G79: =SUM(AU79:BD79) -> 108.9 | H79: =SUM(AL79:AT79) -> 182.6 | I79: 0 | J79: 0.825 | K79: 0.737 | L79: 0.847 | M79: 1.067 | N79: 0.715 | O79: 0.715 | P79: 0.737 | Q79: 0.561 | R79: 0.814 | S79: 0.385 | T79: 0.88 | U79: 1.045 | V79: 0.792 | W79: 0.814 | X79: 0.429 | Y79: 0.572 | Z79: 0.396 | AA79: 0 | AB79: 15.4 | AC79: 12.1 | AD79: 0 | AE79: 28.6 | AF79: 12.1 | AG79: 0 | AH79: 27.5 | AI79: 1.1 | AJ79: 5.5 | AK79: 8.8 | AL79: 35.2 | AM79: 20.9 | AN79: 0 | AO79: 0 | AP79: 36.3 | AQ79: 3.3 | AR79: 28.6 | AS79: 35.2 | AT79: 23.1 | AU79: 13.2 | AV79: 13.2 | AW79: 4.4 | AX79: 0 | AY79: 25.3 | AZ79: 15.4 | BA79: 3.3 | BB79: 2.2 | BC79: 26.4 | BD79: 5.5 | BE79: 0 | BF79: 15.4 | BG79: 12.1 | BH79: 41.8 | BI79: 2.2 | BJ79: 3.3 | BK79: 12.1 | BL79: 31.9 | BM79: 45.1 | BN79: 0
... A98: 45016 | B98: MARCH | C98: 31 | D98: =SUM(E98:H98) -> 575.3 | E98: =SUM(BE98:BN98) -> 172.7 | F98: =SUM(AA98:AJ98) -> 162.8 | G98: =SUM(AU98:BD98) -> 113.3 | H98: =SUM(AL98:AT98) -> 126.5 | I98: 0 | J98: 1.078 | K98: 0.572 | L98: 0.803 | M98: 0.957 | N98: 0.935 | O98: 0.737 | P98: 0.528 | Q98: 0.132 | R98: 0.825 | S98: 0.748 | T98: 0.858 | U98: 0.275 | V98: 0.935 | W98: 0.979 | X98: 0.968 | Y98: 0.286 | Z98: 0.286 | AA98: 0 | AB98: 30.8 | AC98: 47.3 | AD98: 29.7 | AE98: 5.5 | AF98: 11 | AG98: 7.7 | AH98: 8.8 | AI98: 22 | AJ98: 0 | AK98: 11 | AL98: 23.1 | AM98: 24.2 | AN98: 26.4 | AO98: 7.7 | AP98: 7.7 | AQ98: 37.4 | AR98: 0 | AS98: 0 | AT98: 0 | AU98: 8.8 | AV98: 12.1 | AW98: 6.6 | AX98: 8.8 | AY98: 11 | AZ98: 3.3 | BA98: 6.6 | BB98: 24.2 | BC98: 19.8 | BD98: 12.1 | BE98: 9.9 | BF98: 8.8 | BG98: 39.6 | BH98: 0 | BI98: 1.1 | BJ98: 4.4 | BK98: 24.2 | BL98: 6.6 | BM98: 30.8 | BN98: 47.3
B99: APRIL | C99: 0.01 | D99: =SUM(E99:H99) -> 0 | E99: 0 | F99: 0 | G99: 0 | H99: 0 | I99: 0 | J99: 0 | K99: 0 | L99: 0 | M99: 0 | N99: 0 | O99: 0 | P99: 0 | Q99: 0 | R99: 0 | S99: 0 | T99: 0 | U99: 0 | V99: 0 | W99: 0 | X99: 0 | Y99: 0 | Z99: 0 | AA99: 0 | AB99: 0 | AC99: 0 | AD99: 0 | AE99: 0 | AF99: 0 | AG99: 0 | AH99: 0 | AI99: 0 | AJ99: 0 | AK99: 0 | AL99: 0 | AM99: 0 | AN99: 0 | AO99: 0 | AP99: 0 | AQ99: 0 | AR99: 0 | AS99: 0 | AT99: 0 | AU99: 0 | AV99: 0 | AW99: 0 | AX99: 0 | AY99: 0 | AZ99: 0 | BA99: 0 | BB99: 0 | BC99: 0 | BD99: 0 | BE99: 0 | BF99: 0 | BG99: 0 | BH99: 0 | BI99: 0 | BJ99: 0 | BK99: 0 | BL99: 0 | BM99: 0 | BN99: 0
B100: APRIL | C100: 0.02 | D100: =SUM(E100:H100) -> 0 | E100: 0 | F100: 0 | G100: 0 | H100: 0 | I100: 0 | J100: 0 | K100: 0 | L100: 0 | M100: 0 | N100: 0 | O100: 0 | P100: 0 | Q100: 0 | R100: 0 | S100: 0 | T100: 0 | U100: 0 | V100: 0 | W100: 0 | X100: 0 | Y100: 0 | Z100: 0 | AA100: 0 | AB100: 0 | AC100: 0 | AD100: 0 | AE100: 0 | AF100: 0 | AG100: 0 | AH100: 0 | AI100: 0 | AJ100: 0 | AK100: 0 | AL100: 0 | AM100: 0 | AN100: 0 | AO100: 0 | AP100: 0 | AQ100: 0 | AR100: 0 | AS100: 0 | AT100: 0 | AU100: 0 | AV100: 0 | AW100: 0 | AX100: 0 | AY100: 0 | AZ100: 0 | BA100: 0 | BB100: 0 | BC100: 0 | BD100: 0 | BE100: 0 | BF100: 0 | BG100: 0 | BH100: 0 | BI100: 0 | BJ100: 0 | BK100: 0 | BL100: 0 | BM100: 0 | BN100: 0
B101: APRIL | C101: 0.03 | D101: =SUM(E101:H101) -> 0 | E101: 0 | F101: 0 | G101: 0 | H101: 0 | I101: 0 | J101: 0 | K101: 0 | L101: 0 | M101: 0 | N101: 0 | O101: 0 | P101: 0 | Q101: 0 | R101: 0 | S101: 0 | T101: 0 | U101: 0 | V101: 0 | W101: 0 | X101: 0 | Y101: 0 | Z101: 0 | AA101: 0 | AB101: 0 | AC101: 0 | AD101: 0 | AE101: 0 | AF101: 0 | AG101: 0 | AH101: 0 | AI101: 0 | AJ101: 0 | AK101: 0 | AL101: 0 | AM101: 0 | AN101: 0 | AO101: 0 | AP101: 0 | AQ101: 0 | AR101: 0 | AS101: 0 | AT101: 0 | AU101: 0 | AV101: 0 | AW101: 0 | AX101: 0 | AY101: 0 | AZ101: 0 | BA101: 0 | BB101: 0 | BC101: 0 | BD101: 0 | BE101: 0 | BF101: 0 | BG101: 0 | BH101: 0 | BI101: 0 | BJ101: 0 | BK101: 0 | BL101: 0 | BM101: 0 | BN101: 0
B102: APRIL | C102: 0.04 | D102: =SUM(E102:H102) -> 0 | E102: 0 | F102: 0 | G102: 0 | H102: 0 | I102: 0 | J102: 0 | K102: 0 | L102: 0 | M102: 0 | N102: 0 | O102: 0 | P102: 0 | Q102: 0 | R102: 0 | S102: 0 | T102: 0 | U102: 0 | V102: 0 | W102: 0 | X102: 0 | Y102: 0 | Z102: 0 | AA102: 0 | AB102: 0 | AC102: 0 | AD102: 0 | AE102: 0 | AF102: 0 | AG102: 0 | AH102: 0 | AI102: 0 | AJ102: 0 | AK102: 0 | AL102: 0 | AM102: 0 | AN102: 0 | AO102: 0 | AP102: 0 | AQ102: 0 | AR102: 0 | AS102: 0 | AT102: 0 | AU102: 0 | AV102: 0 | AW102: 0 | AX102: 0 | AY102: 0 | AZ102: 0 | BA102: 0 | BB102: 0 | BC102: 0 | BD102: 0 | BE102: 0 | BF102: 0 | BG102: 0 | BH102: 0 | BI102: 0 | BJ102: 0 | BK102: 0 | BL102: 0 | BM102: 0 | BN102: 0
B103: APRIL | C103: 0.05 | D103: =SUM(E103:H103) -> 0 | E103: 0 | F103: 0 | G103: 0 | H103: 0 | I103: 0 | J103: 0 | K103: 0 | L103: 0 | M103: 0 | N103: 0 | O103: 0 | P103: 0 | Q103: 0 | R103: 0 | S103: 0 | T103: 0 | U103: 0 | V103: 0 | W103: 0 | X103: 0 | Y103: 0 | Z103: 0 | AA103: 0 | AB103: 0 | AC103: 0 | AD103: 0 | AE103: 0 | AF103: 0 | AG103: 0 | AH103: 0 | AI103: 0 | AJ103: 0 | AK103: 0 | AL103: 0 | AM103: 0 | AN103: 0 | AO103: 0 | AP103: 0 | AQ103: 0 | AR103: 0 | AS103: 0 | AT103: 0 | AU103: 0 | AV103: 0 | AW103: 0 | AX103: 0 | AY103: 0 | AZ103: 0 | BA103: 0 | BB103: 0 | BC103: 0 | BD103: 0 | BE103: 0 | BF103: 0 | BG103: 0 | BH103: 0 | BI103: 0 | BJ103: 0 | BK103: 0 | BL103: 0 | BM103: 0 | BN103: 0
B104: APRIL | C104: 0.06 | D104: =SUM(E104:H104) -> 0 | E104: 0 | F104: 0 | G104: 0 | H104: 0 | I104: 0 | J104: 0 | K104: 0 | L104: 0 | M104: 0 | N104: 0 | O104: 0 | P104: 0 | Q104: 0 | R104: 0 | S104: 0 | T104: 0 | U104: 0 | V104: 0 | W104: 0 | X104: 0 | Y104: 0 | Z104: 0 | AA104: 0 | AB104: 0 | AC104: 0 | AD104: 0 | AE104: 0 | AF104: 0 | AG104: 0 | AH104: 0 | AI104: 0 | AJ104: 0 | AK104: 0 | AL104: 0 | AM104: 0 | AN104: 0 | AO104: 0 | AP104: 0 | AQ104: 0 | AR104: 0 | AS104: 0 | AT104: 0 | AU104: 0 | AV104: 0 | AW104: 0 | AX104: 0 | AY104: 0 | AZ104: 0 | BA104: 0 | BB104: 0 | BC104: 0 | BD104: 0 | BE104: 0 | BF104: 0 | BG104: 0 | BH104: 0 | BI104: 0 | BJ104: 0 | BK104: 0 | BL104: 0 | BM104: 0 | BN104: 0
A105: 45017 | B105: APRIL | C105: 1 | D105: =SUM(E105:H105) -> 510.4 | E105: =SUM(BE105:BN105) -> 103.4 | F105: =SUM(AA105:AJ105) -> 151.8 | G105: =SUM(AU105:BD105) -> 178.2 | H105: =SUM(AL105:AT105) -> 77 | I105: 0 | J105: 0.968 | K105: 0.627 | L105: 0.858 | M105: 0.946 | N105: 1.023 | O105: 1.023 | P105: 0.748 | Q105: 0.781 | R105: 0.704 | S105: 0.781 | T105: 0.869 | U105: 0.165 | V105: 1.012 | W105: 1.056 | X105: 1.034 | Y105: 0.814 | Z105: 0.451 | AA105: 39.6 | AB105: 3.3 | AC105: 15.4 | AD105: 4.4 | AE105: 38.5 | AF105: 0 | AG105: 13.2 | AH105: 19.8 | AI105: 17.6 | AJ105: 0 | AK105: 7.7 | AL105: 5.5 | AM105: 0 | AN105: 0 | AO105: 11 | AP105: 5.5 | AQ105: 16.5 | AR105: 8.8 | AS105: 26.4 | AT105: 3.3 | AU105: 7.7 | AV105: 45.1 | AW105: 13.2 | AX105: 13.2 | AY105: 0 | AZ105: 0 | BA105: 8.8 | BB105: 50.6 | BC105: 13.2 | BD105: 26.4 | BE105: 3.3 | BF105: 7.7 | BG105: 27.5 | BH105: 1.1 | BI105: 6.6 | BJ105: 0 | BK105: 7.7 | BL105: 6.6 | BM105: 29.7 | BN105: 13.2
A106: 45018 | B106: APRIL | C106: 2 | D106: =SUM(E106:H106) -> 427.9 | E106: =SUM(BE106:BN106) -> 62.7 | F106: =SUM(AA106:AJ106) -> 56.1 | G106: =SUM(AU106:BD106) -> 170.5 | H106: =SUM(AL106:AT106) -> 138.6 | I106: 0 | J106: 0.407 | K106: 0.913 | L106: 0.935 | M106: 0.913 | N106: 1.078 | O106: 0.781 | P106: 0.671 | Q106: 0.704 | R106: 1.1 | S106: 0.715 | T106: 0.715 | U106: 0.528 | V106: 0.528 | W106: 0.462 | X106: 0.308 | Y106: 1.001 | Z106: 1.045 | AA106: 0 | AB106: 8.8 | AC106: 28.6 | AD106: 7.7 | AE106: 2.2 | AF106: 0 | AG106: 6.6 | AH106: 0 | AI106: 1.1 | AJ106: 1.1 | AK106: 62.7 | AL106: 6.6 | AM106: 0 | AN106: 39.6 | AO106: 48.4 | AP106: 33 | AQ106: 8.8 | AR106: 0 | AS106: 2.2 | AT106: 0 | AU106: 37.4 | AV106: 34.1 | AW106: 13.2 | AX106: 17.6 | AY106: 0 | AZ106: 26.4 | BA106: 12.1 | BB106: 15.4 | BC106: 0 | BD106: 14.3 | BE106: 14.3 | BF106: 0 | BG106: 0 | BH106: 5.5 | BI106: 1.1 | BJ106: 25.3 | BK106: 16.5 | BL106: 0 | BM106: 0 | BN106: 0
A107: 45019 | B107: APRIL | C107: 3 | D107: =SUM(E107:H107) -> 427.9 | E107: =SUM(BE107:BN107) -> 91.3 | F107: =SUM(AA107:AJ107) -> 99 | G107: =SUM(AU107:BD107) -> 101.2 | H107: =SUM(AL107:AT107) -> 136.4 | I107: 0 | J107: 0.957 | K107: 0.77 | L107: 0.825 | M107: 0.891 | N107: 0.781 | O107: 1.001 | P107: 0.638 | Q107: 1.067 | R107: 0.836 | S107: 0.748 | T107: 0.671 | U107: 1.067 | V107: 1.1 | W107: 0.979 | X107: 0.132 | Y107: 0.418 | Z107: 0.66 | AA107: 1.1 | AB107: 42.9 | AC107: 0 | AD107: 0 | AE107: 6.6 | AF107: 9.9 | AG107: 17.6 | AH107: 4.4 | AI107: 1.1 | AJ107: 15.4 | AK107: 36.3 | AL107: 41.8 | AM107: 25.3 | AN107: 3.3 | AO107: 29.7 | AP107: 3.3 | AQ107: 0 | AR107: 20.9 | AS107: 12.1 | AT107: 0 | AU107: 0 | AV107: 1.1 | AW107: 3.3 | AX107: 16.5 | AY107: 0 | AZ107: 24.2 | BA107: 20.9 | BB107: 35.2 | BC107: 0 | BD107: 0 | BE107: 9.9 | BF107: 0 | BG107: 7.7 | BH107: 0 | BI107: 3.3 | BJ107: 0 | BK107: 11 | BL107: 0 | BM107: 19.8 | BN107: 39.6
A108: 45020 | B108: APRIL | C108: 4 | D108: =SUM(E108:H108) -> 448.8 | E108: =SUM(BE108:BN108) -> 102.3 | F108: =SUM(AA108:AJ108) -> 132 | G108: =SUM(AU108:BD108) -> 113.3 | H108: =SUM(AL108:AT108) -> 101.2 | I108: 0 | J108: 0.495 | K108: 0.517 | L108: 0.88 | M108: 0.88 | N108: 0.99 | O108: 0.66 | P108: 0.638 | Q108: 0.726 | R108: 0.66 | S108: 1.089 | T108: 0.638 | U108: 0.781 | V108: 1.056 | W108: 0.935 | X108: 0.44 | Y108: 1.1 | Z108: 0.814 | AA108: 24.2 | AB108: 0 | AC108: 3.3 | AD108: 6.6 | AE108: 23.1 | AF108: 13.2 | AG108: 9.9 | AH108: 26.4 | AI108: 0 | AJ108: 25.3 | AK108: 0 | AL108: 17.6 | AM108: 30.8 | AN108: 0 | AO108: 0 | AP108: 26.4 | AQ108: 26.4 | AR108: 0 | AS108: 0 | AT108: 0 | AU108: 24.2 | AV108: 46.2 | AW108: 8.8 | AX108: 0 | AY108: 0 | AZ108: 0 | BA108: 34.1 | BB108: 0 | BC108: 0 | BD108: 0 | BE108: 8.8 | BF108: 22 | BG108: 9.9 | BH108: 2.2 | BI108: 2.2 | BJ108: 0 | BK108: 34.1 | BL108: 0 | BM108: 17.6 | BN108: 5.5
A109: 45021 | B109: APRIL | C109: 5 | D109: =SUM(E109:H109) -> 463.1 | E109: =SUM(BE109:BN109) -> 198 | F109: =SUM(AA109:AJ109) -> 113.3 | G109: =SUM(AU109:BD109) -> 60.5 | H109: =SUM(AL109:AT109) -> 91.3 | I109: 0 | J109: 0.462 | K109: 1.045 | L109: 0.803 | M109: 0.528 | N109: 1.078 | O109: 0.737 | P109: 0.616 | Q109: 0.88 | R109: 0.627 | S109: 0.748 | T109: 0.715 | U109: 0.946 | V109: 0.946 | W109: 1.034 | X109: 0.275 | Y109: 1.078 | Z109: 1.067 | AA109: 0 | AB109: 42.9 | AC109: 2.2 | AD109: 0 | AE109: 0 | AF109: 57.2 | AG109: 0 | AH109: 0 | AI109: 7.7 | AJ109: 3.3 | AK109: 0 | AL109: 12.1 | AM109: 9.9 | AN109: 0 | AO109: 6.6 | AP109: 9.9 | AQ109: 1.1 | AR109: 6.6 | AS109: 13.2 | AT109: 31.9 | AU109: 4.4 | AV109: 8.8 | AW109: 20.9 | AX109: 11 | AY109: 3.3 | AZ109: 0 | BA109: 0 | BB109: 0 | BC109: 0 | BD109: 12.1 | BE109: 9.9 | BF109: 0 | BG109: 37.4 | BH109: 3.3 | BI109: 31.9 | BJ109: 13.2 | BK109: 23.1 | BL109: 35.2 | BM109: 3.3 | BN109: 40.7
A110: 45022 | B110: APRIL | C110: 6 | D110: =SUM(E110:H110) -> 525.8 | E110: =SUM(BE110:BN110) -> 92.4 | F110: =SUM(AA110:AJ110) -> 105.6 | G110: =SUM(AU110:BD110) -> 205.7 | H110: =SUM(AL110:AT110) -> 122.1 | I110: 0 | J110: 0.594 | K110: 0.682 | L110: 0.814 | M110: 1.056 | N110: 0.671 | O110: 0.935 | P110: 1.034 | Q110: 0.858 | R110: 0.44 | S110: 0.825 | T110: 0.935 | U110: 0.935 | V110: 0.99 | W110: 0.484 | X110: 0.77 | Y110: 0.616 | Z110: 0.517 | AA110: 0 | AB110: 19.8 | AC110: 33 | AD110: 38.5 | AE110: 0 | AF110: 2.2 | AG110: 0 | AH110: 0 | AI110: 12.1 | AJ110: 0 | AK110: 11 | AL110: 27.5 | AM110: 27.5 | AN110: 16.5 | AO110: 7.7 | AP110: 28.6 | AQ110: 0 | AR110: 4.4 | AS110: 0 | AT110: 9.9 | AU110: 12.1 | AV110: 9.9 | AW110: 1.1 | AX110: 60.5 | AY110: 29.7 | AZ110: 37.4 | BA110: 1.1 | BB110: 0 | BC110: 36.3 | BD110: 17.6 | BE110: 6.6 | BF110: 0 | BG110: 20.9 | BH110: 0 | BI110: 15.4 | BJ110: 27.5 | BK110: 0 | BL110: 22 | BM110: 0 | BN110: 0
A111: 45023 | B111: APRIL | C111: 7 | D111: =SUM(E111:H111) -> 588.5 | E111: =SUM(BE111:BN111) -> 150.7 | F111: =SUM(AA111:AJ111) -> 84.7 | G111: =SUM(AU111:BD111) -> 139.7 | H111: =SUM(AL111:AT111) -> 213.4 | I111: 1 | J111: 0.649 | K111: 0.737 | L111: 1.089 | M111: 0.44 | N111: 0.99 | O111: 0.605 | P111: 0.506 | Q111: 0.869 | R111: 1.034 | S111: 0.671 | T111: 0.781 | U111: 0.99 | V111: 0.759 | W111: 0.385 | X111: 1.078 | Y111: 0.341 | Z111: 0.957 | AA111: 8.8 | AB111: 6.6 | AC111: 24.2 | AD111: 13.2 | AE111: 6.6 | AF111: 0 | AG111: 2.2 | AH111: 20.9 | AI111: 0 | AJ111: 2.2 | AK111: 33 | AL111: 31.9 | AM111: 0 | AN111: 44 | AO111: 17.6 | AP111: 0 | AQ111: 41.8 | AR111: 46.2 | AS111: 8.8 | AT111: 23.1 | AU111: 4.4 | AV111: 49.5 | AW111: 23.1 | AX111: 14.3 | AY111: 0 | AZ111: 34.1 | BA111: 14.3 | BB111: 0 | BC111: 0 | BD111: 0 | BE111: 17.6 | BF111: 24.2 | BG111: 0 | BH111: 17.6 | BI111: 0 | BJ111: 33 | BK111: 17.6 | BL111: 12.1 | BM111: 0 | BN111: 28.6
A112: 45024 | B112: APRIL | C112: 8 | D112: =SUM(E112:H112) -> 690.8 | E112: =SUM(BE112:BN112) -> 210.1 | F112: =SUM(AA112:AJ112) -> 201.3 | G112: =SUM(AU112:BD112) -> 135.3 | H112: =SUM(AL112:AT112) -> 144.1 | I112: 1 | J112: 0.913 | K112: 0.99 | L112: 0.814 | M112: 1.012 | N112: 0.374 | O112: 1.078 | P112: 0.616 | Q112: 0.715 | R112: 0.66 | S112: 0.671 | T112: 0.726 | U112: 0.99 | V112: 0.649 | W112: 0.803 | X112: 1.012 | Y112: 0.66 | Z112: 1.012 | AA112: 3.3 | AB112: 19.8 | AC112: 0 | AD112: 36.3 | AE112: 61.6 | AF112: 0 | AG112: 35.2 | AH112: 14.3 | AI112: 30.8 | AJ112: 0 | AK112: 0 | AL112: 0 | AM112: 19.8 | AN112: 0 | AO112: 0 | AP112: 52.8 | AQ112: 1.1 | AR112: 9.9 | AS112: 55 | AT112: 5.5 | AU112: 0 | AV112: 14.3 | AW112: 0 | AX112: 1.1 | AY112: 7.7 | AZ112: 40.7 | BA112: 0 | BB112: 0 | BC112: 31.9 | BD112: 39.6 | BE112: 33 | BF112: 0 | BG112: 57.2 | BH112: 38.5 | BI112: 0 | BJ112: 0 | BK112: 0 | BL112: 44 | BM112: 36.3 | BN112: 1.1
A113: 45025 | B113: APRIL | C113: 9 | D113: =SUM(E113:H113) -> 486.2 | E113: =SUM(BE113:BN113) -> 132 | F113: =SUM(AA113:AJ113) -> 122.1 | G113: =SUM(AU113:BD113) -> 89.1 | H113: =SUM(AL113:AT113) -> 143 | I113: 0 | J113: 0.308 | K113: 0.869 | L113: 0.88 | M113: 0.99 | N113: 0.847 | O113: 0.759 | P113: 0.242 | Q113: 0.176 | R113: 0.682 | S113: 0.605 | T113: 0.693 | U113: 1.078 | V113: 1.045 | W113: 0.396 | X113: 0.627 | Y113: 0.957 | Z113: 0.814 | AA113: 0 | AB113: 16.5 | AC113: 2.2 | AD113: 4.4 | AE113: 13.2 | AF113: 1.1 | AG113: 5.5 | AH113: 33 | AI113: 15.4 | AJ113: 30.8 | AK113: 5.5 | AL113: 8.8 | AM113: 25.3 | AN113: 0 | AO113: 19.8 | AP113: 6.6 | AQ113: 13.2 | AR113: 8.8 | AS113: 56.1 | AT113: 4.4 | AU113: 0 | AV113: 12.1 | AW113: 0 | AX113: 0 | AY113: 14.3 | AZ113: 0 | BA113: 12.1 | BB113: 26.4 | BC113: 24.2 | BD113: 0 | BE113: 36.3 | BF113: 20.9 | BG113: 0 | BH113: 6.6 | BI113: 22 | BJ113: 0 | BK113: 16.5 | BL113: 18.7 | BM113: 0 | BN113: 11
A114: 45026 | B114: APRIL | C114: 10 | D114: =SUM(E114:H114) -> 606.1 | E114: =SUM(BE114:BN114) -> 205.7 | F114: =SUM(AA114:AJ114) -> 75.9 | G114: =SUM(AU114:BD114) -> 187 | H114: =SUM(AL114:AT114) -> 137.5 | I114: 1 | J114: 0.22 | K114: 0.704 | L114: 0.99 | M114: 0.748 | N114: 0.517 | O114: 0.55 | P114: 0.847 | Q114: 0.781 | R114: 0.748 | S114: 0.957 | T114: 0.638 | U114: 1.045 | V114: 0.913 | W114: 1.012 | X114: 1.001 | Y114: 0.55 | Z114: 0.737 | AA114: 13.2 | AB114: 9.9 | AC114: 6.6 | AD114: 0 | AE114: 0 | AF114: 18.7 | AG114: 0 | AH114: 0 | AI114: 18.7 | AJ114: 8.8 | AK114: 2.2 | AL114: 8.8 | AM114: 28.6 | AN114: 25.3 | AO114: 16.5 | AP114: 39.6 | AQ114: 0 | AR114: 0 | AS114: 18.7 | AT114: 0 | AU114: 1.1 | AV114: 44 | AW114: 28.6 | AX114: 12.1 | AY114: 16.5 | AZ114: 42.9 | BA114: 17.6 | BB114: 24.2 | BC114: 0 | BD114: 0 | BE114: 0 | BF114: 34.1 | BG114: 40.7 | BH114: 11 | BI114: 0 | BJ114: 8.8 | BK114: 34.1 | BL114: 0 | BM114: 46.2 | BN114: 30.8
A115: 45027 | B115: APRIL | C115: 11 | D115: =SUM(E115:H115) -> 513.7 | E115: =SUM(BE115:BN115) -> 154 | F115: =SUM(AA115:AJ115) -> 187 | G115: =SUM(AU115:BD115) -> 97.9 | H115: =SUM(AL115:AT115) -> 74.8 | I115: 0 | J115: 0.385 | K115: 0.737 | L115: 0.792 | M115: 0.924 | N115: 0.66 | O115: 1.012 | P115: 0.715 | Q115: 0.759 | R115: 0.671 | S115: 0.847 | T115: 0.748 | U115: 0.638 | V115: 0.55 | W115: 1.089 | X115: 0.891 | Y115: 1.078 | Z115: 0.979 | AA115: 8.8 | AB115: 40.7 | AC115: 19.8 | AD115: 0 | AE115: 6.6 | AF115: 18.7 | AG115: 60.5 | AH115: 1.1 | AI115: 0 | AJ115: 30.8 | AK115: 3.3 | AL115: 5.5 | AM115: 9.9 | AN115: 0 | AO115: 1.1 | AP115: 7.7 | AQ115: 0 | AR115: 6.6 | AS115: 26.4 | AT115: 17.6 | AU115: 13.2 | AV115: 3.3 | AW115: 2.2 | AX115: 7.7 | AY115: 7.7 | AZ115: 9.9 | BA115: 27.5 | BB115: 0 | BC115: 26.4 | BD115: 0 | BE115: 15.4 | BF115: 1.1 | BG115: 56.1 | BH115: 35.2 | BI115: 5.5 | BJ115: 3.3 | BK115: 5.5 | BL115: 4.4 | BM115: 19.8 | BN115: 7.7
A116: 45028 | B116: APRIL | C116: 12 | D116: =SUM(E116:H116) -> 492.8 | E116: =SUM(BE116:BN116) -> 145.2 | F116: =SUM(AA116:AJ116) -> 133.1 | G116: =SUM(AU116:BD116) -> 90.2 | H116: =SUM(AL116:AT116) -> 124.3 | I116: 0 | J116: 0.44 | K116: 0.572 | L116: 0.935 | M116: 0.924 | N116: 0.396 | O116: 0.957 | P116: 0.671 | Q116: 0.88 | R116: 0.792 | S116: 0.693 | T116: 1.1 | U116: 1.045 | V116: 0.561 | W116: 0.825 | X116: 0.451 | Y116: 0.33 | Z116: 1.023 | AA116: 6.6 | AB116: 8.8 | AC116: 3.3 | AD116: 2.2 | AE116: 0 | AF116: 3.3 | AG116: 7.7 | AH116: 55 | AI116: 33 | AJ116: 13.2 | AK116: 0 | AL116: 18.7 | AM116: 19.8 | AN116: 0 | AO116: 6.6 | AP116: 46.2 | AQ116: 14.3 | AR116: 12.1 | AS116: 1.1 | AT116: 5.5 | AU116: 25.3 | AV116: 0 | AW116: 0 | AX116: 2.2 | AY116: 33 | AZ116: 11 | BA116: 4.4 | BB116: 12.1 | BC116: 2.2 | BD116: 0 | BE116: 29.7 | BF116: 5.5 | BG116: 44 | BH116: 0 | BI116: 0 | BJ116: 0 | BK116: 14.3 | BL116: 45.1 | BM116: 0 | BN116: 6.6
... A134: 45046 | B134: APRIL | C134: 30 | D134: =SUM(E134:H134) -> 496.1 | E134: =SUM(BE134:BN134) -> 195.8 | F134: =SUM(AA134:AJ134) -> 117.7 | G134: =SUM(AU134:BD134) -> 107.8 | H134: =SUM(AL134:AT134) -> 74.8 | I134: 0 | J134: 0.451 | K134: 0.319 | L134: 0.352 | M134: 0.814 | N134: 0.803 | O134: 1.012 | P134: 0.627 | Q134: 0.803 | R134: 0.825 | S134: 0.66 | T134: 0.869 | U134: 0.88 | V134: 0.484 | W134: 1.012 | X134: 0.44 | Y134: 0.484 | Z134: 0.847 | AA134: 2.2 | AB134: 36.3 | AC134: 3.3 | AD134: 0 | AE134: 0 | AF134: 6.6 | AG134: 25.3 | AH134: 8.8 | AI134: 31.9 | AJ134: 3.3 | AK134: 0 | AL134: 14.3 | AM134: 2.2 | AN134: 0 | AO134: 0 | AP134: 0 | AQ134: 14.3 | AR134: 34.1 | AS134: 9.9 | AT134: 0 | AU134: 22 | AV134: 9.9 | AW134: 2.2 | AX134: 47.3 | AY134: 6.6 | AZ134: 11 | BA134: 0 | BB134: 5.5 | BC134: 3.3 | BD134: 0 | BE134: 11 | BF134: 11 | BG134: 18.7 | BH134: 52.8 | BI134: 8.8 | BJ134: 29.7 | BK134: 33 | BL134: 0 | BM134: 4.4 | BN134: 26.4
B135: MAY | C135: 0.01 | D135: =SUM(E135:H135) -> 0 | E135: 0 | F135: 0 | G135: 0 | H135: 0 | I135: 0 | J135: 0 | K135: 0 | L135: 0 | M135: 0 | N135: 0 | O135: 0 | P135: 0 | Q135: 0 | R135: 0 | S135: 0 | T135: 0 | U135: 0 | V135: 0 | W135: 0 | X135: 0 | Y135: 0 | Z135: 0 | AA135: 0 | AB135: 0 | AC135: 0 | AD135: 0 | AE135: 0 | AF135: 0 | AG135: 0 | AH135: 0 | AI135: 0 | AJ135: 0 | AK135: 0 | AL135: 0 | AM135: 0 | AN135: 0 | AO135: 0 | AP135: 0 | AQ135: 0 | AR135: 0 | AS135: 0 | AT135: 0 | AU135: 0 | AV135: 0 | AW135: 0 | AX135: 0 | AY135: 0 | AZ135: 0 | BA135: 0 | BB135: 0 | BC135: 0 | BD135: 0 | BE135: 0 | BF135: 0 | BG135: 0 | BH135: 0 | BI135: 0 | BJ135: 0 | BK135: 0 | BL135: 0 | BM135: 0 | BN135: 0
A136: 45047 | B136: MAY | C136: 1 | D136: =SUM(E136:H136) -> 573.1 | E136: =SUM(BE136:BN136) -> 176 | F136: =SUM(AA136:AJ136) -> 82.5 | G136: =SUM(AU136:BD136) -> 148.5 | H136: =SUM(AL136:AT136) -> 166.1 | I136: 0 | J136: 1.078 | K136: 0.616 | L136: 0.572 | M136: 0.957 | N136: 0.88 | O136: 1.023 | P136: 0.88 | Q136: 1.1 | R136: 0.66 | S136: 0.165 | T136: 0.957 | U136: 0.462 | V136: 1.089 | W136: 0.792 | X136: 0.99 | Y136: 0.308 | Z136: 0.935 | AA136: 15.4 | AB136: 7.7 | AC136: 0 | AD136: 24.2 | AE136: 9.9 | AF136: 11 | AG136: 0 | AH136: 0 | AI136: 14.3 | AJ136: 0 | AK136: 31.9 | AL136: 22 | AM136: 14.3 | AN136: 26.4 | AO136: 38.5 | AP136: 0 | AQ136: 9.9 | AR136: 0 | AS136: 23.1 | AT136: 31.9 | AU136: 0 | AV136: 17.6 | AW136: 57.2 | AX136: 3.3 | AY136: 31.9 | AZ136: 0 | BA136: 0 | BB136: 0 | BC136: 17.6 | BD136: 20.9 | BE136: 1.1 | BF136: 8.8 | BG136: 31.9 | BH136: 15.4 | BI136: 12.1 | BJ136: 20.9 | BK136: 0 | BL136: 27.5 | BM136: 0 | BN136: 58.3
A137: 45048 | B137: MAY | C137: 2 | D137: =SUM(E137:H137) -> 513.7 | E137: =SUM(BE137:BN137) -> 160.6 | F137: =SUM(AA137:AJ137) -> 146.3 | G137: =SUM(AU137:BD137) -> 125.4 | H137: =SUM(AL137:AT137) -> 81.4 | I137: 0 | J137: 0.605 | K137: 1.089 | L137: 0.77 | M137: 0.968 | N137: 0.913 | O137: 0.627 | P137: 0.616 | Q137: 1.089 | R137: 0.935 | S137: 0.748 | T137: 0.858 | U137: 0.869 | V137: 1.012 | W137: 0.44 | X137: 0.319 | Y137: 0.616 | Z137: 0.495 | AA137: 6.6 | AB137: 0 | AC137: 9.9 | AD137: 9.9 | AE137: 49.5 | AF137: 30.8 | AG137: 3.3 | AH137: 27.5 | AI137: 8.8 | AJ137: 0 | AK137: 37.4 | AL137: 13.2 | AM137: 0 | AN137: 16.5 | AO137: 19.8 | AP137: 0 | AQ137: 5.5 | AR137: 15.4 | AS137: 11 | AT137: 0 | AU137: 7.7 | AV137: 7.7 | AW137: 2.2 | AX137: 5.5 | AY137: 34.1 | AZ137: 3.3 | BA137: 0 | BB137: 3.3 | BC137: 16.5 | BD137: 45.1 | BE137: 16.5 | BF137: 56.1 | BG137: 8.8 | BH137: 25.3 | BI137: 20.9 | BJ137: 14.3 | BK137: 9.9 | BL137: 0 | BM137: 5.5 | BN137: 3.3
A138: 45049 | B138: MAY | C138: 3 | D138: =SUM(E138:H138) -> 523.6 | E138: =SUM(BE138:BN138) -> 188.1 | F138: =SUM(AA138:AJ138) -> 68.2 | G138: =SUM(AU138:BD138) -> 169.4 | H138: =SUM(AL138:AT138) -> 97.9 | I138: 0 | J138: 0.506 | K138: 0.792 | L138: 0.946 | M138: 0.627 | N138: 0.77 | O138: 0.847 | P138: 0.825 | Q138: 1.067 | R138: 0.704 | S138: 0.528 | T138: 0.979 | U138: 1.023 | V138: 0.979 | W138: 0.968 | X138: 1.089 | Y138: 0.44 | Z138: 0.297 | AA138: 2.2 | AB138: 8.8 | AC138: 0 | AD138: 5.5 | AE138: 6.6 | AF138: 0 | AG138: 0 | AH138: 29.7 | AI138: 5.5 | AJ138: 9.9 | AK138: 3.3 | AL138: 20.9 | AM138: 1.1 | AN138: 4.4 | AO138: 14.3 | AP138: 5.5 | AQ138: 35.2 | AR138: 0 | AS138: 14.3 | AT138: 2.2 | AU138: 22 | AV138: 11 | AW138: 14.3 | AX138: 4.4 | AY138: 9.9 | AZ138: 20.9 | BA138: 12.1 | BB138: 36.3 | BC138: 2.2 | BD138: 36.3 | BE138: 0 | BF138: 12.1 | BG138: 33 | BH138: 2.2 | BI138: 4.4 | BJ138: 29.7 | BK138: 44 | BL138: 19.8 | BM138: 0 | BN138: 42.9
A139: 45050 | B139: MAY | C139: 4 | D139: =SUM(E139:H139) -> 353.1 | E139: =SUM(BE139:BN139) -> 83.6 | F139: =SUM(AA139:AJ139) -> 99 | G139: =SUM(AU139:BD139) -> 29.7 | H139: =SUM(AL139:AT139) -> 140.8 | I139: 0 | J139: 0.275 | K139: 0.781 | L139: 1.023 | M139: 0.836 | N139: 0.77 | O139: 0.737 | P139: 0.825 | Q139: 1.089 | R139: 0.946 | S139: 0.517 | T139: 0.693 | U139: 0.913 | V139: 0.891 | W139: 0.924 | X139: 0.11 | Y139: 0.869 | Z139: 0.792 | AA139: 0 | AB139: 27.5 | AC139: 16.5 | AD139: 6.6 | AE139: 18.7 | AF139: 0 | AG139: 0 | AH139: 29.7 | AI139: 0 | AJ139: 0 | AK139: 48.4 | AL139: 8.8 | AM139: 36.3 | AN139: 7.7 | AO139: 8.8 | AP139: 9.9 | AQ139: 28.6 | AR139: 0 | AS139: 40.7 | AT139: 0 | AU139: 0 | AV139: 0 | AW139: 0 | AX139: 1.1 | AY139: 0 | AZ139: 0 | BA139: 28.6 | BB139: 0 | BC139: 0 | BD139: 0 | BE139: 5.5 | BF139: 1.1 | BG139: 0 | BH139: 8.8 | BI139: 1.1 | BJ139: 34.1 | BK139: 2.2 | BL139: 29.7 | BM139: 1.1 | BN139: 0
A140: 45051 | B140: MAY | C140: 5 | D140: =SUM(E140:H140) -> 401.5 | E140: =SUM(BE140:BN140) -> 72.6 | F140: =SUM(AA140:AJ140) -> 108.9 | G140: =SUM(AU140:BD140) -> 111.1 | H140: =SUM(AL140:AT140) -> 108.9 | I140: 1 | J140: 0.165 | K140: 0.616 | L140: 0.847 | M140: 0.968 | N140: 1.001 | O140: 0.748 | P140: 0.418 | Q140: 0.748 | R140: 0.715 | S140: 0.825 | T140: 1.1 | U140: 0.341 | V140: 1.056 | W140: 1.067 | X140: 1.001 | Y140: 0.814 | Z140: 1.067 | AA140: 0 | AB140: 0 | AC140: 0 | AD140: 40.7 | AE140: 7.7 | AF140: 0 | AG140: 22 | AH140: 0 | AI140: 19.8 | AJ140: 18.7 | AK140: 11 | AL140: 2.2 | AM140: 22 | AN140: 0 | AO140: 45.1 | AP140: 0 | AQ140: 14.3 | AR140: 0 | AS140: 25.3 | AT140: 0 | AU140: 0 | AV140: 6.6 | AW140: 9.9 | AX140: 8.8 | AY140: 16.5 | AZ140: 11 | BA140: 8.8 | BB140: 1.1 | BC140: 22 | BD140: 26.4 | BE140: 17.6 | BF140: 5.5 | BG140: 0 | BH140: 15.4 | BI140: 9.9 | BJ140: 3.3 | BK140: 6.6 | BL140: 0 | BM140: 12.1 | BN140: 2.2
A141: 45052 | B141: MAY | C141: 6 | D141: =SUM(E141:H141) -> 479.6 | E141: =SUM(BE141:BN141) -> 157.3 | F141: =SUM(AA141:AJ141) -> 114.4 | G141: =SUM(AU141:BD141) -> 132 | H141: =SUM(AL141:AT141) -> 75.9 | I141: 0 | J141: 0.385 | K141: 0.682 | L141: 0.869 | M141: 0.913 | N141: 1.078 | O141: 1.067 | P141: 0.726 | Q141: 0.77 | R141: 0.803 | S141: 0.77 | T141: 0.825 | U141: 0.528 | V141: 1.067 | W141: 1.067 | X141: 0.418 | Y141: 1.078 | Z141: 1.045 | AA141: 6.6 | AB141: 14.3 | AC141: 4.4 | AD141: 14.3 | AE141: 2.2 | AF141: 8.8 | AG141: 11 | AH141: 13.2 | AI141: 5.5 | AJ141: 34.1 | AK141: 0 | AL141: 11 | AM141: 25.3 | AN141: 0 | AO141: 0 | AP141: 1.1 | AQ141: 14.3 | AR141: 0 | AS141: 7.7 | AT141: 16.5 | AU141: 0 | AV141: 27.5 | AW141: 13.2 | AX141: 0 | AY141: 0 | AZ141: 33 | BA141: 23.1 | BB141: 26.4 | BC141: 0 | BD141: 8.8 | BE141: 0 | BF141: 0 | BG141: 36.3 | BH141: 5.5 | BI141: 0 | BJ141: 37.4 | BK141: 22 | BL141: 46.2 | BM141: 0 | BN141: 9.9
A142: 45053 | B142: MAY | C142: 7 | D142: =SUM(E142:H142) -> 477.4 | E142: =SUM(BE142:BN142) -> 148.5 | F142: =SUM(AA142:AJ142) -> 110 | G142: =SUM(AU142:BD142) -> 130.9 | H142: =SUM(AL142:AT142) -> 88 | I142: 0 | J142: 0.88 | K142: 0.825 | L142: 0.99 | M142: 0.902 | N142: 0.979 | O142: 0.682 | P142: 0.704 | Q142: 0.759 | R142: 0.847 | S142: 0.781 | T142: 0.946 | U142: 0.33 | V142: 1.1 | W142: 0.99 | X142: 0.979 | Y142: 0.869 | Z142: 1.089 | AA142: 12.1 | AB142: 16.5 | AC142: 8.8 | AD142: 0 | AE142: 0 | AF142: 6.6 | AG142: 0 | AH142: 28.6 | AI142: 37.4 | AJ142: 0 | AK142: 0 | AL142: 0 | AM142: 31.9 | AN142: 5.5 | AO142: 0 | AP142: 3.3 | AQ142: 15.4 | AR142: 27.5 | AS142: 4.4 | AT142: 0 | AU142: 16.5 | AV142: 4.4 | AW142: 0 | AX142: 0 | AY142: 1.1 | AZ142: 45.1 | BA142: 51.7 | BB142: 0 | BC142: 0 | BD142: 12.1 | BE142: 23.1 | BF142: 0 | BG142: 24.2 | BH142: 3.3 | BI142: 3.3 | BJ142: 25.3 | BK142: 18.7 | BL142: 9.9 | BM142: 31.9 | BN142: 8.8
A143: 45054 | B143: MAY | C143: 8 | D143: =SUM(E143:H143) -> 491.7 | E143: =SUM(BE143:BN143) -> 133.1 | F143: =SUM(AA143:AJ143) -> 52.8 | G143: =SUM(AU143:BD143) -> 123.2 | H143: =SUM(AL143:AT143) -> 182.6 | I143: 0 | J143: 0.913 | K143: 0.759 | L143: 0.814 | M143: 0.957 | N143: 1.012 | O143: 0.638 | P143: 0.737 | Q143: 0.979 | R143: 0.429 | S143: 0.638 | T143: 0.792 | U143: 0.99 | V143: 0.528 | W143: 0.847 | X143: 0.792 | Y143: 1.056 | Z143: 0.341 | AA143: 1.1 | AB143: 14.3 | AC143: 19.8 | AD143: 6.6 | AE143: 0 | AF143: 11 | AG143: 0 | AH143: 0 | AI143: 0 | AJ143: 0 | AK143: 8.8 | AL143: 4.4 | AM143: 0 | AN143: 9.9 | AO143: 51.7 | AP143: 14.3 | AQ143: 23.1 | AR143: 55 | AS143: 0 | AT143: 24.2 | AU143: 0 | AV143: 0 | AW143: 20.9 | AX143: 46.2 | AY143: 0 | AZ143: 5.5 | BA143: 2.2 | BB143: 11 | BC143: 0 | BD143: 37.4 | BE143: 1.1 | BF143: 19.8 | BG143: 19.8 | BH143: 0 | BI143: 0 | BJ143: 11 | BK143: 51.7 | BL143: 0 | BM143: 16.5 | BN143: 13.2
A144: 45055 | B144: MAY | C144: 9 | D144: =SUM(E144:H144) -> 589.6 | E144: =SUM(BE144:BN144) -> 157.3 | F144: =SUM(AA144:AJ144) -> 107.8 | G144: =SUM(AU144:BD144) -> 123.2 | H144: =SUM(AL144:AT144) -> 201.3 | I144: 0 | J144: 0.957 | K144: 0.792 | L144: 0.847 | M144: 0.99 | N144: 1.045 | O144: 0.737 | P144: 0.11 | Q144: 0.737 | R144: 0.968 | S144: 0.957 | T144: 0.77 | U144: 0.506 | V144: 1.1 | W144: 1.078 | X144: 0.803 | Y144: 1.045 | Z144: 0.594 | AA144: 15.4 | AB144: 0 | AC144: 0 | AD144: 0 | AE144: 20.9 | AF144: 23.1 | AG144: 24.2 | AH144: 16.5 | AI144: 0 | AJ144: 7.7 | AK144: 15.4 | AL144: 3.3 | AM144: 23.1 | AN144: 46.2 | AO144: 3.3 | AP144: 13.2 | AQ144: 17.6 | AR144: 4.4 | AS144: 48.4 | AT144: 41.8 | AU144: 38.5 | AV144: 0 | AW144: 29.7 | AX144: 15.4 | AY144: 4.4 | AZ144: 0 | BA144: 28.6 | BB144: 0 | BC144: 6.6 | BD144: 0 | BE144: 26.4 | BF144: 8.8 | BG144: 8.8 | BH144: 14.3 | BI144: 28.6 | BJ144: 39.6 | BK144: 7.7 | BL144: 4.4 | BM144: 17.6 | BN144: 1.1
A145: 45056 | B145: MAY | C145: 10 | D145: =SUM(E145:H145) -> 558.8 | E145: =SUM(BE145:BN145) -> 166.1 | F145: =SUM(AA145:AJ145) -> 51.7 | G145: =SUM(AU145:BD145) -> 170.5 | H145: =SUM(AL145:AT145) -> 170.5 | I145: 0 | J145: 0.88 | K145: 0.385 | L145: 1.089 | M145: 0.902 | N145: 0.979 | O145: 0.704 | P145: 0.968 | Q145: 0.759 | R145: 1.023 | S145: 0.759 | T145: 0.825 | U145: 0.11 | V145: 0.352 | W145: 0.275 | X145: 0.616 | Y145: 0.682 | Z145: 0.33 | AA145: 1.1 | AB145: 0 | AC145: 2.2 | AD145: 1.1 | AE145: 1.2505552e-13 | AF145: 2.2 | AG145: 0 | AH145: 13.2 | AI145: 19.8 | AJ145: 12.1 | AK145: 30.8 | AL145: 22 | AM145: 2.2 | AN145: 22 | AO145: 18.7 | AP145: 0 | AQ145: 22 | AR145: 48.4 | AS145: 13.2 | AT145: 22 | AU145: 15.4 | AV145: 37.4 | AW145: 0 | AX145: 47.3 | AY145: 6.6 | AZ145: 0 | BA145: 40.7 | BB145: 0 | BC145: 9.9 | BD145: 13.2 | BE145: 35.2 | BF145: 46.2 | BG145: 4.4 | BH145: 13.2 | BI145: 18.7 | BJ145: 6.6 | BK145: 25.3 | BL145: 0 | BM145: 0 | BN145: 16.5
A146: 45057 | B146: MAY | C146: 11 | D146: =SUM(E146:H146) -> 416.9 | E146: =SUM(BE146:BN146) -> 114.4 | F146: =SUM(AA146:AJ146) -> 70.4 | G146: =SUM(AU146:BD146) -> 125.4 | H146: =SUM(AL146:AT146) -> 106.7 | I146: 0 | J146: 0.55 | K146: 0.638 | L146: 0.858 | M146: 0.935 | N146: 0.517 | O146: 0.66 | P146: 0.781 | Q146: 1.056 | R146: 1.1 | S146: 0.715 | T146: 0.858 | U146: 0.979 | V146: 0.517 | W146: 1.045 | X146: 0.506 | Y146: 0.451 | Z146: 0.759 | AA146: 0 | AB146: 11 | AC146: 0 | AD146: 13.2 | AE146: 0 | AF146: 16.5 | AG146: 15.4 | AH146: 12.1 | AI146: 0 | AJ146: 2.2 | AK146: 0 | AL146: 31.9 | AM146: 34.1 | AN146: 0 | AO146: 12.1 | AP146: 0 | AQ146: 0 | AR146: 12.1 | AS146: 0 | AT146: 16.5 | AU146: 0 | AV146: 27.5 | AW146: 0 | AX146: 11 | AY146: 3.3 | AZ146: 31.9 | BA146: 25.3 | BB146: 17.6 | BC146: 8.8 | BD146: 0 | BE146: 20.9 | BF146: 15.4 | BG146: 9.9 | BH146: 12.1 | BI146: 1.1 | BJ146: 0 | BK146: 0 | BL146: 26.4 | BM146: 15.4 | BN146: 13.2
A147: 45058 | B147: MAY | C147: 12 | D147: =SUM(E147:H147) -> 646.8 | E147: =SUM(BE147:BN147) -> 194.7 | F147: =SUM(AA147:AJ147) -> 190.3 | G147: =SUM(AU147:BD147) -> 168.3 | H147: =SUM(AL147:AT147) -> 93.5 | I147: 0 | J147: 0.363 | K147: 0.759 | L147: 0.913 | M147: 0.902 | N147: 1.056 | O147: 0.748 | P147: 0.946 | Q147: 0.693 | R147: 0.781 | S147: 0.957 | T147: 0.737 | U147: 0.957 | V147: 0.99 | W147: 1.056 | X147: 0.165 | Y147: 0.451 | Z147: 0.418 | AA147: 13.2 | AB147: 13.2 | AC147: 29.7 | AD147: 8.8 | AE147: 13.2 | AF147: 11 | AG147: 7.7 | AH147: 44 | AI147: 0 | AJ147: 49.5 | AK147: 1.1 | AL147: 0 | AM147: 0 | AN147: 0 | AO147: 12.1 | AP147: 4.4 | AQ147: 0 | AR147: 33 | AS147: 39.6 | AT147: 4.4 | AU147: 26.4 | AV147: 36.3 | AW147: 51.7 | AX147: 0 | AY147: 0 | AZ147: 15.4 | BA147: 0 | BB147: 0 | BC147: 12.1 | BD147: 26.4 | BE147: 0 | BF147: 36.3 | BG147: 12.1 | BH147: 17.6 | BI147: 19.8 | BJ147: 39.6 | BK147: 6.6 | BL147: 16.5 | BM147: 14.3 | BN147: 31.9
... A166: 45077 | B166: MAY | C166: 31 | D166: =SUM(E166:H166) -> 508.2 | E166: =SUM(BE166:BN166) -> 121 | F166: =SUM(AA166:AJ166) -> 56.1 | G166: =SUM(AU166:BD166) -> 183.7 | H166: =SUM(AL166:AT166) -> 147.4 | I166: 0 | J166: 0.649 | K166: 1.012 | L166: 0.836 | M166: 0.924 | N166: 1.089 | O166: 0.132 | P166: 0.726 | Q166: 0.704 | R166: 0.979 | S166: 1.1 | T166: 0.759 | U166: 0.517 | V166: 0.99 | W166: 0.935 | X166: 1.056 | Y166: 0.44 | Z166: 1.1 | AA166: 5.5 | AB166: 0 | AC166: 2.2 | AD166: 0 | AE166: 3.3 | AF166: 15.4 | AG166: 0 | AH166: 0 | AI166: 5.5 | AJ166: 24.2 | AK166: 22 | AL166: 0 | AM166: 7.7 | AN166: 0 | AO166: 33 | AP166: 0 | AQ166: 5.5 | AR166: 30.8 | AS166: 19.8 | AT166: 50.6 | AU166: 0 | AV166: 0 | AW166: 50.6 | AX166: 24.2 | AY166: 2.2 | AZ166: 18.7 | BA166: 12.1 | BB166: 26.4 | BC166: 7.7 | BD166: 41.8 | BE166: 4.4 | BF166: 29.7 | BG166: 6.6 | BH166: 0 | BI166: 6.6 | BJ166: 0 | BK166: 45.1 | BL166: 0 | BM166: 15.4 | BN166: 13.2
B167: JUNE | C167: 0.01 | D167: =SUM(E167:H167) -> 0 | E167: 0 | F167: 0 | G167: 0 | H167: 0 | I167: 0 | J167: 0 | K167: 0 | L167: 0 | M167: 0 | N167: 0 | O167: 0 | P167: 0 | Q167: 0 | R167: 0 | S167: 0 | T167: 0 | U167: 0 | V167: 0 | W167: 0 | X167: 0 | Y167: 0 | Z167: 0 | AA167: 0 | AB167: 0 | AC167: 0 | AD167: 0 | AE167: 0 | AF167: 0 | AG167: 0 | AH167: 0 | AI167: 0 | AJ167: 0 | AK167: 0 | AL167: 0 | AM167: 0 | AN167: 0 | AO167: 0 | AP167: 0 | AQ167: 0 | AR167: 0 | AS167: 0 | AT167: 0 | AU167: 0 | AV167: 0 | AW167: 0 | AX167: 0 | AY167: 0 | AZ167: 0 | BA167: 0 | BB167: 0 | BC167: 0 | BD167: 0 | BE167: 0 | BF167: 0 | BG167: 0 | BH167: 0 | BI167: 0 | BJ167: 0 | BK167: 0 | BL167: 0 | BM167: 0 | BN167: 0
B168: JUNE | C168: 0.02 | D168: =SUM(E168:H168) -> 0 | E168: 0 | F168: 0 | G168: 0 | H168: 0 | I168: 0 | J168: 0 | K168: 0 | L168: 0 | M168: 0 | N168: 0 | O168: 0 | P168: 0 | Q168: 0 | R168: 0 | S168: 0 | T168: 0 | U168: 0 | V168: 0 | W168: 0 | X168: 0 | Y168: 0 | Z168: 0 | AA168: 0 | AB168: 0 | AC168: 0 | AD168: 0 | AE168: 0 | AF168: 0 | AG168: 0 | AH168: 0 | AI168: 0 | AJ168: 0 | AK168: 0 | AL168: 0 | AM168: 0 | AN168: 0 | AO168: 0 | AP168: 0 | AQ168: 0 | AR168: 0 | AS168: 0 | AT168: 0 | AU168: 0 | AV168: 0 | AW168: 0 | AX168: 0 | AY168: 0 | AZ168: 0 | BA168: 0 | BB168: 0 | BC168: 0 | BD168: 0 | BE168: 0 | BF168: 0 | BG168: 0 | BH168: 0 | BI168: 0 | BJ168: 0 | BK168: 0 | BL168: 0 | BM168: 0 | BN168: 0
B169: JUNE | C169: 0.03 | D169: =SUM(E169:H169) -> 0 | E169: 0 | F169: 0 | G169: 0 | H169: 0 | I169: 0 | J169: 0 | K169: 0 | L169: 0 | M169: 0 | N169: 0 | O169: 0 | P169: 0 | Q169: 0 | R169: 0 | S169: 0 | T169: 0 | U169: 0 | V169: 0 | W169: 0 | X169: 0 | Y169: 0 | Z169: 0 | AA169: 0 | AB169: 0 | AC169: 0 | AD169: 0 | AE169: 0 | AF169: 0 | AG169: 0 | AH169: 0 | AI169: 0 | AJ169: 0 | AK169: 0 | AL169: 0 | AM169: 0 | AN169: 0 | AO169: 0 | AP169: 0 | AQ169: 0 | AR169: 0 | AS169: 0 | AT169: 0 | AU169: 0 | AV169: 0 | AW169: 0 | AX169: 0 | AY169: 0 | AZ169: 0 | BA169: 0 | BB169: 0 | BC169: 0 | BD169: 0 | BE169: 0 | BF169: 0 | BG169: 0 | BH169: 0 | BI169: 0 | BJ169: 0 | BK169: 0 | BL169: 0 | BM169: 0 | BN169: 0
B170: JUNE | C170: 0.04 | D170: =SUM(E170:H170) -> 0 | E170: 0 | F170: 0 | G170: 0 | H170: 0 | I170: 0 | J170: 0 | K170: 0 | L170: 0 | M170: 0 | N170: 0 | O170: 0 | P170: 0 | Q170: 0 | R170: 0 | S170: 0 | T170: 0 | U170: 0 | V170: 0 | W170: 0 | X170: 0 | Y170: 0 | Z170: 0 | AA170: 0 | AB170: 0 | AC170: 0 | AD170: 0 | AE170: 0 | AF170: 0 | AG170: 0 | AH170: 0 | AI170: 0 | AJ170: 0 | AK170: 0 | AL170: 0 | AM170: 0 | AN170: 0 | AO170: 0 | AP170: 0 | AQ170: 0 | AR170: 0 | AS170: 0 | AT170: 0 | AU170: 0 | AV170: 0 | AW170: 0 | AX170: 0 | AY170: 0 | AZ170: 0 | BA170: 0 | BB170: 0 | BC170: 0 | BD170: 0 | BE170: 0 | BF170: 0 | BG170: 0 | BH170: 0 | BI170: 0 | BJ170: 0 | BK170: 0 | BL170: 0 | BM170: 0 | BN170: 0
A171: 45078 | B171: JUNE | C171: 1 | D171: =SUM(E171:H171) -> 438.9 | E171: =SUM(BE171:BN171) -> 118.8 | F171: =SUM(AA171:AJ171) -> 72.6 | G171: =SUM(AU171:BD171) -> 124.3 | H171: =SUM(AL171:AT171) -> 123.2 | I171: 1 | J171: 1.089 | K171: 0.946 | L171: 0.88 | M171: 0.88 | N171: 0.968 | O171: 0.704 | P171: 0.66 | Q171: 0.11 | R171: 0.737 | S171: 0.825 | T171: 0.935 | U171: 0.462 | V171: 1.078 | W171: 0.704 | X171: 0.946 | Y171: 0.572 | Z171: 0.946 | AA171: 0 | AB171: 6.6 | AC171: 4.4 | AD171: 0 | AE171: 2.2 | AF171: 1.1 | AG171: 41.8 | AH171: 0 | AI171: 5.5 | AJ171: 11 | AK171: 0 | AL171: 0 | AM171: 36.3 | AN171: 12.1 | AO171: 0 | AP171: 6.6 | AQ171: 24.2 | AR171: 11 | AS171: 33 | AT171: 0 | AU171: 0 | AV171: 0 | AW171: 0 | AX171: 9.9 | AY171: 8.8 | AZ171: 24.2 | BA171: 51.7 | BB171: 5.5 | BC171: 8.8 | BD171: 15.4 | BE171: 5.5 | BF171: 36.3 | BG171: 11 | BH171: 5.5 | BI171: 4.4 | BJ171: 8.8 | BK171: 7.7 | BL171: 30.8 | BM171: 6.6 | BN171: 2.2
A172: 45079 | B172: JUNE | C172: 2 | D172: =SUM(E172:H172) -> 455.4 | E172: =SUM(BE172:BN172) -> 114.4 | F172: =SUM(AA172:AJ172) -> 95.7 | G172: =SUM(AU172:BD172) -> 127.6 | H172: =SUM(AL172:AT172) -> 117.7 | I172: 0 | J172: 0.44 | K172: 0.649 | L172: 1.089 | M172: 0.209 | N172: 1.056 | O172: 0.836 | P172: 0.638 | Q172: 0.726 | R172: 1.078 | S172: 1.045 | T172: 0.99 | U172: 0.594 | V172: 0.693 | W172: 0.858 | X172: 0.583 | Y172: 0.99 | Z172: 0.484 | AA172: 26.4 | AB172: 5.5 | AC172: 0 | AD172: 12.1 | AE172: 0 | AF172: 0 | AG172: 25.3 | AH172: 1.1 | AI172: 2.2 | AJ172: 23.1 | AK172: 11 | AL172: 0 | AM172: 19.8 | AN172: 9.9 | AO172: 0 | AP172: 0 | AQ172: 40.7 | AR172: 13.2 | AS172: 6.6 | AT172: 27.5 | AU172: 0 | AV172: 0 | AW172: 0 | AX172: 0 | AY172: 23.1 | AZ172: 1.1 | BA172: 42.9 | BB172: 9.9 | BC172: 46.2 | BD172: 4.4 | BE172: 13.2 | BF172: 27.5 | BG172: 11 | BH172: 16.5 | BI172: 6.6 | BJ172: 3.3 | BK172: 0 | BL172: 6.6 | BM172: 14.3 | BN172: 15.4
A173: 45080 | B173: JUNE | C173: 3 | D173: =SUM(E173:H173) -> 485.1 | E173: =SUM(BE173:BN173) -> 192.5 | F173: =SUM(AA173:AJ173) -> 113.3 | G173: =SUM(AU173:BD173) -> 64.9 | H173: =SUM(AL173:AT173) -> 114.4 | I173: 0 | J173: 0.418 | K173: 0.704 | L173: 0.814 | M173: 0.66 | N173: 0.176 | O173: 0.748 | P173: 0.825 | Q173: 1.012 | R173: 0.99 | S173: 0.836 | T173: 0.957 | U173: 0.803 | V173: 1.078 | W173: 0.363 | X173: 0.935 | Y173: 0.396 | Z173: 1.012 | AA173: 0 | AB173: 0 | AC173: 13.2 | AD173: 0 | AE173: 0 | AF173: 30.8 | AG173: 4.4 | AH173: 0 | AI173: 39.6 | AJ173: 25.3 | AK173: 4.4 | AL173: 12.1 | AM173: 15.4 | AN173: 11 | AO173: 19.8 | AP173: 29.7 | AQ173: 0 | AR173: 8.8 | AS173: 0 | AT173: 17.6 | AU173: 0 | AV173: 0 | AW173: 0 | AX173: 35.2 | AY173: 12.1 | AZ173: 0 | BA173: 0 | BB173: 11 | BC173: 4.4 | BD173: 2.2 | BE173: 49.5 | BF173: 2.2 | BG173: 29.7 | BH173: 31.9 | BI173: 2.2 | BJ173: 20.9 | BK173: 0 | BL173: 34.1 | BM173: 0 | BN173: 22
A174: 45081 | B174: JUNE | C174: 4 | D174: =SUM(E174:H174) -> 657.8 | E174: =SUM(BE174:BN174) -> 110 | F174: =SUM(AA174:AJ174) -> 140.8 | G174: =SUM(AU174:BD174) -> 205.7 | H174: =SUM(AL174:AT174) -> 201.3 | I174: 0 | J174: 0.946 | K174: 0.946 | L174: 0.792 | M174: 0.561 | N174: 0.946 | O174: 0.88 | P174: 0.759 | Q174: 0.88 | R174: 0.77 | S174: 1.012 | T174: 1.1 | U174: 0.528 | V174: 0.44 | W174: 0.352 | X174: 0.858 | Y174: 0.715 | Z174: 0.869 | AA174: 7.7 | AB174: 0 | AC174: 5.5 | AD174: 16.5 | AE174: 5.5 | AF174: 30.8 | AG174: 33 | AH174: 26.4 | AI174: 8.8 | AJ174: 6.6 | AK174: 12.1 | AL174: 2.2 | AM174: 16.5 | AN174: 51.7 | AO174: 48.4 | AP174: 48.4 | AQ174: 0 | AR174: 14.3 | AS174: 0 | AT174: 19.8 | AU174: 8.8 | AV174: 0 | AW174: 0 | AX174: 0 | AY174: 48.4 | AZ174: 39.6 | BA174: 20.9 | BB174: 45.1 | BC174: 18.7 | BD174: 24.2 | BE174: 29.7 | BF174: 25.3 | BG174: 6.6 | BH174: 9.9 | BI174: 2.2 | BJ174: 5.5 | BK174: 0 | BL174: 5.5 | BM174: 9.9 | BN174: 15.4
A175: 45082 | B175: JUNE | C175: 5 | D175: =SUM(E175:H175) -> 579.7 | E175: =SUM(BE175:BN175) -> 149.6 | F175: =SUM(AA175:AJ175) -> 150.7 | G175: =SUM(AU175:BD175) -> 143 | H175: =SUM(AL175:AT175) -> 136.4 | I175: 0 | J175: 0.275 | K175: 0.891 | L175: 0.858 | M175: 1.078 | N175: 0.176 | O175: 1.023 | P175: 0.121 | Q175: 0.11 | R175: 0.451 | S175: 0.869 | T175: 0.946 | U175: 0.583 | V175: 0.946 | W175: 0.649 | X175: 0.781 | Y175: 0.66 | Z175: 0.99 | AA175: 0 | AB175: 22 | AC175: 1.1 | AD175: 20.9 | AE175: 0 | AF175: 2.2 | AG175: 20.9 | AH175: 44 | AI175: 39.6 | AJ175: 0 | AK175: 28.6 | AL175: 33 | AM175: 0 | AN175: 0 | AO175: 5.5 | AP175: 17.6 | AQ175: 4.4 | AR175: 25.3 | AS175: 37.4 | AT175: 13.2 | AU175: 6.6 | AV175: 11 | AW175: 1.1 | AX175: 11 | AY175: 0 | AZ175: 44 | BA175: 41.8 | BB175: 27.5 | BC175: 0 | BD175: 0 | BE175: 30.8 | BF175: 39.6 | BG175: 0 | BH175: 9.9 | BI175: 18.7 | BJ175: 30.8 | BK175: 19.8 | BL175: 0 | BM175: 0 | BN175: 0
A176: 45083 | B176: JUNE | C176: 6 | D176: =SUM(E176:H176) -> 490.6 | E176: =SUM(BE176:BN176) -> 78.1 | F176: =SUM(AA176:AJ176) -> 180.4 | G176: =SUM(AU176:BD176) -> 102.3 | H176: =SUM(AL176:AT176) -> 129.8 | I176: 0 | J176: 0.803 | K176: 0.616 | L176: 1.089 | M176: 0.968 | N176: 0.935 | O176: 1.078 | P176: 0.77 | Q176: 0.66 | R176: 0.814 | S176: 0.66 | T176: 1.001 | U176: 0.462 | V176: 0.968 | W176: 0.891 | X176: 0.473 | Y176: 0.363 | Z176: 0.286 | AA176: 18.7 | AB176: 0 | AC176: 45.1 | AD176: 29.7 | AE176: 17.6 | AF176: 3.3 | AG176: 30.8 | AH176: 0 | AI176: 0 | AJ176: 35.2 | AK176: 15.4 | AL176: 13.2 | AM176: 15.4 | AN176: 12.1 | AO176: 18.7 | AP176: 0 | AQ176: 0 | AR176: 14.3 | AS176: 52.8 | AT176: 3.3 | AU176: 0 | AV176: 5.5 | AW176: 0 | AX176: 0 | AY176: 25.3 | AZ176: 12.1 | BA176: 14.3 | BB176: 1.1 | BC176: 17.6 | BD176: 26.4 | BE176: 2.2 | BF176: 9.9 | BG176: 0 | BH176: 0 | BI176: 6.6 | BJ176: 6.6 | BK176: 22 | BL176: 7.7 | BM176: 0 | BN176: 23.1
A177: 45084 | B177: JUNE | C177: 7 | D177: =SUM(E177:H177) -> 614.9 | E177: =SUM(BE177:BN177) -> 78.1 | F177: =SUM(AA177:AJ177) -> 150.7 | G177: =SUM(AU177:BD177) -> 260.7 | H177: =SUM(AL177:AT177) -> 125.4 | I177: 0 | J177: 0.462 | K177: 0.374 | L177: 0.803 | M177: 0.957 | N177: 0.418 | O177: 0.66 | P177: 0.66 | Q177: 0.748 | R177: 0.693 | S177: 0.869 | T177: 1.045 | U177: 0.473 | V177: 0.319 | W177: 0.902 | X177: 1.1 | Y177: 0.297 | Z177: 0.913 | AA177: 15.4 | AB177: 4.4 | AC177: 5.5 | AD177: 26.4 | AE177: 56.1 | AF177: 6.6 | AG177: 0 | AH177: 0 | AI177: 0 | AJ177: 36.3 | AK177: 0 | AL177: 30.8 | AM177: 0 | AN177: 18.7 | AO177: 38.5 | AP177: 27.5 | AQ177: 0 | AR177: 5.5 | AS177: 0 | AT177: 4.4 | AU177: 11 | AV177: 0 | AW177: 16.5 | AX177: 48.4 | AY177: 30.8 | AZ177: 58.3 | BA177: 0 | BB177: 58.3 | BC177: 0 | BD177: 37.4 | BE177: 2.2 | BF177: 4.4 | BG177: 0 | BH177: 4.4 | BI177: 2.2 | BJ177: 14.3 | BK177: 7.7 | BL177: 25.3 | BM177: 17.6 | BN177: 0
A178: 45085 | B178: JUNE | C178: 8 | D178: =SUM(E178:H178) -> 363 | E178: =SUM(BE178:BN178) -> 69.3 | F178: =SUM(AA178:AJ178) -> 45.1 | G178: =SUM(AU178:BD178) -> 123.2 | H178: =SUM(AL178:AT178) -> 125.4 | I178: 0 | J178: 0.198 | K178: 1.001 | L178: 0.407 | M178: 0.55 | N178: 1.001 | O178: 1.089 | P178: 0.825 | Q178: 0.616 | R178: 1.001 | S178: 0.693 | T178: 0.396 | U178: 0.55 | V178: 0.99 | W178: 1.001 | X178: 0.792 | Y178: 0.55 | Z178: 0.946 | AA178: 2.2 | AB178: 0 | AC178: 2.2 | AD178: 0 | AE178: 1.1 | AF178: 7.7 | AG178: 7.7 | AH178: 8.8 | AI178: 15.4 | AJ178: 0 | AK178: 15.4 | AL178: 9.9 | AM178: 5.5 | AN178: 12.1 | AO178: 26.4 | AP178: 24.2 | AQ178: 5.5 | AR178: 5.5 | AS178: 18.7 | AT178: 17.6 | AU178: 15.4 | AV178: 19.8 | AW178: 0 | AX178: 7.7 | AY178: 9.9 | AZ178: 0 | BA178: 38.5 | BB178: 5.5 | BC178: 0 | BD178: 26.4 | BE178: 0 | BF178: 0 | BG178: 12.1 | BH178: 6.6 | BI178: 0 | BJ178: 0 | BK178: 1.1 | BL178: 19.8 | BM178: 5.5 | BN178: 24.2
A179: 45086 | B179: JUNE | C179: 9 | D179: =SUM(E179:H179) -> 402.6 | E179: =SUM(BE179:BN179) -> 48.4 | F179: =SUM(AA179:AJ179) -> 78.1 | G179: =SUM(AU179:BD179) -> 209 | H179: =SUM(AL179:AT179) -> 67.1 | I179: 0 | J179: 0.363 | K179: 1.045 | L179: 0.77 | M179: 0.924 | N179: 0.968 | O179: 0.726 | P179: 0.605 | Q179: 0.44 | R179: 0.671 | S179: 0.682 | T179: 1.067 | U179: 1.078 | V179: 1.056 | W179: 0.319 | X179: 1.067 | Y179: 0.924 | Z179: 0.638 | AA179: 14.3 | AB179: 0 | AC179: 4.4 | AD179: 0 | AE179: 31.9 | AF179: 0 | AG179: 13.2 | AH179: 0 | AI179: 11 | AJ179: 3.3 | AK179: 19.8 | AL179: 1.1 | AM179: 9.9 | AN179: 0 | AO179: 0 | AP179: 22 | AQ179: 0 | AR179: 1.1 | AS179: 18.7 | AT179: 14.3 | AU179: 31.9 | AV179: 0 | AW179: 36.3 | AX179: 15.4 | AY179: 52.8 | AZ179: 15.4 | BA179: 9.9 | BB179: 7.7 | BC179: 35.2 | BD179: 4.4 | BE179: 13.2 | BF179: 4.4 | BG179: 0 | BH179: 0 | BI179: 0 | BJ179: 6.6 | BK179: 3.3 | BL179: 0 | BM179: 17.6 | BN179: 3.3
A180: 45087 | B180: JUNE | C180: 10 | D180: =SUM(E180:H180) -> 435.6 | E180: =SUM(BE180:BN180) -> 53.9 | F180: =SUM(AA180:AJ180) -> 88 | G180: =SUM(AU180:BD180) -> 167.2 | H180: =SUM(AL180:AT180) -> 126.5 | I180: 0 | J180: 0.264 | K180: 0.649 | L180: 0.209 | M180: 0.803 | N180: 1.001 | O180: 1.089 | P180: 0.649 | Q180: 0.77 | R180: 0.66 | S180: 0.671 | T180: 0.605 | U180: 0.627 | V180: 1.001 | W180: 1.012 | X180: 0.11 | Y180: 0.924 | Z180: 1.012 | AA180: 0 | AB180: 0 | AC180: 33 | AD180: 7.7 | AE180: 0 | AF180: 18.7 | AG180: 0 | AH180: 11 | AI180: 17.6 | AJ180: 0 | AK180: 55 | AL180: 0 | AM180: 1.1 | AN180: 42.9 | AO180: 17.6 | AP180: 4.4 | AQ180: 1.1 | AR180: 7.7 | AS180: 48.4 | AT180: 3.3 | AU180: 7.7 | AV180: 17.6 | AW180: 8.8 | AX180: 3.3 | AY180: 31.9 | AZ180: 0 | BA180: 26.4 | BB180: 3.3 | BC180: 29.7 | BD180: 38.5 | BE180: 0 | BF180: 3.3 | BG180: 24.2 | BH180: 11 | BI180: 0 | BJ180: 0 | BK180: 2.2 | BL180: 13.2 | BM180: 0 | BN180: 0
A181: 45088 | B181: JUNE | C181: 11 | D181: =SUM(E181:H181) -> 476.3 | E181: =SUM(BE181:BN181) -> 112.2 | F181: =SUM(AA181:AJ181) -> 63.8 | G181: =SUM(AU181:BD181) -> 156.2 | H181: =SUM(AL181:AT181) -> 144.1 | I181: 0 | J181: 0.99 | K181: 0.704 | L181: 0.803 | M181: 1.045 | N181: 0.858 | O181: 0.693 | P181: 0.737 | Q181: 0.561 | R181: 0.748 | S181: 0.682 | T181: 0.946 | U181: 0.869 | V181: 0.462 | W181: 0.627 | X181: 0.55 | Y181: 0.682 | Z181: 0.473 | AA181: 8.8 | AB181: 12.1 | AC181: 0 | AD181: 4.4 | AE181: 0 | AF181: 5.5 | AG181: 3.3 | AH181: 0 | AI181: 20.9 | AJ181: 8.8 | AK181: 0 | AL181: 17.6 | AM181: 18.7 | AN181: 39.6 | AO181: 0 | AP181: 0 | AQ181: 23.1 | AR181: 3.3 | AS181: 3.3 | AT181: 38.5 | AU181: 14.3 | AV181: 14.3 | AW181: 0 | AX181: 11 | AY181: 38.5 | AZ181: 24.2 | BA181: 20.9 | BB181: 3.3 | BC181: 13.2 | BD181: 16.5 | BE181: 3.3 | BF181: 0 | BG181: 7.7 | BH181: 57.2 | BI181: 1.1 | BJ181: 11 | BK181: 3.3 | BL181: 9.9 | BM181: 0 | BN181: 18.7
A182: 45089 | B182: JUNE | C182: 12 | D182: =SUM(E182:H182) -> 412.5 | E182: =SUM(BE182:BN182) -> 172.7 | F182: =SUM(AA182:AJ182) -> 66 | G182: =SUM(AU182:BD182) -> 95.7 | H182: =SUM(AL182:AT182) -> 78.1 | I182: 0 | J182: 0.165 | K182: 0.66 | L182: 0.88 | M182: 0.913 | N182: 0.561 | O182: 1.1 | P182: 0.715 | Q182: 0.341 | R182: 0.693 | S182: 0.693 | T182: 1.012 | U182: 1.078 | V182: 0.979 | W182: 0.869 | X182: 0.891 | Y182: 0.539 | Z182: 1.023 | AA182: 0 | AB182: 0 | AC182: 12.1 | AD182: 4.4 | AE182: 8.8 | AF182: 8.8 | AG182: 0 | AH182: 18.7 | AI182: 3.3 | AJ182: 9.9 | AK182: 23.1 | AL182: 0 | AM182: 0 | AN182: 7.7 | AO182: 0 | AP182: 17.6 | AQ182: 24.2 | AR182: 0 | AS182: 23.1 | AT182: 5.5 | AU182: 26.4 | AV182: 0 | AW182: 4.4 | AX182: 14.3 | AY182: 3.3 | AZ182: 15.4 | BA182: 0 | BB182: 4.4 | BC182: 22 | BD182: 5.5 | BE182: 46.2 | BF182: 5.5 | BG182: 29.7 | BH182: 3.3 | BI182: 0 | BJ182: 12.1 | BK182: 25.3 | BL182: 48.4 | BM182: 0 | BN182: 2.2
... A200: 45107 | B200: JUNE | C200: 30 | D200: =SUM(E200:H200) -> 334.4 | E200: =SUM(BE200:BN200) -> 113.3 | F200: =SUM(AA200:AJ200) -> 61.6 | G200: =SUM(AU200:BD200) -> 69.3 | H200: =SUM(AL200:AT200) -> 90.2 | I200: 0 | J200: 0.308 | K200: 0.715 | L200: 0.968 | M200: 0.935 | N200: 1.034 | O200: 0.66 | P200: 1.023 | Q200: 0.814 | R200: 0.583 | S200: 0.913 | T200: 0.847 | U200: 0.506 | V200: 0.902 | W200: 0.836 | X200: 1.089 | Y200: 0.627 | Z200: 0.451 | AA200: 15.4 | AB200: 8.8 | AC200: 4.4 | AD200: 0 | AE200: 28.6 | AF200: 0 | AG200: 0 | AH200: 0 | AI200: 4.4 | AJ200: 0 | AK200: 34.1 | AL200: 0 | AM200: 11 | AN200: 5.5 | AO200: 12.1 | AP200: 0 | AQ200: 14.3 | AR200: 20.9 | AS200: 16.5 | AT200: 9.9 | AU200: 36.3 | AV200: 0 | AW200: 0 | AX200: 3.3 | AY200: 9.9 | AZ200: 9.9 | BA200: 0 | BB200: 0 | BC200: 0 | BD200: 9.9 | BE200: 28.6 | BF200: 0 | BG200: 0 | BH200: 17.6 | BI200: 14.3 | BJ200: 1.1 | BK200: 12.1 | BL200: 9.9 | BM200: 0 | BN200: 29.7
B201: JULY | C201: 0.01 | D201: =SUM(E201:H201) -> 0 | E201: 0 | F201: 0 | G201: 0 | H201: 0 | I201: 0 | J201: 0 | K201: 0 | L201: 0 | M201: 0 | N201: 0 | O201: 0 | P201: 0 | Q201: 0 | R201: 0 | S201: 0 | T201: 0 | U201: 0 | V201: 0 | W201: 0 | X201: 0 | Y201: 0 | Z201: 0 | AA201: 0 | AB201: 0 | AC201: 0 | AD201: 0 | AE201: 0 | AF201: 0 | AG201: 0 | AH201: 0 | AI201: 0 | AJ201: 0 | AK201: 0 | AL201: 0 | AM201: 0 | AN201: 0 | AO201: 0 | AP201: 0 | AQ201: 0 | AR201: 0 | AS201: 0 | AT201: 0 | AU201: 0 | AV201: 0 | AW201: 0 | AX201: 0 | AY201: 0 | AZ201: 0 | BA201: 0 | BB201: 0 | BC201: 0 | BD201: 0 | BE201: 0 | BF201: 0 | BG201: 0 | BH201: 0 | BI201: 0 | BJ201: 0 | BK201: 0 | BL201: 0 | BM201: 0 | BN201: 0
B202: JULY | C202: 0.02 | D202: =SUM(E202:H202) -> 0 | E202: 0 | F202: 0 | G202: 0 | H202: 0 | I202: 0 | J202: 0 | K202: 0 | L202: 0 | M202: 0 | N202: 0 | O202: 0 | P202: 0 | Q202: 0 | R202: 0 | S202: 0 | T202: 0 | U202: 0 | V202: 0 | W202: 0 | X202: 0 | Y202: 0 | Z202: 0 | AA202: 0 | AB202: 0 | AC202: 0 | AD202: 0 | AE202: 0 | AF202: 0 | AG202: 0 | AH202: 0 | AI202: 0 | AJ202: 0 | AK202: 0 | AL202: 0 | AM202: 0 | AN202: 0 | AO202: 0 | AP202: 0 | AQ202: 0 | AR202: 0 | AS202: 0 | AT202: 0 | AU202: 0 | AV202: 0 | AW202: 0 | AX202: 0 | AY202: 0 | AZ202: 0 | BA202: 0 | BB202: 0 | BC202: 0 | BD202: 0 | BE202: 0 | BF202: 0 | BG202: 0 | BH202: 0 | BI202: 0 | BJ202: 0 | BK202: 0 | BL202: 0 | BM202: 0 | BN202: 0
B203: JULY | C203: 0.03 | D203: =SUM(E203:H203) -> 0 | E203: 0 | F203: 0 | G203: 0 | H203: 0 | I203: 0 | J203: 0 | K203: 0 | L203: 0 | M203: 0 | N203: 0 | O203: 0 | P203: 0 | Q203: 0 | R203: 0 | S203: 0 | T203: 0 | U203: 0 | V203: 0 | W203: 0 | X203: 0 | Y203: 0 | Z203: 0 | AA203: 0 | AB203: 0 | AC203: 0 | AD203: 0 | AE203: 0 | AF203: 0 | AG203: 0 | AH203: 0 | AI203: 0 | AJ203: 0 | AK203: 0 | AL203: 0 | AM203: 0 | AN203: 0 | AO203: 0 | AP203: 0 | AQ203: 0 | AR203: 0 | AS203: 0 | AT203: 0 | AU203: 0 | AV203: 0 | AW203: 0 | AX203: 0 | AY203: 0 | AZ203: 0 | BA203: 0 | BB203: 0 | BC203: 0 | BD203: 0 | BE203: 0 | BF203: 0 | BG203: 0 | BH203: 0 | BI203: 0 | BJ203: 0 | BK203: 0 | BL203: 0 | BM203: 0 | BN203: 0
...

Sheet DataM2
O1: ADP | U1: CRM | AA1: Credit Card | AK1: Bank Account | AU1: Cash | BE1: Bitcoin
A2: Date | B2: Month | C2: Day | D2: Sales | E2: Credit Card | F2: Bank Account | G2: Cash | H2: Bitcoin | I2: Seasonal Days | J2: CAC | K2: ROI | L2: CPA | M2: EPC | N2: APR | O2: StrategyA | P2: TestingA | Q2: DevelopmentA | R2: ResearchA | S2: DesignA | T2: SMMA | U2: StrategyC | V2: TestingC | W2: DevelopmentC | X2: ResearchC | Y2: DesignC | Z2: SMMC | AA2: NEW YORK-CC | AB2: NASHVILLE-CC | AC2: CHICAGO-CC | AD2: DALLAS-CC | AE2: DENVER-CC | AF2: LOS ANGELES-CC | AG2: SAN FRANCISCO-CC | AH2: SEATTLE-CC | AI2: MIAMI-CC | AJ2: SAINT AUGUSTINE-CC | AK2: NEW YORK-BA | AL2: NASHVILLE-BA | AM2: CHICAGO-BA | AN2: DALLAS-BA | AO2: DENVER-BA | AP2: LOS ANGELES-BA | AQ2: SAN FRANCISCO-BA | AR2: SEATTLE-BA | AS2: MIAMI-BA | AT2: SAINT AUGUSTINE-BA | AU2: NEW YORK-C | AV2: NASHVILLE-C | AW2: CHICAGO-C | AX2: DALLAS-C | AY2: DENVER-C | AZ2: LOS ANGELES-C | BA2: SAN FRANCISCO-C | BB2: SEATTLE-C | BC2: MIAMI-C | BD2: SAINT AUGUSTINE-C | BE2: NEW YORK-B | BF2: NASHVILLE-B | BG2: CHICAGO-B | BH2: DALLAS-B | BI2: DENVER-B | BJ2: LOS ANGELES-B | BK2: SAN FRANCISCO-B | BL2: SEATTLE-B | BM2: MIAMI-B | BN2: SAINT AUGUSTINE-B
A3: 44927 | B3: JANUARY | C3: 1 | D3: 170 | E3: =SUM(BE3:BN3) -> 33 | F3: =SUM(AA3:AJ3) -> 40 | G3: =SUM(AU3:BD3) -> 50 | H3: =SUM(AL3:AT3) -> 43 | I3: 1 | J3: 0.23 | K3: 0.69 | L3: 0.7 | M3: 0.87 | N3: 0.97 | O3: 0.93 | P3: 0.1 | Q3: 0.1 | R3: 0.94 | S3: 0.1 | T3: 0.95 | U3: 0.43 | V3: 1 | W3: 0.91 | X3: 0.72 | Y3: 0.9 | Z3: 0.5 | AA3: 6 | AB3: 10 | AC3: 0 | AD3: 1 | AE3: 0 | AF3: 3 | AG3: 0 | AH3: 0 | AI3: 5 | AJ3: 15 | AK3: 4 | AL3: 0 | AM3: 0 | AN3: 4 | AO3: 11 | AP3: 10 | AQ3: 0 | AR3: 9 | AS3: 4 | AT3: 5 | AU3: 5 | AV3: 1 | AW3: 7 | AX3: 0 | AY3: 11 | AZ3: 1 | BA3: 2 | BB3: 7 | BC3: 10 | BD3: 6 | BE3: 10 | BF3: 4 | BG3: 9 | BH3: 0 | BI3: 1 | BJ3: 0 | BK3: 0 | BL3: 9 | BM3: 0 | BN3: 0
A4: 44928 | B4: JANUARY | C4: 2 | D4: 230 | E4: =SUM(BE4:BN4) -> 49 | F4: =SUM(AA4:AJ4) -> 67 | G4: =SUM(AU4:BD4) -> 66 | H4: =SUM(AL4:AT4) -> 42 | I4: 0 | J4: 0.33 | K4: 0.51 | L4: 0.75 | M4: 0.82 | N4: 0.98 | O4: 0.82 | P4: 0.11 | Q4: 0.62 | R4: 0.91 | S4: 0.6 | T4: 1 | U4: 0.1 | V4: 0.88 | W4: 0.96 | X4: 0.78 | Y4: 1 | Z4: 0.27 | AA4: 14 | AB4: 0 | AC4: 0 | AD4: 3 | AE4: 14 | AF4: 11 | AG4: 9 | AH4: 8 | AI4: 6 | AJ4: 2 | AK4: 6 | AL4: 4 | AM4: 9 | AN4: 1 | AO4: 0 | AP4: 5 | AQ4: 0 | AR4: 5 | AS4: 8 | AT4: 10 | AU4: 5 | AV4: 11 | AW4: 15 | AX4: 9 | AY4: 12 | AZ4: 0 | BA4: 10 | BB4: 4 | BC4: 0 | BD4: 0 | BE4: 0 | BF4: 1 | BG4: 0 | BH4: 6 | BI4: 5 | BJ4: 2 | BK4: 13 | BL4: 15 | BM4: 7 | BN4: 0
A5: 44929 | B5: JANUARY | C5: 3 | D5: 300 | E5: =SUM(BE5:BN5) -> 98 | F5: =SUM(AA5:AJ5) -> 72 | G5: =SUM(AU5:BD5) -> 33 | H5: =SUM(AL5:AT5) -> 77 | I5: 0 | J5: 0.22 | K5: 0.6 | L5: 0.72 | M5: 0.86 | N5: 0.94 | O5: 0.8 | P5: 0.67 | Q5: 0.12 | R5: 0.9 | S5: 0.75 | T5: 0.96 | U5: 0.58 | V5: 1 | W5: 0.98 | X5: 0.9 | Y5: 0.88 | Z5: 0.39 | AA5: 10 | AB5: 10 | AC5: 0 | AD5: 3 | AE5: 6 | AF5: 12 | AG5: 0 | AH5: 9 | AI5: 11 | AJ5: 11 | AK5: 20 | AL5: 1 | AM5: 10 | AN5: 0 | AO5: 7 | AP5: 11 | AQ5: 0 | AR5: 19 | AS5: 12 | AT5: 17 | AU5: 0 | AV5: 0 | AW5: 2 | AX5: 0 | AY5: 0 | AZ5: 11 | BA5: 0 | BB5: 4 | BC5: 0 | BD5: 16 | BE5: 0 | BF5: 12 | BG5: 7 | BH5: 6 | BI5: 14 | BJ5: 19 | BK5: 4 | BL5: 15 | BM5: 4 | BN5: 17
A6: 44930 | B6: JANUARY | C6: 4 | D6: 368 | E6: =SUM(BE6:BN6) -> 92 | F6: =SUM(AA6:AJ6) -> 93 | G6: =SUM(AU6:BD6) -> 92 | H6: =SUM(AL6:AT6) -> 69 | I6: 0 | J6: 0.35 | K6: 0.59 | L6: 0.77 | M6: 0.81 | N6: 0.92 | O6: 0.94 | P6: 0.68 | Q6: 0.73 | R6: 1 | S6: 0.63 | T6: 0.94 | U6: 0.41 | V6: 0.96 | W6: 0.95 | X6: 0.76 | Y6: 1 | Z6: 0.44 | AA6: 15 | AB6: 16 | AC6: 0 | AD6: 20 | AE6: 0 | AF6: 12 | AG6: 15 | AH6: 0 | AI6: 0 | AJ6: 15 | AK6: 22 | AL6: 0 | AM6: 20 | AN6: 0 | AO6: 16 | AP6: 1 | AQ6: 0 | AR6: 11 | AS6: 0 | AT6: 21 | AU6: 16 | AV6: 12 | AW6: 0 | AX6: 23 | AY6: 0 | AZ6: 4 | BA6: 0 | BB6: 22 | BC6: 3 | BD6: 12 | BE6: 3 | BF6: 0 | BG6: 0 | BH6: 23 | BI6: 0 | BJ6: 17 | BK6: 10 | BL6: 24 | BM6: 15 | BN6: 0
A7: 44931 | B7: JANUARY | C7: 5 | D7: 436 | E7: =SUM(BE7:BN7) -> 150 | F7: =SUM(AA7:AJ7) -> 61 | G7: =SUM(AU7:BD7) -> 119 | H7: =SUM(AL7:AT7) -> 86 | I7: 0 | J7: 0.28 | K7: 0.66 | L7: 0.76 | M7: 0.84 | N7: 0.97 | O7: 0.92 | P7: 0.69 | Q7: 0.67 | R7: 0.99 | S7: 0.64 | T7: 0.99 | U7: 0.1 | V7: 1 | W7: 0.94 | X7: 0.73 | Y7: 0.95 | Z7: 0.37 | AA7: 0 | AB7: 9 | AC7: 0 | AD7: 0 | AE7: 0 | AF7: 10 | AG7: 0 | AH7: 13 | AI7: 0 | AJ7: 29 | AK7: 20 | AL7: 13 | AM7: 9 | AN7: 0 | AO7: 0 | AP7: 0 | AQ7: 27 | AR7: 0 | AS7: 8 | AT7: 29 | AU7: 19 | AV7: 22 | AW7: 0 | AX7: 18 | AY7: 8 | AZ7: 0 | BA7: 0 | BB7: 24 | BC7: 28 | BD7: 0 | BE7: 2 | BF7: 3 | BG7: 14 | BH7: 26 | BI7: 20 | BJ7: 16 | BK7: 13 | BL7: 28 | BM7: 23 | BN7: 5
A8: 44932 | B8: JANUARY | C8: 6 | D8: 488 | E8: =SUM(BE8:BN8) -> 109 | F8: =SUM(AA8:AJ8) -> 76 | G8: =SUM(AU8:BD8) -> 141 | H8: =SUM(AL8:AT8) -> 146 | I8: 0 | J8: 0.35 | K8: 0.57 | L8: 0.73 | M8: 0.89 | N8: 0.92 | O8: 1 | P8: 0.65 | Q8: 0.74 | R8: 0.92 | S8: 0.15 | T8: 1 | U8: 0.15 | V8: 0.9 | W8: 0.93 | X8: 0.76 | Y8: 1 | Z8: 0.5 | AA8: 0 | AB8: 0 | AC8: 21 | AD8: 0 | AE8: 0 | AF8: 13 | AG8: 24 | AH8: 18 | AI8: 0 | AJ8: 0 | AK8: 16 | AL8: 0 | AM8: 26 | AN8: 19 | AO8: 11 | AP8: 2 | AQ8: 30 | AR8: 13 | AS8: 17 | AT8: 28 | AU8: 6 | AV8: 12 | AW8: 2 | AX8: 5 | AY8: 10 | AZ8: 23 | BA8: 12 | BB8: 28 | BC8: 24 | BD8: 19 | BE8: 6 | BF8: 9 | BG8: 23 | BH8: 29 | BI8: 7 | BJ8: 1 | BK8: 12 | BL8: 0 | BM8: 14 | BN8: 8
A9: 44933 | B9: JANUARY | C9: 7 | D9: 531 | E9: =SUM(BE9:BN9) -> 107 | F9: =SUM(AA9:AJ9) -> 136 | G9: =SUM(AU9:BD9) -> 122 | H9: =SUM(AL9:AT9) -> 148 | I9: 0 | J9: 0.29 | K9: 0.62 | L9: 0.8 | M9: 0.95 | N9: 0.97 | O9: 0.8 | P9: 0.1 | Q9: 0.1 | R9: 0.9 | S9: 0.75 | T9: 0.96 | U9: 0.42 | V9: 0.93 | W9: 0.93 | X9: 0.15 | Y9: 0.93 | Z9: 0.15 | AA9: 0 | AB9: 9 | AC9: 16 | AD9: 17 | AE9: 4 | AF9: 35 | AG9: 0 | AH9: 14 | AI9: 33 | AJ9: 8 | AK9: 18 | AL9: 21 | AM9: 1 | AN9: 25 | AO9: 34 | AP9: 4 | AQ9: 0 | AR9: 21 | AS9: 12 | AT9: 30 | AU9: 0 | AV9: 34 | AW9: 13 | AX9: 10 | AY9: 14 | AZ9: 2 | BA9: 24 | BB9: 9 | BC9: 16 | BD9: 0 | BE9: 0 | BF9: 19 | BG9: 0 | BH9: 0 | BI9: 17 | BJ9: 30 | BK9: 15 | BL9: 0 | BM9: 14 | BN9: 12
A10: 44934 | B10: JANUARY | C10: 8 | D10: 564 | E10: =SUM(BE10:BN10) -> 148 | F10: =SUM(AA10:AJ10) -> 79 | G10: =SUM(AU10:BD10) -> 198 | H10: =SUM(AL10:AT10) -> 139 | I10: 0 | J10: 0.41 | K10: 0.53 | L10: 0.76 | M10: 0.8 | N10: 0.92 | O10: 0.91 | P10: 0.64 | Q10: 0.71 | R10: 0.87 | S10: 0.64 | T10: 1 | U10: 0.48 | V10: 1 | W10: 0.91 | X10: 0.1 | Y10: 1 | Z10: 0.15 | AA10: 32 | AB10: 0 | AC10: 3 | AD10: 24 | AE10: 0 | AF10: 0 | AG10: 2 | AH10: 18 | AI10: 0 | AJ10: 0 | AK10: 0 | AL10: 16 | AM10: 0 | AN10: 25 | AO10: 6 | AP10: 0 | AQ10: 35 | AR10: 0 | AS10: 27 | AT10: 30 | AU10: 9 | AV10: 6 | AW10: 37 | AX10: 30 | AY10: 32 | AZ10: 7 | BA10: 32 | BB10: 0 | BC10: 29 | BD10: 16 | BE10: 0 | BF10: 0 | BG10: 36 | BH10: 33 | BI10: 7 | BJ10: 21 | BK10: 11 | BL10: 23 | BM10: 0 | BN10: 17
A11: 44935 | B11: JANUARY | C11: 9 | D11: 591 | E11: =SUM(BE11:BN11) -> 119 | F11: =SUM(AA11:AJ11) -> 180 | G11: =SUM(AU11:BD11) -> 160 | H11: =SUM(AL11:AT11) -> 128 | I11: 0 | J11: 0.38 | K11: 0.57 | L11: 0.74 | M11: 0.83 | N11: 0.9 | O11: 0.9 | P11: 0.12 | Q11: 0.12 | R11: 0.93 | S11: 0.68 | T11: 1.05 | U11: 0.49 | V11: 0.98 | W11: 0.94 | X11: 0.17 | Y11: 0.97 | Z11: 0.45 | AA11: 0 | AB11: 26 | AC11: 26 | AD11: 30 | AE11: 18 | AF11: 24 | AG11: 35 | AH11: 2 | AI11: 19 | AJ11: 0 | AK11: 4 | AL11: 0 | AM11: 16 | AN11: 7 | AO11: 9 | AP11: 16 | AQ11: 39 | AR11: 38 | AS11: 3 | AT11: 0 | AU11: 15 | AV11: 15 | AW11: 19 | AX11: 7 | AY11: 29 | AZ11: 0 | BA11: 15 | BB11: 20 | BC11: 6 | BD11: 34 | BE11: 0 | BF11: 8 | BG11: 30 | BH11: 0 | BI11: 19 | BJ11: 0 | BK11: 0 | BL11: 30 | BM11: 32 | BN11: 0
A12: 44936 | B12: JANUARY | C12: 10 | D12: 612 | E12: =SUM(BE12:BN12) -> 160 | F12: =SUM(AA12:AJ12) -> 88 | G12: =SUM(AU12:BD12) -> 77 | H12: =SUM(AL12:AT12) -> 249 | I12: 0 | J12: 0.3 | K12: 0.53 | L12: 0.7 | M12: 0.88 | N12: 0.97 | O12: 0.97 | P12: 0.75 | Q12: 0.61 | R12: 1 | S12: 0.11 | T12: 0.96 | U12: 0.45 | V12: 1 | W12: 0.96 | X12: 0.12 | Y12: 1 | Z12: 0.41 | AA12: 0 | AB12: 0 | AC12: 3 | AD12: 0 | AE12: 0 | AF12: 10 | AG12: 15 | AH12: 0 | AI12: 29 | AJ12: 31 | AK12: 38 | AL12: 29 | AM12: 24 | AN12: 36 | AO12: 40 | AP12: 29 | AQ12: 25 | AR12: 36 | AS12: 17 | AT12: 13 | AU12: 25 | AV12: 29 | AW12: 7 | AX12: 5 | AY12: 0 | AZ12: 10 | BA12: 0 | BB12: 1 | BC12: 0 | BD12: 0 | BE12: 27 | BF12: 15 | BG12: 19 | BH12: 0 | BI12: 0 | BJ12: 10 | BK12: 22 | BL12: 35 | BM12: 32 | BN12: 0
A13: 44937 | B13: JANUARY | C13: 11 | D13: 630 | E13: =SUM(BE13:BN13) -> 203 | F13: =SUM(AA13:AJ13) -> 90 | G13: =SUM(AU13:BD13) -> 144 | H13: =SUM(AL13:AT13) -> 159 | I13: 0 | J13: 0.32 | K13: 0.58 | L13: 0.7 | M13: 0.9 | N13: 0.94 | O13: 0.96 | P13: 0.1 | Q13: 0.1 | R13: 0.98 | S13: 0.69 | T13: 0.97 | U13: 0.45 | V13: 0.97 | W13: 0.96 | X13: 0.2 | Y13: 1 | Z13: 0.97 | AA13: 0 | AB13: 0 | AC13: 6 | AD13: 6 | AE13: 22 | AF13: 17 | AG13: 0 | AH13: 0 | AI13: 11 | AJ13: 28 | AK13: 34 | AL13: 0 | AM13: 11 | AN13: 23 | AO13: 36 | AP13: 25 | AQ13: 4 | AR13: 30 | AS13: 30 | AT13: 0 | AU13: 15 | AV13: 40 | AW13: 7 | AX13: 36 | AY13: 12 | AZ13: 0 | BA13: 0 | BB13: 0 | BC13: 22 | BD13: 12 | BE13: 16 | BF13: 29 | BG13: 9 | BH13: 28 | BI13: 0 | BJ13: 41 | BK13: 0 | BL13: 42 | BM13: 3 | BN13: 35
A14: 44938 | B14: JANUARY | C14: 12 | D14: 644 | E14: =SUM(BE14:BN14) -> 126 | F14: =SUM(AA14:AJ14) -> 223 | G14: =SUM(AU14:BD14) -> 156 | H14: =SUM(AL14:AT14) -> 127 | I14: 0 | J14: 0.24 | K14: 0.62 | L14: 0.79 | M14: 0.93 | N14: 0.91 | O14: 0.92 | P14: 0.74 | Q14: 0.61 | R14: 0.93 | S14: 0.12 | T14: 1 | U14: 0.44 | V14: 1 | W14: 0.92 | X14: 0.1 | Y14: 0.97 | Z14: 0.39 | AA14: 36 | AB14: 39 | AC14: 18 | AD14: 39 | AE14: 0 | AF14: 0 | AG14: 34 | AH14: 0 | AI14: 24 | AJ14: 33 | AK14: 12 | AL14: 2 | AM14: 21 | AN14: 40 | AO14: 11 | AP14: 26 | AQ14: 6 | AR14: 5 | AS14: 16 | AT14: 0 | AU14: 10 | AV14: 32 | AW14: 27 | AX14: 42 | AY14: 5 | AZ14: 22 | BA14: 3 | BB14: 13 | BC14: 0 | BD14: 2 | BE14: 15 | BF14: 0 | BG14: 9 | BH14: 16 | BI14: 4 | BJ14: 23 | BK14: 0 | BL14: 27 | BM14: 32 | BN14: 0
... A33: 44957 | B33: JANUARY | C33: 31 | D33: 237 | E33: =SUM(BE33:BN33) -> 62 | F33: =SUM(AA33:AJ33) -> 45 | G33: =SUM(AU33:BD33) -> 66 | H33: =SUM(AL33:AT33) -> 49 | I33: 0 | J33: 0.35 | K33: 0.59 | L33: 0.8 | M33: 0.89 | N33: 0.95 | O33: 0.84 | P33: 0.72 | Q33: 0.56 | R33: 0.99 | S33: 0.12 | T33: 0.96 | U33: 0.48 | V33: 0.97 | W33: 0.94 | X33: 0.5 | Y33: 1 | Z33: 0.32 | AA33: 0 | AB33: 11 | AC33: 6 | AD33: 12 | AE33: 1 | AF33: 0 | AG33: 0 | AH33: 12 | AI33: 0 | AJ33: 3 | AK33: 15 | AL33: 9 | AM33: 9 | AN33: 0 | AO33: 0 | AP33: 4 | AQ33: 0 | AR33: 6 | AS33: 9 | AT33: 12 | AU33: 5 | AV33: 6 | AW33: 9 | AX33: 14 | AY33: 14 | AZ33: 2 | BA33: 3 | BB33: 10 | BC33: 3 | BD33: 0 | BE33: 14 | BF33: 14 | BG33: 6 | BH33: 6 | BI33: 0 | BJ33: 6 | BK33: 8 | BL33: 0 | BM33: 4 | BN33: 4
B34: FEBRUARY | C34: 1e-08 | D34: 0 | E34: 0 | F34: 0 | G34: 0 | H34: 0 | I34: 0 | J34: 0 | K34: 0 | L34: 0 | M34: 0 | N34: 0 | O34: 0 | P34: 0 | Q34: 0 | R34: 0 | S34: 0 | T34: 0 | U34: 0 | V34: 0 | W34: 0 | X34: 0 | Y34: 0 | Z34: 0 | AA34: 0 | AB34: 0 | AC34: 0 | AD34: 0 | AE34: 0 | AF34: 0 | AG34: 0 | AH34: 0 | AI34: 0 | AJ34: 0 | AK34: 0 | AL34: 0 | AM34: 0 | AN34: 0 | AO34: 0 | AP34: 0 | AQ34: 0 | AR34: 0 | AS34: 0 | AT34: 0 | AU34: 0 | AV34: 0 | AW34: 0 | AX34: 0 | AY34: 0 | AZ34: 0 | BA34: 0 | BB34: 0 | BC34: 0 | BD34: 0 | BE34: 0 | BF34: 0 | BG34: 0 | BH34: 0 | BI34: 0 | BJ34: 0 | BK34: 0 | BL34: 0 | BM34: 0 | BN34: 0
B35: FEBRUARY | C35: 2e-08 | D35: 0 | E35: 0 | F35: 0 | G35: 0 | H35: 0 | I35: 0 | J35: 0 | K35: 0 | L35: 0 | M35: 0 | N35: 0 | O35: 0 | P35: 0 | Q35: 0 | R35: 0 | S35: 0 | T35: 0 | U35: 0 | V35: 0 | W35: 0 | X35: 0 | Y35: 0 | Z35: 0 | AA35: 0 | AB35: 0 | AC35: 0 | AD35: 0 | AE35: 0 | AF35: 0 | AG35: 0 | AH35: 0 | AI35: 0 | AJ35: 0 | AK35: 0 | AL35: 0 | AM35: 0 | AN35: 0 | AO35: 0 | AP35: 0 | AQ35: 0 | AR35: 0 | AS35: 0 | AT35: 0 | AU35: 0 | AV35: 0 | AW35: 0 | AX35: 0 | AY35: 0 | AZ35: 0 | BA35: 0 | BB35: 0 | BC35: 0 | BD35: 0 | BE35: 0 | BF35: 0 | BG35: 0 | BH35: 0 | BI35: 0 | BJ35: 0 | BK35: 0 | BL35: 0 | BM35: 0 | BN35: 0
B36: FEBRUARY | C36: 3e-08 | D36: 0 | E36: 0 | F36: 0 | G36: 0 | H36: 0 | I36: 0 | J36: 0 | K36: 0 | L36: 0 | M36: 0 | N36: 0 | O36: 0 | P36: 0 | Q36: 0 | R36: 0 | S36: 0 | T36: 0 | U36: 0 | V36: 0 | W36: 0 | X36: 0 | Y36: 0 | Z36: 0 | AA36: 0 | AB36: 0 | AC36: 0 | AD36: 0 | AE36: 0 | AF36: 0 | AG36: 0 | AH36: 0 | AI36: 0 | AJ36: 0 | AK36: 0 | AL36: 0 | AM36: 0 | AN36: 0 | AO36: 0 | AP36: 0 | AQ36: 0 | AR36: 0 | AS36: 0 | AT36: 0 | AU36: 0 | AV36: 0 | AW36: 0 | AX36: 0 | AY36: 0 | AZ36: 0 | BA36: 0 | BB36: 0 | BC36: 0 | BD36: 0 | BE36: 0 | BF36: 0 | BG36: 0 | BH36: 0 | BI36: 0 | BJ36: 0 | BK36: 0 | BL36: 0 | BM36: 0 | BN36: 0
A37: 44958 | B37: FEBRUARY | C37: 1 | D37: 218 | E37: =SUM(BE37:BN37) -> 52 | F37: =SUM(AA37:AJ37) -> 69 | G37: =SUM(AU37:BD37) -> 47 | H37: =SUM(AL37:AT37) -> 41 | I37: 0 | J37: 0.48 | K37: 0.69 | L37: 0.77 | M37: 0.89 | N37: 0.97 | O37: 0.69 | P37: 0.96 | Q37: 0.55 | R37: 0.51 | S37: 0.4 | T37: 0.77 | U37: 0.55 | V37: 0.98 | W37: 0.72 | X37: 0.92 | Y37: 0.79 | Z37: 0.26 | AA37: 0 | AB37: 8 | AC37: 6 | AD37: 12 | AE37: 10 | AF37: 6 | AG37: 15 | AH37: 8 | AI37: 1 | AJ37: 3 | AK37: 9 | AL37: 10 | AM37: 0 | AN37: 0 | AO37: 0 | AP37: 8 | AQ37: 7 | AR37: 0 | AS37: 8 | AT37: 8 | AU37: 7 | AV37: 10 | AW37: 0 | AX37: 1 | AY37: 2 | AZ37: 13 | BA37: 0 | BB37: 0 | BC37: 3 | BD37: 11 | BE37: 13 | BF37: 6 | BG37: 0 | BH37: 1 | BI37: 0 | BJ37: 0 | BK37: 13 | BL37: 9 | BM37: 1 | BN37: 9
A38: 44959 | B38: FEBRUARY | C38: 2 | D38: 211 | E38: =SUM(BE38:BN38) -> 45 | F38: =SUM(AA38:AJ38) -> 51 | G38: =SUM(AU38:BD38) -> 70 | H38: =SUM(AL38:AT38) -> 35 | I38: 1 | J38: 0.48 | K38: 0.48 | L38: 0.48 | M38: 0.48 | N38: 0.48 | O38: 0.63 | P38: 0.96 | Q38: 0.74 | R38: 0.72 | S38: 0.69 | T38: 0.78 | U38: 0.45 | V38: 1 | W38: 0.7 | X38: 0.92 | Y38: 0.72 | Z38: 0.3 | AA38: 0 | AB38: 2 | AC38: 1 | AD38: 7 | AE38: 7 | AF38: 0 | AG38: 11 | AH38: 9 | AI38: 4 | AJ38: 10 | AK38: 10 | AL38: 8 | AM38: 2 | AN38: 7 | AO38: 5 | AP38: 0 | AQ38: 0 | AR38: 8 | AS38: 0 | AT38: 5 | AU38: 12 | AV38: 5 | AW38: 13 | AX38: 0 | AY38: 3 | AZ38: 11 | BA38: 3 | BB38: 15 | BC38: 8 | BD38: 0 | BE38: 3 | BF38: 0 | BG38: 2 | BH38: 0 | BI38: 5 | BJ38: 1 | BK38: 8 | BL38: 6 | BM38: 11 | BN38: 9
A39: 44960 | B39: FEBRUARY | C39: 3 | D39: 213 | E39: =SUM(BE39:BN39) -> 80 | F39: =SUM(AA39:AJ39) -> 47 | G39: =SUM(AU39:BD39) -> 40 | H39: =SUM(AL39:AT39) -> 46 | I39: 0 | J39: 0.48 | K39: 0.69 | L39: 0.77 | M39: 0.89 | N39: 0.97 | O39: 0.44 | P39: 0.94 | Q39: 0.78 | R39: 0.73 | S39: 0.68 | T39: 0.69 | U39: 0.47 | V39: 0.96 | W39: 0.88 | X39: 0.94 | Y39: 0.59 | Z39: 0.41 | AA39: 0 | AB39: 0 | AC39: 0 | AD39: 8 | AE39: 11 | AF39: 14 | AG39: 0 | AH39: 0 | AI39: 4 | AJ39: 10 | AK39: 0 | AL39: 13 | AM39: 11 | AN39: 7 | AO39: 3 | AP39: 4 | AQ39: 3 | AR39: 2 | AS39: 0 | AT39: 3 | AU39: 11 | AV39: 2 | AW39: 5 | AX39: 9 | AY39: 0 | AZ39: 4 | BA39: 0 | BB39: 1 | BC39: 0 | BD39: 8 | BE39: 6 | BF39: 11 | BG39: 0 | BH39: 11 | BI39: 2 | BJ39: 9 | BK39: 14 | BL39: 8 | BM39: 6 | BN39: 13
A40: 44961 | B40: FEBRUARY | C40: 4 | D40: 223 | E40: =SUM(BE40:BN40) -> 75 | F40: =SUM(AA40:AJ40) -> 61 | G40: =SUM(AU40:BD40) -> 26 | H40: =SUM(AL40:AT40) -> 61 | I40: 0 | J40: 0.48 | K40: 0.48 | L40: 0.48 | M40: 0.48 | N40: 0.48 | O40: 0.88 | P40: 0.7 | Q40: 0.69 | R40: 0.97 | S40: 0.69 | T40: 0.36 | U40: 0.45 | V40: 0.96 | W40: 0.85 | X40: 0.91 | Y40: 0.63 | Z40: 0.28 | AA40: 10 | AB40: 6 | AC40: 3 | AD40: 14 | AE40: 6 | AF40: 0 | AG40: 9 | AH40: 0 | AI40: 10 | AJ40: 3 | AK40: 0 | AL40: 13 | AM40: 0 | AN40: 2 | AO40: 10 | AP40: 4 | AQ40: 4 | AR40: 13 | AS40: 7 | AT40: 8 | AU40: 3 | AV40: 4 | AW40: 2 | AX40: 0 | AY40: 0 | AZ40: 6 | BA40: 0 | BB40: 7 | BC40: 4 | BD40: 0 | BE40: 0 | BF40: 11 | BG40: 0 | BH40: 12 | BI40: 4 | BJ40: 11 | BK40: 0 | BL40: 12 | BM40: 11 | BN40: 14
A41: 44962 | B41: FEBRUARY | C41: 5 | D41: 240 | E41: =SUM(BE41:BN41) -> 84 | F41: =SUM(AA41:AJ41) -> 53 | G41: =SUM(AU41:BD41) -> 34 | H41: =SUM(AL41:AT41) -> 65 | I41: 0 | J41: 0.4 | K41: 0.61 | L41: 0.74 | M41: 0.88 | N41: 0.92 | O41: 0.6 | P41: 0.99 | Q41: 0.19 | R41: 0.65 | S41: 0.98 | T41: 0.79 | U41: 0.55 | V41: 1 | W41: 0.87 | X41: 0.92 | Y41: 0.57 | Z41: 0.34 | AA41: 8 | AB41: 0 | AC41: 3 | AD41: 13 | AE41: 3 | AF41: 0 | AG41: 9 | AH41: 6 | AI41: 8 | AJ41: 3 | AK41: 4 | AL41: 3 | AM41: 11 | AN41: 9 | AO41: 9 | AP41: 0 | AQ41: 5 | AR41: 12 | AS41: 10 | AT41: 6 | AU41: 0 | AV41: 6 | AW41: 0 | AX41: 1 | AY41: 2 | AZ41: 5 | BA41: 9 | BB41: 3 | BC41: 8 | BD41: 0 | BE41: 9 | BF41: 10 | BG41: 9 | BH41: 4 | BI41: 14 | BJ41: 3 | BK41: 16 | BL41: 15 | BM41: 4 | BN41: 0
A42: 44963 | B42: FEBRUARY | C42: 6 | D42: 269 | E42: =SUM(BE42:BN42) -> 70 | F42: =SUM(AA42:AJ42) -> 92 | G42: =SUM(AU42:BD42) -> 67 | H42: =SUM(AL42:AT42) -> 38 | I42: 0 | J42: 0.47 | K42: 0.55 | L42: 0.7 | M42: 0.8 | N42: 0.95 | O42: 0.8 | P42: 0.63 | Q42: 0.64 | R42: 1 | S42: 0.77 | T42: 0.25 | U42: 0.53 | V42: 0.91 | W42: 0.7 | X42: 0.99 | Y42: 0.91 | Z42: 0.32 | AA42: 9 | AB42: 3 | AC42: 14 | AD42: 17 | AE42: 13 | AF42: 1 | AG42: 0 | AH42: 14 | AI42: 14 | AJ42: 7 | AK42: 2 | AL42: 1 | AM42: 7 | AN42: 9 | AO42: 3 | AP42: 6 | AQ42: 1 | AR42: 0 | AS42: 11 | AT42: 0 | AU42: 12 | AV42: 13 | AW42: 10 | AX42: 3 | AY42: 7 | AZ42: 1 | BA42: 1 | BB42: 3 | BC42: 17 | BD42: 0 | BE42: 2 | BF42: 6 | BG42: 9 | BH42: 9 | BI42: 15 | BJ42: 5 | BK42: 7 | BL42: 14 | BM42: 0 | BN42: 3
A43: 44964 | B43: FEBRUARY | C43: 7 | D43: 300 | E43: =SUM(BE43:BN43) -> 81 | F43: =SUM(AA43:AJ43) -> 72 | G43: =SUM(AU43:BD43) -> 104 | H43: =SUM(AL43:AT43) -> 43 | I43: 0 | J43: 0.31 | K43: 0.57 | L43: 0.77 | M43: 0.84 | N43: 0.9 | O43: 0.6 | P43: 0.78 | Q43: 0.17 | R43: 0.49 | S43: 1 | T43: 0.69 | U43: 0.47 | V43: 0.99 | W43: 0.77 | X43: 0.97 | Y43: 0.82 | Z43: 0.38 | AA43: 12 | AB43: 15 | AC43: 9 | AD43: 0 | AE43: 0 | AF43: 4 | AG43: 12 | AH43: 0 | AI43: 18 | AJ43: 2 | AK43: 0 | AL43: 7 | AM43: 0 | AN43: 20 | AO43: 0 | AP43: 0 | AQ43: 0 | AR43: 0 | AS43: 0 | AT43: 16 | AU43: 19 | AV43: 15 | AW43: 6 | AX43: 14 | AY43: 0 | AZ43: 6 | BA43: 11 | BB43: 12 | BC43: 7 | BD43: 14 | BE43: 0 | BF43: 5 | BG43: 11 | BH43: 8 | BI43: 14 | BJ43: 19 | BK43: 6 | BL43: 16 | BM43: 0 | BN43: 2
A44: 44965 | B44: FEBRUARY | C44: 8 | D44: 336 | E44: =SUM(BE44:BN44) -> 85 | F44: =SUM(AA44:AJ44) -> 83 | G44: =SUM(AU44:BD44) -> 83 | H44: =SUM(AL44:AT44) -> 76 | I44: 0 | J44: 0.33 | K44: 0.66 | L44: 0.77 | M44: 0.87 | N44: 0.94 | O44: 0.68 | P44: 0.61 | Q44: 0.9 | R44: 0.95 | S44: 0.78 | T44: 0.4 | U44: 0.52 | V44: 0.87 | W44: 0.73 | X44: 0.91 | Y44: 0.89 | Z44: 0.29 | AA44: 0 | AB44: 11 | AC44: 11 | AD44: 11 | AE44: 18 | AF44: 5 | AG44: 5 | AH44: 4 | AI44: 18 | AJ44: 0 | AK44: 9 | AL44: 5 | AM44: 6 | AN44: 22 | AO44: 0 | AP44: 11 | AQ44: 0 | AR44: 2 | AS44: 15 | AT44: 15 | AU44: 12 | AV44: 20 | AW44: 0 | AX44: 0 | AY44: 11 | AZ44: 13 | BA44: 0 | BB44: 18 | BC44: 4 | BD44: 5 | BE44: 10 | BF44: 15 | BG44: 10 | BH44: 12 | BI44: 5 | BJ44: 4 | BK44: 16 | BL44: 13 | BM44: 0 | BN44: 0
A45: 44966 | B45: FEBRUARY | C45: 9 | D45: 381 | E45: =SUM(BE45:BN45) -> 99 | F45: =SUM(AA45:AJ45) -> 115 | G45: =SUM(AU45:BD45) -> 88 | H45: =SUM(AL45:AT45) -> 63 | I45: 0 | J45: 0.47 | K45: 0.67 | L45: 0.7 | M45: 0.83 | N45: 0.93 | O45: 0.41 | P45: 0.67 | Q45: 0.96 | R45: 0.67 | S45: 0.69 | T45: 0.27 | U45: 0.42 | V45: 0.96 | W45: 0.84 | X45: 0.98 | Y45: 0.63 | Z45: 0.37 | AA45: 0 | AB45: 6 | AC45: 19 | AD45: 13 | AE45: 12 | AF45: 5 | AG45: 19 | AH45: 20 | AI45: 18 | AJ45: 3 | AK45: 16 | AL45: 0 | AM45: 0 | AN45: 0 | AO45: 0 | AP45: 19 | AQ45: 0 | AR45: 23 | AS45: 0 | AT45: 21 | AU45: 0 | AV45: 0 | AW45: 0 | AX45: 22 | AY45: 0 | AZ45: 0 | BA45: 19 | BB45: 24 | BC45: 23 | BD45: 0 | BE45: 0 | BF45: 0 | BG45: 0 | BH45: 23 | BI45: 0 | BJ45: 18 | BK45: 15 | BL45: 24 | BM45: 19 | BN45: 0
A46: 44967 | B46: FEBRUARY | C46: 10 | D46: 437 | E46: =SUM(BE46:BN46) -> 98 | F46: =SUM(AA46:AJ46) -> 136 | G46: =SUM(AU46:BD46) -> 90 | H46: =SUM(AL46:AT46) -> 113 | I46: 0 | J46: 0.5 | K46: 0.65 | L46: 0.79 | M46: 0.83 | N46: 0.97 | O46: 0.74 | P46: 0.66 | Q46: 0.87 | R46: 0.59 | S46: 0.83 | T46: 0.6 | U46: 0.54 | V46: 0.86 | W46: 0.79 | X46: 0.9 | Y46: 0.79 | Z46: 0.4 | AA46: 2 | AB46: 19 | AC46: 14 | AD46: 21 | AE46: 26 | AF46: 10 | AG46: 15 | AH46: 29 | AI46: 0 | AJ46: 0 | AK46: 0 | AL46: 27 | AM46: 0 | AN46: 0 | AO46: 1 | AP46: 18 | AQ46: 0 | AR46: 29 | AS46: 21 | AT46: 17 | AU46: 0 | AV46: 3 | AW46: 27 | AX46: 0 | AY46: 20 | AZ46: 0 | BA46: 0 | BB46: 16 | BC46: 24 | BD46: 0 | BE46: 19 | BF46: 0 | BG46: 0 | BH46: 9 | BI46: 0 | BJ46: 21 | BK46: 20 | BL46: 17 | BM46: 7 | BN46: 5
A47: 44968 | B47: FEBRUARY | C47: 11 | D47: 491 | E47: =SUM(BE47:BN47) -> 105 | F47: =SUM(AA47:AJ47) -> 142 | G47: =SUM(AU47:BD47) -> 93 | H47: =SUM(AL47:AT47) -> 142 | I47: 0 | J47: 0.32 | K47: 0.53 | L47: 0.74 | M47: 0.86 | N47: 0.91 | O47: 0.67 | P47: 0.63 | Q47: 0.4 | R47: 0.88 | S47: 0.63 | T47: 0.79 | U47: 0.41 | V47: 0.91 | W47: 0.82 | X47: 0.99 | Y47: 0.6 | Z47: 0.28 | AA47: 4 | AB47: 10 | AC47: 16 | AD47: 28 | AE47: 10 | AF47: 0 | AG47: 28 | AH47: 20 | AI47: 24 | AJ47: 2 | AK47: 9 | AL47: 3 | AM47: 17 | AN47: 20 | AO47: 12 | AP47: 6 | AQ47: 9 | AR47: 31 | AS47: 14 | AT47: 30 | AU47: 22 | AV47: 9 | AW47: 1 | AX47: 7 | AY47: 24 | AZ47: 0 | BA47: 1 | BB47: 22 | BC47: 1 | BD47: 6 | BE47: 16 | BF47: 7 | BG47: 30 | BH47: 6 | BI47: 2 | BJ47: 3 | BK47: 7 | BL47: 16 | BM47: 1 | BN47: 17
