Workbook
Name Slicer_Market: #N/A
Name Slicer_Month: #N/A
Name Slicer_Year: #N/A

Sheet DASHBOARD

Sheet Processing
A1: Market | B1: Indent 1 | C1: Value | D1: Indent 2 | E1: Indent C | F1: Cursor | G1: Share | H1: % | I1: Cursor | K1: Sales Product Dashboard
A2: Exhibitions | B2: =$B$6 -> 422.96 | C2: =GETPIVOTDATA(""&A2,Control!$A$3) -> 10574 | D2: =$D$6 -> 1 | E2: =B2 -> 422.96 | F2: =IF(ISNUMBER(MATCH(A2,$B$31:$B$34,0)),C2,NA()) -> 10574 | G2: =C2/$C$6 -> 0.30385057 | H2: =G2 -> 0.30385057 | I2: =IF(ISNUMBER(MATCH(A2,$B$31:$B$34,0)),H2,0) -> 0.30385057
A3: Hotels | B3: =$B$6 -> 422.96 | C3: =GETPIVOTDATA(""&A3,Control!$A$3) -> 8704 | D3: =$D$6 -> 1 | E3: =B3 -> 422.96 | F3: =IF(ISNUMBER(MATCH(A3,$B$31:$B$34,0)),C3,NA()) -> 8704 | G3: =C3/$C$6 -> 0.25011494 | H3: =G3 -> 0.25011494 | I3: =IF(ISNUMBER(MATCH(A2,$B$31:$B$34,0)),0,H2) -> 0
A4: Internet | B4: =$B$6 -> 422.96 | C4: =GETPIVOTDATA(""&A4,Control!$A$3) -> 7961 | D4: =$D$6 -> 1 | E4: =B4 -> 422.96 | F4: =IF(ISNUMBER(MATCH(A4,$B$31:$B$34,0)),C4,NA()) -> 7961 | G4: =C4/$C$6 -> 0.22876437 | H4: =G4 -> 0.22876437 | I4: =IF(ISNUMBER(MATCH(A3,$B$31:$B$34,0)),H3,0) -> 0.25011494
A5: Office | B5: =$B$6 -> 422.96 | C5: =GETPIVOTDATA(""&A5,Control!$A$3) -> 7561 | D5: =$D$6 -> 1 | E5: =B5 -> 422.96 | F5: =IF(ISNUMBER(MATCH(A5,$B$31:$B$34,0)),C5,NA()) -> 7561 | G5: =C5/$C$6 -> 0.21727011 | H5: =G5 -> 0.21727011 | I5: =IF(ISNUMBER(MATCH(A3,$B$31:$B$34,0)),0,H3) -> 0
B6: =MAX(C2:C5)*4% -> 422.96 | C6: =SUM(C2:C5) -> 34800 | D6: 1 | H6: =SUMIF(F2:F5,">0",H2:H5) -> 1 | I6: =IF(ISNUMBER(MATCH(A4,$B$31:$B$34,0)),H4,0) -> 0.22876437
A7: Sales Source Channels | C7: Total Sales | I7: =IF(ISNUMBER(MATCH(A4,$B$31:$B$34,0)),0,H4) -> 0
I8: =IF(ISNUMBER(MATCH(A5,$B$31:$B$34,0)),H5,0) -> 0.21727011
I9: =IF(ISNUMBER(MATCH(A5,$B$31:$B$34,0)),0,H5) -> 0
A11: Categories | D11: Market | E11: Style | F11: Indent | G11: Value | H11: Indent C | I11: Cursors | J11: Marker | K11: Labels | L11: Select | M11: Value | N11: Show
A12: Exhibitions | B12: Vanguard | C12: =GETPIVOTDATA(B12&" "&LEFT(A12,1),Control!$A$3) -> 4255 | D12: Exhibitions | E12: Van | F12: =$F$28 -> 425.5 | G12: =C12 -> 4255 | H12: =F12 -> 425.5 | I12: =IF(ISNUMBER(MATCH(A12,$B$31:$B$34,0)),C12,NA()) -> 4255 | J12: =I12+F12 -> 4680.5 | K12: =IF(ISNA(I12),"",IF(G12>=1000,ROUND(G12/1000,0)&"k",G12)) -> 4k | L12: Exhibitions | M12: =IF(N12="",GETPIVOTDATA(""&L12,Control!$A$3),"") -> 10574 | N12: =IF(ISNUMBER(MATCH(L12,$B$31:$B$34,0)),"","I")
A13: Exhibitions | B13: High tech | C13: =GETPIVOTDATA(B13&" "&LEFT(A13,1),Control!$A$3) -> 1819 | E13: Hig | F13: =$F$28 -> 425.5 | G13: =C13 -> 1819 | H13: =F13 -> 425.5 | I13: =IF(ISNUMBER(MATCH(A13,$B$31:$B$34,0)),C13,NA()) -> 1819 | J13: =I13+F13 -> 2244.5 | K13: =IF(ISNA(I13),"",IF(G13>=1000,ROUND(G13/1000,0)&"k",G13)) -> 2k | L13: Hotels | M13: =IF(N13="",GETPIVOTDATA(""&L13,Control!$A$3),"") -> 8704 | N13: =IF(ISNUMBER(MATCH(L13,$B$31:$B$34,0)),"","I")
A14: Exhibitions | B14: Pop Art | C14: =GETPIVOTDATA(B14&" "&LEFT(A14,1),Control!$A$3) -> 2688 | E14: Pop | F14: =$F$28 -> 425.5 | G14: =C14 -> 2688 | H14: =F14 -> 425.5 | I14: =IF(ISNUMBER(MATCH(A14,$B$31:$B$34,0)),C14,NA()) -> 2688 | J14: =I14+F14 -> 3113.5 | K14: =IF(ISNA(I14),"",IF(G14>=1000,ROUND(G14/1000,0)&"k",G14)) -> 3k | L14: Internet | M14: =IF(N14="",GETPIVOTDATA(""&L14,Control!$A$3),"") -> 7961 | N14: =IF(ISNUMBER(MATCH(L14,$B$31:$B$34,0)),"","I")
A15: Exhibitions | B15: Loft | C15: =GETPIVOTDATA(B15&" "&LEFT(A15,1),Control!$A$3) -> 1812 | E15: Lof | F15: =$F$28 -> 425.5 | G15: =C15 -> 1812 | H15: =F15 -> 425.5 | I15: =IF(ISNUMBER(MATCH(A15,$B$31:$B$34,0)),C15,NA()) -> 1812 | J15: =I15+F15 -> 2237.5 | K15: =IF(ISNA(I15),"",IF(G15>=1000,ROUND(G15/1000,0)&"k",G15)) -> 2k | L15: Office | M15: =IF(N15="",GETPIVOTDATA(""&L15,Control!$A$3),"") -> 7561 | N15: =IF(ISNUMBER(MATCH(L15,$B$31:$B$34,0)),"","I")
A16: Hotels | B16: Vanguard | C16: =GETPIVOTDATA(B16&" "&LEFT(A16,1),Control!$A$3) -> 1773 | D16: Internet | E16: Van | F16: =$F$28 -> 425.5 | G16: =C16 -> 1773 | H16: =F16 -> 425.5 | I16: =IF(ISNUMBER(MATCH(A16,$B$31:$B$34,0)),C16,NA()) -> 1773 | J16: =I16+F16 -> 2198.5 | K16: =IF(ISNA(I16),"",IF(G16>=1000,ROUND(G16/1000,0)&"k",G16)) -> 2k | L16: Total | M16: =SUM(M12:M15) -> 34800
A17: Hotels | B17: High tech | C17: =GETPIVOTDATA(B17&" "&LEFT(A17,1),Control!$A$3) -> 3100 | E17: Hig | F17: =$F$28 -> 425.5 | G17: =C17 -> 3100 | H17: =F17 -> 425.5 | I17: =IF(ISNUMBER(MATCH(A17,$B$31:$B$34,0)),C17,NA()) -> 3100 | J17: =I17+F17 -> 3525.5 | K17: =IF(ISNA(I17),"",IF(G17>=1000,ROUND(G17/1000,0)&"k",G17)) -> 3k | L17: Vanguard | M17: {=SUM(($B$12:$B$27=L17)*((IFERROR($J$12:$J$27,0))>0)*$C$12:$C$27)} -> 10860
A18: Hotels | B18: Pop Art | C18: =GETPIVOTDATA(B18&" "&LEFT(A18,1),Control!$A$3) -> 1800 | E18: Pop | F18: =$F$28 -> 425.5 | G18: =C18 -> 1800 | H18: =F18 -> 425.5 | I18: =IF(ISNUMBER(MATCH(A18,$B$31:$B$34,0)),C18,NA()) -> 1800 | J18: =I18+F18 -> 2225.5 | K18: =IF(ISNA(I18),"",IF(G18>=1000,ROUND(G18/1000,0)&"k",G18)) -> 2k | L18: High tech | M18: {=SUM(($B$12:$B$27=L18)*((IFERROR($J$12:$J$27,0))>0)*$C$12:$C$27)} -> 8592
A19: Hotels | B19: Loft | C19: =GETPIVOTDATA(B19&" "&LEFT(A19,1),Control!$A$3) -> 2031 | E19: Lof | F19: =$F$28 -> 425.5 | G19: =C19 -> 2031 | H19: =F19 -> 425.5 | I19: =IF(ISNUMBER(MATCH(A19,$B$31:$B$34,0)),C19,NA()) -> 2031 | J19: =I19+F19 -> 2456.5 | K19: =IF(ISNA(I19),"",IF(G19>=1000,ROUND(G19/1000,0)&"k",G19)) -> 2k | L19: Pop Art | M19: {=SUM(($B$12:$B$27=L19)*((IFERROR($J$12:$J$27,0))>0)*$C$12:$C$27)} -> 9000
A20: Internet | B20: Vanguard | C20: =GETPIVOTDATA(B20&" "&LEFT(A20,1),Control!$A$3) -> 2660 | D20: Hotels | E20: Van | F20: =$F$28 -> 425.5 | G20: =C20 -> 2660 | H20: =F20 -> 425.5 | I20: =IF(ISNUMBER(MATCH(A20,$B$31:$B$34,0)),C20,NA()) -> 2660 | J20: =I20+F20 -> 3085.5 | K20: =IF(ISNA(I20),"",IF(G20>=1000,ROUND(G20/1000,0)&"k",G20)) -> 3k | L20: Loft | M20: {=SUM(($B$12:$B$27=L20)*((IFERROR($J$12:$J$27,0))>0)*$C$12:$C$27)} -> 6348
A21: Internet | B21: High tech | C21: =GETPIVOTDATA(B21&" "&LEFT(A21,1),Control!$A$3) -> 1954 | E21: Hig | F21: =$F$28 -> 425.5 | G21: =C21 -> 1954 | H21: =F21 -> 425.5 | I21: =IF(ISNUMBER(MATCH(A21,$B$31:$B$34,0)),C21,NA()) -> 1954 | J21: =I21+F21 -> 2379.5 | K21: =IF(ISNA(I21),"",IF(G21>=1000,ROUND(G21/1000,0)&"k",G21)) -> 2k
A22: Internet | B22: Pop Art | C22: =GETPIVOTDATA(B22&" "&LEFT(A22,1),Control!$A$3) -> 2112 | E22: Pop | F22: =$F$28 -> 425.5 | G22: =C22 -> 2112 | H22: =F22 -> 425.5 | I22: =IF(ISNUMBER(MATCH(A22,$B$31:$B$34,0)),C22,NA()) -> 2112 | J22: =I22+F22 -> 2537.5 | K22: =IF(ISNA(I22),"",IF(G22>=1000,ROUND(G22/1000,0)&"k",G22)) -> 2k
A23: Internet | B23: Loft | C23: =GETPIVOTDATA(B23&" "&LEFT(A23,1),Control!$A$3) -> 1235 | E23: Lof | F23: =$F$28 -> 425.5 | G23: =C23 -> 1235 | H23: =F23 -> 425.5 | I23: =IF(ISNUMBER(MATCH(A23,$B$31:$B$34,0)),C23,NA()) -> 1235 | J23: =I23+F23 -> 1660.5 | K23: =IF(ISNA(I23),"",IF(G23>=1000,ROUND(G23/1000,0)&"k",G23)) -> 1k
A24: Office | B24: Vanguard | C24: =GETPIVOTDATA(B24&" "&LEFT(A24,1),Control!$A$3) -> 2172 | D24: Office | E24: Van | F24: =$F$28 -> 425.5 | G24: =C24 -> 2172 | H24: =F24 -> 425.5 | I24: =IF(ISNUMBER(MATCH(A24,$B$31:$B$34,0)),C24,NA()) -> 2172 | J24: =I24+F24 -> 2597.5 | K24: =IF(ISNA(I24),"",IF(G24>=1000,ROUND(G24/1000,0)&"k",G24)) -> 2k
A25: Office | B25: High tech | C25: =GETPIVOTDATA(B25&" "&LEFT(A25,1),Control!$A$3) -> 1719 | E25: Hig | F25: =$F$28 -> 425.5 | G25: =C25 -> 1719 | H25: =F25 -> 425.5 | I25: =IF(ISNUMBER(MATCH(A25,$B$31:$B$34,0)),C25,NA()) -> 1719 | J25: =I25+F25 -> 2144.5 | K25: =IF(ISNA(I25),"",IF(G25>=1000,ROUND(G25/1000,0)&"k",G25)) -> 2k
A26: Office | B26: Pop Art | C26: =GETPIVOTDATA(B26&" "&LEFT(A26,1),Control!$A$3) -> 2400 | E26: Pop | F26: =$F$28 -> 425.5 | G26: =C26 -> 2400 | H26: =F26 -> 425.5 | I26: =IF(ISNUMBER(MATCH(A26,$B$31:$B$34,0)),C26,NA()) -> 2400 | J26: =I26+F26 -> 2825.5 | K26: =IF(ISNA(I26),"",IF(G26>=1000,ROUND(G26/1000,0)&"k",G26)) -> 2k
A27: Office | B27: Loft | C27: =GETPIVOTDATA(B27&" "&LEFT(A27,1),Control!$A$3) -> 1270 | E27: Lof | F27: =$F$28 -> 425.5 | G27: =C27 -> 1270 | H27: =F27 -> 425.5 | I27: =IF(ISNUMBER(MATCH(A27,$B$31:$B$34,0)),C27,NA()) -> 1270 | J27: =I27+F27 -> 1695.5 | K27: =IF(ISNA(I27),"",IF(G27>=1000,ROUND(G27/1000,0)&"k",G27)) -> 1k
F28: =MAX(G12:G27)*10% -> 425.5
B30: Row Labels
B31: Exhibitions
B32: Hotels
B33: Internet
B34: Office
B35: Grand Total

Sheet Control
A3: Row Labels | B3: Sum of Vanguard E | C3: Sum of High tech E | D3: Sum of Loft E | E3: Sum of Vanguard I | F3: Sum of High tech I | G3: Sum of Loft I | H3: Sum of Vanguard H | I3: Sum of High tech H | J3: Sum of Loft H | K3: Sum of Vanguard O | L3: Sum of High tech O | M3: Sum of Loft O | N3: Sum of Pop Art E | O3: Sum of Pop Art I | P3: Sum of Pop Art H | Q3: Sum of Pop Art O | R3: Sum of Exhibitions | S3: Sum of Internet | T3: Sum of Hotels | U3: Sum of Office
A4: AUG | B4: 4255 | C4: 1819 | D4: 1812 | E4: 2660 | F4: 1954 | G4: 1235 | H4: 1773 | I4: 3100 | J4: 2031 | K4: 2172 | L4: 1719 | M4: 1270 | N4: 2688 | O4: 2112 | P4: 1800 | Q4: 2400 | R4: 10574 | S4: 7961 | T4: 8704 | U4: 7561
A5: Grand Total | B5: 4255 | C5: 1819 | D5: 1812 | E5: 2660 | F5: 1954 | G5: 1235 | H5: 1773 | I5: 3100 | J5: 2031 | K5: 2172 | L5: 1719 | M5: 1270 | N5: 2688 | O5: 2112 | P5: 1800 | Q5: 2400 | R5: 10574 | S5: 7961 | T5: 8704 | U5: 7561

Sheet Data
G1: Exhibitions | K1: Internet | O1: Hotels | S1: Office
A2: Year | B2: Month | C2: Vanguard | D2: High tech | E2: Pop Art | F2: Loft | G2: Vanguard E | H2: High tech E | I2: Pop Art E | J2: Loft E | K2: Vanguard I | L2: High tech I | M2: Pop Art I | N2: Loft I | O2: Vanguard H | P2: High tech H | Q2: Pop Art H | R2: Loft H | S2: Vanguard O | T2: High tech O | U2: Pop Art O | V2: Loft O | W2: Exhibitions | X2: Internet | Y2: Hotels | Z2: Office
A3: 2025 | B3: JAN | C3: 11100 | D3: 9276 | E3: 7908 | F3: 5640 | G3: 3726 | H3: 2221 | I3: 1963 | J3: 1164 | K3: 2909 | L3: 3358 | M3: 2182 | N3: 1193 | O3: 2246 | P3: 1842 | Q3: 1581 | R3: 2154 | S3: 2219 | T3: 1855 | U3: 2182 | V3: 1129 | W3: =SUM(mydata[[#This Row],[Vanguard E]:[Loft E]]) -> 9074 | X3: =SUM(mydata[[#This Row],[Vanguard I]:[Loft I]]) -> 9642 | Y3: =SUM(mydata[[#This Row],[Vanguard H]:[Loft H]]) -> 7823 | Z3: =SUM(mydata[[#This Row],[Vanguard O]:[Loft O]]) -> 7385
A4: 2025 | B4: FEB | C4: 11880 | D4: 9960 | E4: 6504 | F4: 7488 | G4: 4664 | H4: 1386 | I4: 1509 | J4: 2749 | K4: 2200 | L4: 3415 | M4: 2155 | N4: 1313 | O4: 2640 | P4: 3167 | Q4: 1301 | R4: 1928 | S4: 2376 | T4: 1992 | U4: 1539 | V4: 1498 | W4: =SUM(mydata[[#This Row],[Vanguard E]:[Loft E]]) -> 10308 | X4: =SUM(mydata[[#This Row],[Vanguard I]:[Loft I]]) -> 9083 | Y4: =SUM(mydata[[#This Row],[Vanguard H]:[Loft H]]) -> 9036 | Z4: =SUM(mydata[[#This Row],[Vanguard O]:[Loft O]]) -> 7405
A5: 2025 | B5: MAR | C5: 12024 | D5: 10104 | E5: 6096 | F5: 8256 | G5: 3426 | H5: 2947 | I5: 889 | J5: 1874 | K5: 3294 | L5: 2610 | M5: 1836 | N5: 3420 | O5: 2899 | P5: 2526 | Q5: 1219 | R5: 1312 | S5: 2405 | T5: 2021 | U5: 2152 | V5: 1650 | W5: =SUM(mydata[[#This Row],[Vanguard E]:[Loft E]]) -> 9136 | X5: =SUM(mydata[[#This Row],[Vanguard I]:[Loft I]]) -> 11160 | Y5: =SUM(mydata[[#This Row],[Vanguard H]:[Loft H]]) -> 7956 | Z5: =SUM(mydata[[#This Row],[Vanguard O]:[Loft O]]) -> 8228
A6: 2025 | B6: APR | C6: 10956 | D6: 9084 | E6: 7152 | F6: 7608 | G6: 3487 | H6: 2231 | I6: 1852 | J6: 2138 | K6: 3487 | L6: 2295 | M6: 1819 | N6: 2413 | O6: 1791 | P6: 2741 | Q6: 1430 | R6: 1535 | S6: 2191 | T6: 1817 | U6: 2051 | V6: 1522 | W6: =SUM(mydata[[#This Row],[Vanguard E]:[Loft E]]) -> 9708 | X6: =SUM(mydata[[#This Row],[Vanguard I]:[Loft I]]) -> 10014 | Y6: =SUM(mydata[[#This Row],[Vanguard H]:[Loft H]]) -> 7497 | Z6: =SUM(mydata[[#This Row],[Vanguard O]:[Loft O]]) -> 7581
A7: 2025 | B7: MAY | C7: 9792 | D7: 7764 | E7: 8688 | F7: 6432 | G7: 3036 | H7: 2057 | I7: 2183 | J7: 1092 | K7: 1273 | L7: 1398 | M7: 2815 | N7: 2041 | O7: 3525 | P7: 2756 | Q7: 1737 | R7: 2012 | S7: 1958 | T7: 1553 | U7: 1953 | V7: 1287 | W7: =SUM(mydata[[#This Row],[Vanguard E]:[Loft E]]) -> 8368 | X7: =SUM(mydata[[#This Row],[Vanguard I]:[Loft I]]) -> 7527 | Y7: =SUM(mydata[[#This Row],[Vanguard H]:[Loft H]]) -> 10030 | Z7: =SUM(mydata[[#This Row],[Vanguard O]:[Loft O]]) -> 6751
A8: 2025 | B8: JUN | C8: 9780 | D8: 7260 | E8: 9408 | F8: 5712 | G8: 4445 | H8: 1893 | I8: 1378 | J8: 1702 | K8: 1897 | L8: 2022 | M8: 3392 | N8: 1859 | O8: 1482 | P8: 1893 | Q8: 1882 | R8: 1008 | S8: 1956 | T8: 1452 | U8: 2756 | V8: 1143 | W8: =SUM(mydata[[#This Row],[Vanguard E]:[Loft E]]) -> 9418 | X8: =SUM(mydata[[#This Row],[Vanguard I]:[Loft I]]) -> 9170 | Y8: =SUM(mydata[[#This Row],[Vanguard H]:[Loft H]]) -> 6265 | Z8: =SUM(mydata[[#This Row],[Vanguard O]:[Loft O]]) -> 7307
A9: 2025 | B9: JUL | C9: 10860 | D9: 8592 | E9: 9000 | F9: 6348 | G9: 2251 | H9: 2624 | I9: 2326 | J9: 2026 | K9: 2669 | L9: 1996 | M9: 2548 | N9: 1055 | O9: 3768 | P9: 2254 | Q9: 1800 | R9: 1998 | S9: 2172 | T9: 1718 | U9: 2326 | V9: 1269 | W9: =SUM(mydata[[#This Row],[Vanguard E]:[Loft E]]) -> 9227 | X9: =SUM(mydata[[#This Row],[Vanguard I]:[Loft I]]) -> 8268 | Y9: =SUM(mydata[[#This Row],[Vanguard H]:[Loft H]]) -> 9820 | Z9: =SUM(mydata[[#This Row],[Vanguard O]:[Loft O]]) -> 7485
A10: 2025 | B10: AUG | C10: 11964 | D10: 10596 | E10: 7212 | F10: 7776 | G10: 4143 | H10: 2132 | I10: 1309 | J10: 2230 | K10: 1786 | L10: 2995 | M10: 3006 | N10: 1682 | O10: 3643 | P10: 3350 | Q10: 1442 | R10: 2308 | S10: 2392 | T10: 2119 | U10: 1455 | V10: 1556 | W10: =SUM(mydata[[#This Row],[Vanguard E]:[Loft E]]) -> 9814 | X10: =SUM(mydata[[#This Row],[Vanguard I]:[Loft I]]) -> 9469 | Y10: =SUM(mydata[[#This Row],[Vanguard H]:[Loft H]]) -> 10743 | Z10: =SUM(mydata[[#This Row],[Vanguard O]:[Loft O]]) -> 7522
A11: 2025 | B11: SEP | C11: 12048 | D11: 10392 | E11: 6264 | F11: 8556 | G11: 3833 | H11: 2643 | I11: 2011 | J11: 1630 | K11: 2987 | L11: 1982 | M11: 1423 | N11: 1630 | O11: 2818 | P11: 3689 | Q11: 1252 | R11: 3585 | S11: 2410 | T11: 2078 | U11: 1578 | V11: 1711 | W11: =SUM(mydata[[#This Row],[Vanguard E]:[Loft E]]) -> 10117 | X11: =SUM(mydata[[#This Row],[Vanguard I]:[Loft I]]) -> 8022 | Y11: =SUM(mydata[[#This Row],[Vanguard H]:[Loft H]]) -> 11344 | Z11: =SUM(mydata[[#This Row],[Vanguard O]:[Loft O]]) -> 7777
A12: 2025 | B12: OCT | C12: 10884 | D12: 8784 | E12: 7320 | F12: 8052 | G12: 3813 | H12: 1871 | I12: 1917 | J12: 2013 | K12: 2422 | L12: 2932 | M12: 1970 | N12: 2588 | O12: 2473 | P12: 2224 | Q12: 1463 | R12: 1840 | S12: 2176 | T12: 1757 | U12: 1970 | V12: 1611 | W12: =SUM(mydata[[#This Row],[Vanguard E]:[Loft E]]) -> 9614 | X12: =SUM(mydata[[#This Row],[Vanguard I]:[Loft I]]) -> 9912 | Y12: =SUM(mydata[[#This Row],[Vanguard H]:[Loft H]]) -> 8000 | Z12: =SUM(mydata[[#This Row],[Vanguard O]:[Loft O]]) -> 7514
A13: 2025 | B13: NOV | C13: 10032 | D13: 8772 | E13: 8148 | F13: 7008 | G13: 3192 | H13: 2990 | I13: 1748 | J13: 2117 | K13: 1733 | L13: 2741 | M13: 1842 | N13: 1215 | O13: 3101 | P13: 1287 | Q13: 1629 | R13: 2274 | S13: 2006 | T13: 1754 | U13: 2929 | V13: 1402 | W13: =SUM(mydata[[#This Row],[Vanguard E]:[Loft E]]) -> 10047 | X13: =SUM(mydata[[#This Row],[Vanguard I]:[Loft I]]) -> 7531 | Y13: =SUM(mydata[[#This Row],[Vanguard H]:[Loft H]]) -> 8291 | Z13: =SUM(mydata[[#This Row],[Vanguard O]:[Loft O]]) -> 8091
A14: 2025 | B14: DEC | C14: 10512 | D14: 9576 | E14: 7788 | F14: 5700 | G14: 2168 | H14: 3989 | I14: 2380 | J14: 1078 | K14: 2628 | L14: 1583 | M14: 2520 | N14: 2034 | O14: 3614 | P14: 2089 | Q14: 1558 | R14: 1448 | S14: 2102 | T14: 1915 | U14: 1330 | V14: 1140 | W14: =SUM(mydata[[#This Row],[Vanguard E]:[Loft E]]) -> 9615 | X14: =SUM(mydata[[#This Row],[Vanguard I]:[Loft I]]) -> 8765 | Y14: =SUM(mydata[[#This Row],[Vanguard H]:[Loft H]]) -> 8709 | Z14: =SUM(mydata[[#This Row],[Vanguard O]:[Loft O]]) -> 6487
... A38: 2023 | B38: DEC | C38: 10512 | D38: 9576 | E38: 7788 | F38: 5700 | G38: 2102 | H38: 2128 | I38: 1477 | J38: 1207 | K38: 3873 | L38: 3547 | M38: 3277 | N38: 1770 | O38: 2434 | P38: 1986 | Q38: 1557 | R38: 1583 | S38: 2103 | T38: 1915 | U38: 1477 | V38: 1140 | W38: =SUM(mydata[[#This Row],[Vanguard E]:[Loft E]]) -> 6914 | X38: =SUM(mydata[[#This Row],[Vanguard I]:[Loft I]]) -> 12467 | Y38: =SUM(mydata[[#This Row],[Vanguard H]:[Loft H]]) -> 7560 | Z38: =SUM(mydata[[#This Row],[Vanguard O]:[Loft O]]) -> 6635

Sheet Resources
B1: #00C6C3
B2: #1E1E28 | C2: 50
B3: #1C1E1C | C3: 100
B5: #000000
A6: Line | B6: #2C3939
A8: Line | B8: #124F4E
A9: Line | B9: #02FEFA | E9: 0.5
B11: #333E43
B13: #FFFF00 | C13: 25 | D13: 150
B14: #F3DC28 | C14: 47 | D14: 150
B15: #BE45D1 | C15: 100 | D15: 150
B16: #BE45D1 | C16: 15 | D16: 70
B17: #FF0077 | C17: 70 | D17: 70
B18: #00B0F0 | C18: 0 | D18: 150
B19: #00FF00 | C19: 60 | D19: 150
B20: #02FEFA | C20: 25 | D20: 60
B21: #25DCF2 | C21: 50 | D21: 60
B22: #BE45D1 | C22: 100 | D22: 60
