Workbook
Name Slicer_Density: #N/A

Sheet DASHBOARD

Sheet Processing
A1: counter | B1: mode | C1: recycling1 | D1: recycling2 | E1: recycling3 | F1: recycling4 | G1: recycling5 | H1: ⬛ | I1: █ | J1: =IF(K3,I1,"") -> █ | K1: In/Out | L1: recyclingA | M1: recyclingB | Q1: Marker
A2: 25902 | B2: =GETPIVOTDATA("Mode",Control!$A$10) -> 4 | C2: =IF(MOD($A$2,30)=0,30,MOD($A$2,30)) -> 12 | D2: =MOD($A$2,30) -> 12 | E2: =MOD($A$2,148) -> 2 | F2: =MOD($A$2-30,148) -> 120 | G2: =MOD($A$2,60) -> 42 | H2: Alt+254 | I2: Alt+219 | J2: =IF(K3,"",I1) | K2: =K3+1 -> 2 | L2: =IF(MOD($A$2,44)=0,44,MOD($A$2,44)) -> 30 | M2: =MOD($A$2,88) -> 30 | Q2: =C2 -> 12
B3: Animation 1 | C3: =MOD($A$2,30) -> 12 | D3: AGILE PROJECT MANAGEMENT SPRINTS | F3: =MOD($A$2-117,120)+1 -> 106 | G3: =MOD($A$2,180)+1 -> 163 | J3: =IF(K3,H1,"") -> ⬛ | K3: TRUE | L3: mode1 | M3: mode2 | N3: mode3 | O3: mode4 | P3: Sprint Load Dynamics | R3: dia0 | S3: dia1 | T3: Resource Accumulation
B4: {=IF(OR(A4,$K$2=2),CHOOSE($K$2,INDEX($C$11:$F$40,A4,$B$2),INDEX($L$4:$O$47,K4,$B$2)),"")} -> ⬛ | C4: =MOD($A$2,44) -> 30 | D4: Acceleration | J4: =IF(K3,"","I") | K4: 1 | L4: =IF(K4=$L$2,$H$1,"") | M4: =IF(AND(K4<=$M$2,(K4+44)>$M$2),$H$1,"") -> ⬛ | N4: =IF(MOD($D$2,5)=MOD(K4-ROW($A$1),5),$H$1,"") | O4: =IF(ISEVEN($A$2),$H$1,"") -> ⬛ | P4: {=INDEX(Data!$I$3:$I$182,INT(MOD($G$3,180)/($A$40))*$A$40+A11)} -> 0.175 | Q4: {=INDEX($P$4:$P$33,Q2)} -> 0.805 | R4: 1 | S4: 300 | T4: =IF($F$3=120,300,0) -> 0 | U4: 300 | AJ4: 40
B5: {=IF(OR(A5,$K$2=2),CHOOSE($K$2,INDEX($C$11:$F$40,A5,$B$2),INDEX($L$4:$O$47,K5,$B$2)),"")} | J5: =IF(K3,"",H1) | K5: 2 | L5: =IF(K5=$L$2,$H$1,"") | M5: =IF(AND(K5<=$M$2,(K5+44)>$M$2),$H$1,"") -> ⬛ | N5: =IF(MOD($D$2,5)=MOD(K5-ROW($A$1),5),$H$1,"") | O5: =IF(ISODD($A$2),$H$1,"") | P5: {=INDEX(Data!$I$3:$I$182,INT(MOD($G$3,180)/($A$40))*$A$40+A12)} -> 0.219 | R5: 1 | S5: 40 | T5: =IF($F$3=120,40,0) -> 0 | U5: 40 | AJ5: 45
B6: {=IF(OR(A6,$K$2=2),CHOOSE($K$2,INDEX($C$11:$F$40,A6,$B$2),INDEX($L$4:$O$47,K6,$B$2)),"")} -> ⬛ | K6: 3 | L6: =IF(K6=$L$2,$H$1,"") | M6: =IF(AND(K6<=$M$2,(K6+44)>$M$2),$H$1,"") -> ⬛ | N6: =IF(MOD($D$2,5)=MOD(K6-ROW($A$1),5),$H$1,"") -> ⬛ | O6: =IF(ISEVEN($A$2),$H$1,"") -> ⬛ | P6: {=INDEX(Data!$I$3:$I$182,INT(MOD($G$3,180)/($A$40))*$A$40+A13)} -> 0.285 | R6: 1 | S6: 45 | T6: =SUM(OFFSET($AI$18,$F$3,0,2,1))-T5 -> 0 | U6: 45 | AJ6: 50
B7: {=IF(OR(A7,$K$2=2),CHOOSE($K$2,INDEX($C$11:$F$40,A7,$B$2),INDEX($L$4:$O$47,K7,$B$2)),"")} | K7: 4 | L7: =IF(K7=$L$2,$H$1,"") | M7: =IF(AND(K7<=$M$2,(K7+44)>$M$2),$H$1,"") -> ⬛ | N7: =IF(MOD($D$2,5)=MOD(K7-ROW($A$1),5),$H$1,"") | O7: =IF(ISODD($A$2),$H$1,"") | P7: {=INDEX(Data!$I$3:$I$182,INT(MOD($G$3,180)/($A$40))*$A$40+A14)} -> 0.375 | Q7: =INT(MOD($G$3,180)/($A$40))*$A$40+A11 -> 151 | R7: 1 | S7: 50 | T7: {=INDEX($AW$4:$AW$123,$F$3)} -> 0 | U7: 50 | AJ7: 55
B8: {=IF(OR(A8,$K$2=2),CHOOSE($K$2,INDEX($C$11:$F$40,A8,$B$2),INDEX($L$4:$O$47,K8,$B$2)),"")} -> ⬛ | H8: Agile Sprints | K8: 5 | L8: =IF(K8=$L$2,$H$1,"") | M8: =IF(AND(K8<=$M$2,(K8+44)>$M$2),$H$1,"") -> ⬛ | N8: =IF(MOD($D$2,5)=MOD(K8-ROW($A$1),5),$H$1,"") | O8: =IF(ISEVEN($A$2),$H$1,"") -> ⬛ | P8: {=INDEX(Data!$I$3:$I$182,INT(MOD($G$3,180)/($A$40))*$A$40+A15)} -> 0.489 | R8: 1 | S8: 55 | T8: =SUM(OFFSET($AH$17,$F$3,0,3,1))-T7 -> 0 | U8: 55 | AJ8: 60
B9: {=IF(OR(A9,$K$2=2),CHOOSE($K$2,INDEX($C$11:$F$40,A9,$B$2),INDEX($L$4:$O$47,K9,$B$2)),"")} | H9: CHOOSE | J9: =CHOOSE($K$2,IF(C3>28,15,14),IF((C4-7)>28,15,14)) -> 14 | K9: 6 | L9: =IF(K9=$L$2,$H$1,"") | M9: =IF(AND(K9<=$M$2,(K9+44)>$M$2),$H$1,"") -> ⬛ | N9: =IF(MOD($D$2,5)=MOD(K9-ROW($A$1),5),$H$1,"") | O9: =IF(ISODD($A$2),$H$1,"") | P9: {=INDEX(Data!$I$3:$I$182,INT(MOD($G$3,180)/($A$40))*$A$40+A16)} -> 0.615 | R9: 1 | S9: 60 | T9: {=INDEX($AV$4:$AV$123,$F$3)} -> 0 | U9: 60 | AJ9: 65
B10: {=IF(OR(A10,$K$2=2),CHOOSE($K$2,INDEX($C$11:$F$40,A10,$B$2),INDEX($L$4:$O$47,K10,$B$2)),"")} -> ⬛ | C10: mode1 | D10: mode2 | E10: mode3 | F10: mode4 | G10: dia | H10: =CHOOSE($K$2,(D40=H1)+1,(B47=H1)+1) -> 1 | K10: 7 | L10: =IF(K10=$L$2,$H$1,"") | M10: =IF(AND(K10<=$M$2,(K10+44)>$M$2),$H$1,"") -> ⬛ | N10: =IF(MOD($D$2,5)=MOD(K10-ROW($A$1),5),$H$1,"") | O10: =IF(ISEVEN($A$2),$H$1,"") -> ⬛ | P10: {=INDEX(Data!$I$3:$I$182,INT(MOD($G$3,180)/($A$40))*$A$40+A17)} -> 0.7 | R10: 1 | S10: 65 | T10: =SUM(OFFSET($AG$16,$F$3,0,4,1))-T9 -> 0 | U10: 65 | AJ10: 70
A11: 1 | B11: {=IF(OR(A11,$K$2=2),CHOOSE($K$2,INDEX($C$11:$F$40,A11,$B$2),INDEX($L$4:$O$47,K11,$B$2)),"")} | C11: =IF(A11=$C$2,$H$1,"") | D11: =IF(AND(A11<=$G$2,(A11+30)>$G$2),$H$1,"") | E11: =IF(MOD($D$2,5)=MOD(A11-ROW($A$1),5),$H$1,"") | F11: =IF(ISEVEN($A$2),$H$1,"") -> ⬛ | G11: 1 | H11: {=INDEX($I$11:$J$16,A11,$H$10)} -> 7 | I11: =30-SUM(I12:I15) -> 7 | J11: 0 | K11: 8 | L11: =IF(K11=$L$2,$H$1,"") | M11: =IF(AND(K11<=$M$2,(K11+44)>$M$2),$H$1,"") -> ⬛ | N11: =IF(MOD($D$2,5)=MOD(K11-ROW($A$1),5),$H$1,"") -> ⬛ | O11: =IF(ISODD($A$2),$H$1,"") | P11: {=INDEX(Data!$I$3:$I$182,INT(MOD($G$3,180)/($A$40))*$A$40+A18)} -> 0.757 | R11: 1 | S11: 70 | T11: {=INDEX($AU$4:$AU$123,$F$3)} -> 0 | U11: 70 | AJ11: 75
A12: 2 | B12: {=IF(OR(A12,$K$2=2),CHOOSE($K$2,INDEX($C$11:$F$40,A12,$B$2),INDEX($L$4:$O$47,K12,$B$2)),"")} -> ⬛ | C12: =IF(A12=$C$2,$H$1,"") | D12: =IF(AND(A12<=$G$2,(A12+30)>$G$2),$H$1,"") | E12: =IF(MOD($D$2,5)=MOD(A12-ROW($A$1),5),$H$1,"") | F12: =IF(ISODD($A$2),$H$1,"") | G12: 1 | H12: {=INDEX($I$11:$J$16,A12,$H$10)} -> 1 | I12: =CHOOSE($K$2,(C3>=15)*1,IF(C4<8,0,AND(C4>=15+7,C4<38)*1)) -> 1 | J12: =CHOOSE($K$2,1,0) -> 0 | K12: 9 | L12: =IF(K12=$L$2,$H$1,"") | M12: =IF(AND(K12<=$M$2,(K12+44)>$M$2),$H$1,"") -> ⬛ | N12: =IF(MOD($D$2,5)=MOD(K12-ROW($A$1),5),$H$1,"") | O12: =IF(ISEVEN($A$2),$H$1,"") -> ⬛ | P12: {=INDEX(Data!$I$3:$I$182,INT(MOD($G$3,180)/($A$40))*$A$40+A19)} -> 0.791 | R12: 1 | S12: 75 | T12: =SUM(OFFSET($AF$15,$F$3,0,5,1))-T11 -> 300 | U12: 75 | AJ12: 80
A13: 3 | B13: {=IF(OR(A13,$K$2=2),CHOOSE($K$2,INDEX($C$11:$F$40,A13,$B$2),INDEX($L$4:$O$47,K13,$B$2)),"")} | C13: =IF(A13=$C$2,$H$1,"") | D13: =IF(AND(A13<=$G$2,(A13+30)>$G$2),$H$1,"") | E13: =IF(MOD($D$2,5)=MOD(A13-ROW($A$1),5),$H$1,"") -> ⬛ | F13: =IF(ISEVEN($A$2),$H$1,"") -> ⬛ | G13: 1 | H13: {=INDEX($I$11:$J$16,A13,$H$10)} -> 0 | I13: =CHOOSE($K$2,AND(C3<=14,C3>0)*1,IF(C4<8,0,(C4<=14+7)*1)) -> 0 | J13: 0 | K13: 10 | L13: =IF(K13=$L$2,$H$1,"") | M13: =IF(AND(K13<=$M$2,(K13+44)>$M$2),$H$1,"") -> ⬛ | N13: =IF(MOD($D$2,5)=MOD(K13-ROW($A$1),5),$H$1,"") | O13: =IF(ISODD($A$2),$H$1,"") | P13: {=INDEX(Data!$I$3:$I$182,INT(MOD($G$3,180)/($A$40))*$A$40+A20)} -> 0.808 | R13: 1 | S13: 80 | T13: {=INDEX($AT$4:$AT$123,$F$3)} -> 40 | U13: 80 | AJ13: 85
A14: 4 | B14: {=IF(OR(A14,$K$2=2),CHOOSE($K$2,INDEX($C$11:$F$40,A14,$B$2),INDEX($L$4:$O$47,K14,$B$2)),"")} -> ⬛ | C14: =IF(A14=$C$2,$H$1,"") | D14: =IF(AND(A14<=$G$2,(A14+30)>$G$2),$H$1,"") | E14: =IF(MOD($D$2,5)=MOD(A14-ROW($A$1),5),$H$1,"") | F14: =IF(ISODD($A$2),$H$1,"") | G14: 1 | H14: {=INDEX($I$11:$J$16,A14,$H$10)} -> 8 | I14: =CHOOSE($K$2,IF(I12,C3-15,0),CHOOSE((C4>8)*1+1+(C4>37),0,IF(I12,C4-14-8,0),16)) -> 8 | J14: =CHOOSE($K$2,IF(C3>=J9,29-C3,15),CHOOSE((C4>8)*1+1+(C4>37),16,IF((C4-7)>=15,30-(C4-7),16),),16) -> 7 | K14: 11 | L14: =IF(K14=$L$2,$H$1,"") | M14: =IF(AND(K14<=$M$2,(K14+44)>$M$2),$H$1,"") -> ⬛ | N14: =IF(MOD($D$2,5)=MOD(K14-ROW($A$1),5),$H$1,"") | O14: =IF(ISEVEN($A$2),$H$1,"") -> ⬛ | P14: {=INDEX(Data!$I$3:$I$182,INT(MOD($G$3,180)/($A$40))*$A$40+A21)} -> 0.812 | R14: 1 | S14: 85 | T14: =SUM(OFFSET($AE$14,$F$3,0,6,1))-T13 -> 210 | U14: 85 | AJ14: 90
A15: 5 | B15: {=IF(OR(A15,$K$2=2),CHOOSE($K$2,INDEX($C$11:$F$40,A15,$B$2),INDEX($L$4:$O$47,K15,$B$2)),"")} | C15: =IF(A15=$C$2,$H$1,"") | D15: =IF(AND(A15<=$G$2,(A15+30)>$G$2),$H$1,"") | E15: =IF(MOD($D$2,5)=MOD(A15-ROW($A$1),5),$H$1,"") | F15: =IF(ISEVEN($A$2),$H$1,"") -> ⬛ | G15: 1 | H15: {=INDEX($I$11:$J$16,A15,$H$10)} -> 14 | I15: =CHOOSE($K$2,IF(OR(I13,C3=0),C3-1+(C3=0),14),IF(C4<8,0,IF(I13,C4-8,14))) -> 14 | J15: =CHOOSE($K$2,IF(C3<=13,J9-C3,0),IF(C4<8,14,IF((C4-7)<=13,J9-(C4-7),0))) -> 0 | K15: 12 | L15: =IF(K15=$L$2,$H$1,"") | M15: =IF(AND(K15<=$M$2,(K15+44)>$M$2),$H$1,"") -> ⬛ | N15: =IF(MOD($D$2,5)=MOD(K15-ROW($A$1),5),$H$1,"") | O15: =IF(ISODD($A$2),$H$1,"") | P15: {=INDEX(Data!$I$3:$I$182,INT(MOD($G$3,180)/($A$40))*$A$40+A22)} -> 0.805 | R15: 1 | S15: 90 | T15: {=INDEX($AS$4:$AS$123,$F$3)} -> 65 | U15: 90 | AJ15: 95
A16: 6 | B16: {=IF(OR(A16,$K$2=2),CHOOSE($K$2,INDEX($C$11:$F$40,A16,$B$2),INDEX($L$4:$O$47,K16,$B$2)),"")} -> ⬛ | C16: =IF(A16=$C$2,$H$1,"") | D16: =IF(AND(A16<=$G$2,(A16+30)>$G$2),$H$1,"") | E16: =IF(MOD($D$2,5)=MOD(A16-ROW($A$1),5),$H$1,"") | F16: =IF(ISODD($A$2),$H$1,"") | G16: 1 | H16: {=INDEX($I$11:$J$16,A16,$H$10)} -> 0 | I16: 0 | J16: =30-SUM(J11:J15) -> 23 | K16: 13 | L16: =IF(K16=$L$2,$H$1,"") | M16: =IF(AND(K16<=$M$2,(K16+44)>$M$2),$H$1,"") -> ⬛ | N16: =IF(MOD($D$2,5)=MOD(K16-ROW($A$1),5),$H$1,"") -> ⬛ | O16: =IF(ISEVEN($A$2),$H$1,"") -> ⬛ | P16: {=INDEX(Data!$I$3:$I$182,INT(MOD($G$3,180)/($A$40))*$A$40+A23)} -> 0.78 | S16: 95 | T16: =SUM(OFFSET($AD$13,$F$3,0,7,1))-T15 -> 0 | U16: 95 | AJ16: 110
A17: 7 | B17: {=IF(OR(A17,$K$2=2),CHOOSE($K$2,INDEX($C$11:$F$40,A17,$B$2),INDEX($L$4:$O$47,K17,$B$2)),"")} | C17: =IF(A17=$C$2,$H$1,"") | D17: =IF(AND(A17<=$G$2,(A17+30)>$G$2),$H$1,"") | E17: =IF(MOD($D$2,5)=MOD(A17-ROW($A$1),5),$H$1,"") | F17: =IF(ISEVEN($A$2),$H$1,"") -> ⬛ | G17: 1 | H17: Enter/Exit | K17: 14 | L17: =IF(K17=$L$2,$H$1,"") | M17: =IF(AND(K17<=$M$2,(K17+44)>$M$2),$H$1,"") -> ⬛ | N17: =IF(MOD($D$2,5)=MOD(K17-ROW($A$1),5),$H$1,"") | O17: =IF(ISODD($A$2),$H$1,"") | P17: {=INDEX(Data!$I$3:$I$182,INT(MOD($G$3,180)/($A$40))*$A$40+A24)} -> 0.752 | Q17: Backlog | S17: 110 | T17: {=INDEX($AR$4:$AR$123,$F$3)} -> 70 | U17: 110 | AJ17: 200
A18: 8 | B18: {=IF(OR(A18,$K$2=2),CHOOSE($K$2,INDEX($C$11:$F$40,A18,$B$2),INDEX($L$4:$O$47,K18,$B$2)),"")} -> ⬛ | C18: =IF(A18=$C$2,$H$1,"") | D18: =IF(AND(A18<=$G$2,(A18+30)>$G$2),$H$1,"") | E18: =IF(MOD($D$2,5)=MOD(A18-ROW($A$1),5),$H$1,"") -> ⬛ | F18: =IF(ISODD($A$2),$H$1,"") | G18: 1 | H18: back Top | I18: back Top | J18: back Top | K18: 15 | L18: =IF(K18=$L$2,$H$1,"") | M18: =IF(AND(K18<=$M$2,(K18+44)>$M$2),$H$1,"") -> ⬛ | N18: =IF(MOD($D$2,5)=MOD(K18-ROW($A$1),5),$H$1,"") | O18: =IF(ISEVEN($A$2),$H$1,"") -> ⬛ | P18: {=INDEX(Data!$I$3:$I$182,INT(MOD($G$3,180)/($A$40))*$A$40+A25)} -> 0.726 | Q18: Features | R18: Bugs | S18: 200 | T18: =SUM(OFFSET($AC$12,$F$3,0,8,1))-T17 -> 0 | U18: 200 | AJ18: 250
A19: 9 | B19: {=IF(OR(A19,$K$2=2),CHOOSE($K$2,INDEX($C$11:$F$40,A19,$B$2),INDEX($L$4:$O$47,K19,$B$2)),"")} | C19: =IF(A19=$C$2,$H$1,"") | D19: =IF(AND(A19<=$G$2,(A19+30)>$G$2),$H$1,"") | E19: =IF(MOD($D$2,5)=MOD(A19-ROW($A$1),5),$H$1,"") | F19: =IF(ISEVEN($A$2),$H$1,"") -> ⬛ | G19: 1 | H19: {=INDEX($I$19:$J$92,ROW(A1),$H$10)} -> 1 | I19: =IF(OR($C$4<34),1,0)*$K$3 -> 1 | J19: =IF(OR($C$4>=33,$C$4=0),0,1)*$K$3 -> 1 | K19: 16 | L19: =IF(K19=$L$2,$H$1,"") | M19: =IF(AND(K19<=$M$2,(K19+44)>$M$2),$H$1,"") -> ⬛ | N19: =IF(MOD($D$2,5)=MOD(K19-ROW($A$1),5),$H$1,"") | O19: =IF(ISODD($A$2),$H$1,"") | P19: {=INDEX(Data!$I$3:$I$182,INT(MOD($G$3,180)/($A$40))*$A$40+A26)} -> 0.704 | Q19: {=INDEX(Data!$J$3:$J$182,$G$3)} -> 0.343 | R19: {=INDEX(Data!$K$3:$K$182,$G$3)} -> 0.657 | S19: 250 | T19: {=INDEX($AQ$4:$AQ$123,$F$3)} -> 75 | U19: 250 | AJ19: 250 | AK19: 40
A20: 10 | B20: {=IF(OR(A20,$K$2=2),CHOOSE($K$2,INDEX($C$11:$F$40,A20,$B$2),INDEX($L$4:$O$47,K20,$B$2)),"")} -> ⬛ | C20: =IF(A20=$C$2,$H$1,"") | D20: =IF(AND(A20<=$G$2,(A20+30)>$G$2),$H$1,"") | E20: =IF(MOD($D$2,5)=MOD(A20-ROW($A$1),5),$H$1,"") | F20: =IF(ISODD($A$2),$H$1,"") | G20: 1 | H20: {=INDEX($I$19:$J$92,ROW(A2),$H$10)} -> 1 | I20: =IF(OR($C$4<34),1,0)*$K$3 -> 1 | J20: =IF(OR($C$4>=33,$C$4=0),0,1)*$K$3 -> 1 | K20: 17 | L20: =IF(K20=$L$2,$H$1,"") | M20: =IF(AND(K20<=$M$2,(K20+44)>$M$2),$H$1,"") -> ⬛ | N20: =IF(MOD($D$2,5)=MOD(K20-ROW($A$1),5),$H$1,"") | O20: =IF(ISEVEN($A$2),$H$1,"") -> ⬛ | P20: {=INDEX(Data!$I$3:$I$182,INT(MOD($G$3,180)/($A$40))*$A$40+A27)} -> 0.686 | S20: =SUM(S4:S19) -> 1670 | T20: =SUM(OFFSET($AB$11,$F$3,0,9,1))-T19 -> 0 | V20: 300 | AJ20: 250 | AK20: 45
A21: 11 | B21: {=IF(OR(A21,$K$2=2),CHOOSE($K$2,INDEX($C$11:$F$40,A21,$B$2),INDEX($L$4:$O$47,K21,$B$2)),"")} | C21: =IF(A21=$C$2,$H$1,"") | D21: =IF(AND(A21<=$G$2,(A21+30)>$G$2),$H$1,"") | E21: =IF(MOD($D$2,5)=MOD(A21-ROW($A$1),5),$H$1,"") | F21: =IF(ISEVEN($A$2),$H$1,"") -> ⬛ | G21: 1 | H21: {=INDEX($I$19:$J$92,ROW(A3),$H$10)} -> 1 | I21: =IF(OR($C$4<34),1,0)*$K$3 -> 1 | J21: =IF(OR($C$4>=33,$C$4=0),0,1)*$K$3 -> 1 | K21: 18 | L21: =IF(K21=$L$2,$H$1,"") | M21: =IF(AND(K21<=$M$2,(K21+44)>$M$2),$H$1,"") -> ⬛ | N21: =IF(MOD($D$2,5)=MOD(K21-ROW($A$1),5),$H$1,"") -> ⬛ | O21: =IF(ISODD($A$2),$H$1,"") | P21: {=INDEX(Data!$I$3:$I$182,INT(MOD($G$3,180)/($A$40))*$A$40+A28)} -> 0.668 | T21: {=INDEX($AP$4:$AP$123,$F$3)} -> 80 | V21: 40 | AJ21: 250 | AK21: 50
A22: 12 | B22: {=IF(OR(A22,$K$2=2),CHOOSE($K$2,INDEX($C$11:$F$40,A22,$B$2),INDEX($L$4:$O$47,K22,$B$2)),"")} -> ⬛ | C22: =IF(A22=$C$2,$H$1,"") -> ⬛ | D22: =IF(AND(A22<=$G$2,(A22+30)>$G$2),$H$1,"") | E22: =IF(MOD($D$2,5)=MOD(A22-ROW($A$1),5),$H$1,"") | F22: =IF(ISODD($A$2),$H$1,"") | G22: 1 | H22: {=INDEX($I$19:$J$92,ROW(A4),$H$10)} -> 1 | I22: =IF(OR($C$4<34),1,0)*$K$3 -> 1 | J22: =IF(OR($C$4>=33,$C$4=0),0,1)*$K$3 -> 1 | K22: 19 | L22: =IF(K22=$L$2,$H$1,"") | M22: =IF(AND(K22<=$M$2,(K22+44)>$M$2),$H$1,"") -> ⬛ | N22: =IF(MOD($D$2,5)=MOD(K22-ROW($A$1),5),$H$1,"") | O22: =IF(ISEVEN($A$2),$H$1,"") -> ⬛ | P22: {=INDEX(Data!$I$3:$I$182,INT(MOD($G$3,180)/($A$40))*$A$40+A29)} -> 0.654 | T22: =SUM(OFFSET($AA$10,$F$3,0,10,1))-T21 -> 0 | V22: 45 | AJ22: 250 | AK22: 55
A23: 13 | B23: {=IF(OR(A23,$K$2=2),CHOOSE($K$2,INDEX($C$11:$F$40,A23,$B$2),INDEX($L$4:$O$47,K23,$B$2)),"")} | C23: =IF(A23=$C$2,$H$1,"") | D23: =IF(AND(A23<=$G$2,(A23+30)>$G$2),$H$1,"") -> ⬛ | E23: =IF(MOD($D$2,5)=MOD(A23-ROW($A$1),5),$H$1,"") -> ⬛ | F23: =IF(ISEVEN($A$2),$H$1,"") -> ⬛ | G23: 1 | H23: {=INDEX($I$19:$J$92,ROW(A5),$H$10)} -> 1 | I23: =IF(OR($C$4<34),1,0)*$K$3 -> 1 | J23: =IF(OR($C$4>=33,$C$4=0),0,1)*$K$3 -> 1 | K23: 20 | L23: =IF(K23=$L$2,$H$1,"") | M23: =IF(AND(K23<=$M$2,(K23+44)>$M$2),$H$1,"") -> ⬛ | N23: =IF(MOD($D$2,5)=MOD(K23-ROW($A$1),5),$H$1,"") | O23: =IF(ISODD($A$2),$H$1,"") | P23: {=INDEX(Data!$I$3:$I$182,INT(MOD($G$3,180)/($A$40))*$A$40+A30)} -> 0.645 | T23: {=INDEX($AO$4:$AO$123,$F$3)} -> 85 | V23: 50 | AJ23: 250 | AK23: 60
A24: 14 | B24: {=IF(OR(A24,$K$2=2),CHOOSE($K$2,INDEX($C$11:$F$40,A24,$B$2),INDEX($L$4:$O$47,K24,$B$2)),"")} -> ⬛ | C24: =IF(A24=$C$2,$H$1,"") | D24: =IF(AND(A24<=$G$2,(A24+30)>$G$2),$H$1,"") -> ⬛ | E24: =IF(MOD($D$2,5)=MOD(A24-ROW($A$1),5),$H$1,"") | F24: =IF(ISODD($A$2),$H$1,"") | G24: 1 | H24: {=INDEX($I$19:$J$92,ROW(A6),$H$10)} -> 1 | I24: =IF(OR($C$4<34),1,0)*$K$3 -> 1 | J24: =IF(OR($C$4>=33,$C$4=0),0,1)*$K$3 -> 1 | K24: 21 | L24: =IF(K24=$L$2,$H$1,"") | M24: =IF(AND(K24<=$M$2,(K24+44)>$M$2),$H$1,"") -> ⬛ | N24: =IF(MOD($D$2,5)=MOD(K24-ROW($A$1),5),$H$1,"") | O24: =IF(ISEVEN($A$2),$H$1,"") -> ⬛ | P24: {=INDEX(Data!$I$3:$I$182,INT(MOD($G$3,180)/($A$40))*$A$40+A31)} -> 0.633 | T24: =SUM(OFFSET($Z$9,$F$3,0,11,1))-T23 -> 0 | V24: 55 | AJ24: 250 | AK24: 65
A25: 15 | B25: {=IF(OR(A25,$K$2=2),CHOOSE($K$2,INDEX($C$11:$F$40,A25,$B$2),INDEX($L$4:$O$47,K25,$B$2)),"")} | C25: =IF(A25=$C$2,$H$1,"") | D25: =IF(AND(A25<=$G$2,(A25+30)>$G$2),$H$1,"") -> ⬛ | E25: =IF(MOD($D$2,5)=MOD(A25-ROW($A$1),5),$H$1,"") | F25: =IF(ISEVEN($A$2),$H$1,"") -> ⬛ | G25: 1 | H25: {=INDEX($I$19:$J$92,ROW(A7),$H$10)} -> 1 | I25: =IF(OR($C$4<34),1,0)*$K$3 -> 1 | J25: =IF(OR($C$4>=33,$C$4=0),0,1)*$K$3 -> 1 | K25: 22 | L25: =IF(K25=$L$2,$H$1,"") | M25: =IF(AND(K25<=$M$2,(K25+44)>$M$2),$H$1,"") -> ⬛ | N25: =IF(MOD($D$2,5)=MOD(K25-ROW($A$1),5),$H$1,"") | O25: =IF(ISODD($A$2),$H$1,"") | P25: {=INDEX(Data!$I$3:$I$182,INT(MOD($G$3,180)/($A$40))*$A$40+A32)} -> 0.598 | T25: {=INDEX($AN$4:$AN$123,$F$3)} -> 90 | V25: 60 | AJ25: 250 | AK25: 70
A26: 16 | B26: {=IF(OR(A26,$K$2=2),CHOOSE($K$2,INDEX($C$11:$F$40,A26,$B$2),INDEX($L$4:$O$47,K26,$B$2)),"")} -> ⬛ | C26: =IF(A26=$C$2,$H$1,"") | D26: =IF(AND(A26<=$G$2,(A26+30)>$G$2),$H$1,"") -> ⬛ | E26: =IF(MOD($D$2,5)=MOD(A26-ROW($A$1),5),$H$1,"") | F26: =IF(ISODD($A$2),$H$1,"") | G26: 1 | H26: {=INDEX($I$19:$J$92,ROW(A8),$H$10)} -> 0 | I26: =IF($C$4>=34,1,0)*$K$3 -> 0 | J26: =IF($C$4>=33,1,0)*$K$3 -> 0 | K26: 23 | L26: =IF(K26=$L$2,$H$1,"") | M26: =IF(AND(K26<=$M$2,(K26+44)>$M$2),$H$1,"") -> ⬛ | N26: =IF(MOD($D$2,5)=MOD(K26-ROW($A$1),5),$H$1,"") -> ⬛ | O26: =IF(ISEVEN($A$2),$H$1,"") -> ⬛ | P26: {=INDEX(Data!$I$3:$I$182,INT(MOD($G$3,180)/($A$40))*$A$40+A33)} -> 0.547 | T26: =SUM(OFFSET($Y$8,$F$3,0,12,1))-T25 -> 0 | V26: 65 | AJ26: 250 | AK26: 75
A27: 17 | B27: {=IF(OR(A27,$K$2=2),CHOOSE($K$2,INDEX($C$11:$F$40,A27,$B$2),INDEX($L$4:$O$47,K27,$B$2)),"")} | C27: =IF(A27=$C$2,$H$1,"") | D27: =IF(AND(A27<=$G$2,(A27+30)>$G$2),$H$1,"") -> ⬛ | E27: =IF(MOD($D$2,5)=MOD(A27-ROW($A$1),5),$H$1,"") | F27: =IF(ISEVEN($A$2),$H$1,"") -> ⬛ | G27: 1 | H27: {=INDEX($I$19:$J$92,ROW(A9),$H$10)} -> 0 | I27: =IF($C$4>=34,1,0)*$K$3 -> 0 | J27: =IF($C$4>=33,1,0)*$K$3 -> 0 | K27: 24 | L27: =IF(K27=$L$2,$H$1,"") | M27: =IF(AND(K27<=$M$2,(K27+44)>$M$2),$H$1,"") -> ⬛ | N27: =IF(MOD($D$2,5)=MOD(K27-ROW($A$1),5),$H$1,"") | O27: =IF(ISODD($A$2),$H$1,"") | P27: {=INDEX(Data!$I$3:$I$182,INT(MOD($G$3,180)/($A$40))*$A$40+A34)} -> 0.48 | T27: {=INDEX($AM$4:$AM$123,$F$3)} -> 95 | V27: 70 | AJ27: 250 | AK27: 80
A28: 18 | B28: {=IF(OR(A28,$K$2=2),CHOOSE($K$2,INDEX($C$11:$F$40,A28,$B$2),INDEX($L$4:$O$47,K28,$B$2)),"")} -> ⬛ | C28: =IF(A28=$C$2,$H$1,"") | D28: =IF(AND(A28<=$G$2,(A28+30)>$G$2),$H$1,"") -> ⬛ | E28: =IF(MOD($D$2,5)=MOD(A28-ROW($A$1),5),$H$1,"") -> ⬛ | F28: =IF(ISODD($A$2),$H$1,"") | G28: 1 | H28: {=INDEX($I$19:$J$92,ROW(A10),$H$10)} -> 0 | I28: =IF($C$4>=34,1,0)*$K$3 -> 0 | J28: =IF($C$4>=33,1,0)*$K$3 -> 0 | K28: 25 | L28: =IF(K28=$L$2,$H$1,"") | M28: =IF(AND(K28<=$M$2,(K28+44)>$M$2),$H$1,"") -> ⬛ | N28: =IF(MOD($D$2,5)=MOD(K28-ROW($A$1),5),$H$1,"") | O28: =IF(ISEVEN($A$2),$H$1,"") -> ⬛ | P28: {=INDEX(Data!$I$3:$I$182,INT(MOD($G$3,180)/($A$40))*$A$40+A35)} -> 0.412 | T28: =SUM(OFFSET($X$7,$F$3,0,13,1))-T27 -> 0 | V28: 75 | AJ28: 250 | AK28: 85
A29: 19 | B29: {=IF(OR(A29,$K$2=2),CHOOSE($K$2,INDEX($C$11:$F$40,A29,$B$2),INDEX($L$4:$O$47,K29,$B$2)),"")} | C29: =IF(A29=$C$2,$H$1,"") | D29: =IF(AND(A29<=$G$2,(A29+30)>$G$2),$H$1,"") -> ⬛ | E29: =IF(MOD($D$2,5)=MOD(A29-ROW($A$1),5),$H$1,"") | F29: =IF(ISEVEN($A$2),$H$1,"") -> ⬛ | G29: 1 | H29: {=INDEX($I$19:$J$92,ROW(A11),$H$10)} -> 0 | I29: =IF($C$4>=34,1,0)*$K$3 -> 0 | J29: =IF($C$4>=33,1,0)*$K$3 -> 0 | K29: 26 | L29: =IF(K29=$L$2,$H$1,"") | M29: =IF(AND(K29<=$M$2,(K29+44)>$M$2),$H$1,"") -> ⬛ | N29: =IF(MOD($D$2,5)=MOD(K29-ROW($A$1),5),$H$1,"") | O29: =IF(ISODD($A$2),$H$1,"") | P29: {=INDEX(Data!$I$3:$I$182,INT(MOD($G$3,180)/($A$40))*$A$40+A36)} -> 0.35 | Q29: =CHOOSE(MATCH($S$29,{0;4;10;18;26},0),27%,41%,55%,60%,100%) -> 0.27 | R29: Ideas | S29: {=INDEX(Data!$L$3:$L$182,$G$3)} -> 0 | T29: {=INDEX($AL$4:$AL$123,$F$3)} -> 110 | V29: 80 | AJ29: 250 | AK29: 90
A30: 20 | B30: {=IF(OR(A30,$K$2=2),CHOOSE($K$2,INDEX($C$11:$F$40,A30,$B$2),INDEX($L$4:$O$47,K30,$B$2)),"")} -> ⬛ | C30: =IF(A30=$C$2,$H$1,"") | D30: =IF(AND(A30<=$G$2,(A30+30)>$G$2),$H$1,"") -> ⬛ | E30: =IF(MOD($D$2,5)=MOD(A30-ROW($A$1),5),$H$1,"") | F30: =IF(ISODD($A$2),$H$1,"") | G30: 1 | H30: {=INDEX($I$19:$J$92,ROW(A12),$H$10)} -> 0 | I30: =IF($C$4>=34,1,0)*$K$3 -> 0 | J30: =IF($C$4>=33,1,0)*$K$3 -> 0 | K30: 27 | L30: =IF(K30=$L$2,$H$1,"") | M30: =IF(AND(K30<=$M$2,(K30+44)>$M$2),$H$1,"") -> ⬛ | N30: =IF(MOD($D$2,5)=MOD(K30-ROW($A$1),5),$H$1,"") | O30: =IF(ISEVEN($A$2),$H$1,"") -> ⬛ | P30: {=INDEX(Data!$I$3:$I$182,INT(MOD($G$3,180)/($A$40))*$A$40+A37)} -> 0.294 | Q30: =CHOOSE(MATCH($S$29,{0;4;10;18;26},0),24%,25%,27%,40%,0%) -> 0.24 | R30: AI Analysis | S30: =IF(S29<>0,10,0) -> 0 | T30: =SUM(OFFSET($W$6,$F$3,0,14,1))-T29 -> 0 | V30: 85 | AJ30: 250 | AK30: 95
A31: 21 | B31: {=IF(OR(A31,$K$2=2),CHOOSE($K$2,INDEX($C$11:$F$40,A31,$B$2),INDEX($L$4:$O$47,K31,$B$2)),"")} | C31: =IF(A31=$C$2,$H$1,"") | D31: =IF(AND(A31<=$G$2,(A31+30)>$G$2),$H$1,"") -> ⬛ | E31: =IF(MOD($D$2,5)=MOD(A31-ROW($A$1),5),$H$1,"") | F31: =IF(ISEVEN($A$2),$H$1,"") -> ⬛ | G31: 1 | H31: {=INDEX($I$19:$J$92,ROW(A13),$H$10)} -> 0 | I31: =IF($C$4>=34,1,0)*$K$3 -> 0 | J31: =IF($C$4>=33,1,0)*$K$3 -> 0 | K31: 28 | L31: =IF(K31=$L$2,$H$1,"") | M31: =IF(AND(K31<=$M$2,(K31+44)>$M$2),$H$1,"") -> ⬛ | N31: =IF(MOD($D$2,5)=MOD(K31-ROW($A$1),5),$H$1,"") -> ⬛ | O31: =IF(ISODD($A$2),$H$1,"") | P31: {=INDEX(Data!$I$3:$I$182,INT(MOD($G$3,180)/($A$40))*$A$40+A38)} -> 0.249 | Q31: =CHOOSE(MATCH($S$29,{0;4;10;18;26},0),20%,19%,18%,0%,0%) -> 0.2 | R31: All Ready | T31: {=INDEX($AK$4:$AK$123,$F$3)} -> 200 | V31: 90 | AJ31: 250 | AK31: 110
A32: 22 | B32: {=IF(OR(A32,$K$2=2),CHOOSE($K$2,INDEX($C$11:$F$40,A32,$B$2),INDEX($L$4:$O$47,K32,$B$2)),"")} -> ⬛ | C32: =IF(A32=$C$2,$H$1,"") | D32: =IF(AND(A32<=$G$2,(A32+30)>$G$2),$H$1,"") -> ⬛ | E32: =IF(MOD($D$2,5)=MOD(A32-ROW($A$1),5),$H$1,"") | F32: =IF(ISODD($A$2),$H$1,"") | G32: 1 | H32: {=INDEX($I$19:$J$92,ROW(A14),$H$10)} -> 0 | I32: =IF($C$4>=34,1,0)*$K$3 -> 0 | J32: =IF($C$4>=33,1,0)*$K$3 -> 0 | K32: 29 | L32: =IF(K32=$L$2,$H$1,"") | M32: =IF(AND(K32<=$M$2,(K32+44)>$M$2),$H$1,"") -> ⬛ | N32: =IF(MOD($D$2,5)=MOD(K32-ROW($A$1),5),$H$1,"") | O32: =IF(ISEVEN($A$2),$H$1,"") -> ⬛ | P32: {=INDEX(Data!$I$3:$I$182,INT(MOD($G$3,180)/($A$40))*$A$40+A39)} -> 0.219 | Q32: =CHOOSE(MATCH($S$29,{0;4;10;18;26},0),17%,15%,0%,0%,0%) -> 0.17 | R32: Process | T32: =SUM(OFFSET($V$5,$F$3,0,15,1))-T31 -> 0 | V32: 95 | AJ32: 250 | AK32: 200
A33: 23 | B33: {=IF(OR(A33,$K$2=2),CHOOSE($K$2,INDEX($C$11:$F$40,A33,$B$2),INDEX($L$4:$O$47,K33,$B$2)),"")} | C33: =IF(A33=$C$2,$H$1,"") | D33: =IF(AND(A33<=$G$2,(A33+30)>$G$2),$H$1,"") -> ⬛ | E33: =IF(MOD($D$2,5)=MOD(A33-ROW($A$1),5),$H$1,"") -> ⬛ | F33: =IF(ISEVEN($A$2),$H$1,"") -> ⬛ | G33: 1 | H33: {=INDEX($I$19:$J$92,ROW(A15),$H$10)} -> folow | I33: folow | J33: folow | K33: 30 | L33: =IF(K33=$L$2,$H$1,"") -> ⬛ | M33: =IF(AND(K33<=$M$2,(K33+44)>$M$2),$H$1,"") -> ⬛ | N33: =IF(MOD($D$2,5)=MOD(K33-ROW($A$1),5),$H$1,"") | O33: =IF(ISODD($A$2),$H$1,"") | P33: {=INDEX(Data!$I$3:$I$182,INT(MOD($G$3,180)/($A$40))*$A$40+A40)} -> 0.2 | Q33: =CHOOSE(MATCH($S$29,{0;4;10;18;26},0),12%,0%,0%,0%,0%) -> 0.12 | R33: Done | T33: {=INDEX($AJ$4:$AJ$123,$F$3)} -> 250 | V33: 110 | AJ33: 250 | AK33: 200 | AL33: 40
A34: 24 | B34: {=IF(OR(A34,$K$2=2),CHOOSE($K$2,INDEX($C$11:$F$40,A34,$B$2),INDEX($L$4:$O$47,K34,$B$2)),"")} -> ⬛ | C34: =IF(A34=$C$2,$H$1,"") | D34: =IF(AND(A34<=$G$2,(A34+30)>$G$2),$H$1,"") -> ⬛ | E34: =IF(MOD($D$2,5)=MOD(A34-ROW($A$1),5),$H$1,"") | F34: =IF(ISODD($A$2),$H$1,"") | G34: 1 | H34: {=INDEX($I$19:$J$92,ROW(A16),$H$10)} -> 1 | I34: =AND($C$4>A11,$C$4<34)*1*$K$3 -> 1 | J34: =(NOT(AND($C$4>=A11))*1-($C$4=0))*$K$3 -> 0 | K34: 31 | L34: =IF(K34=$L$2,$H$1,"") | M34: =IF(AND(K34<=$M$2,(K34+44)>$M$2),$H$1,"") | N34: =IF(MOD($D$2,5)=MOD(K34-ROW($A$1),5),$H$1,"") | O34: =IF(ISEVEN($A$2),$H$1,"") -> ⬛ | T34: =SUM(OFFSET($U$4,$F$3,0,15,1))-T33 -> 0 | U34: 250 | V34: 200 | AJ34: 250 | AK34: 200 | AL34: 45
A35: 25 | B35: {=IF(OR(A35,$K$2=2),CHOOSE($K$2,INDEX($C$11:$F$40,A35,$B$2),INDEX($L$4:$O$47,K35,$B$2)),"")} | C35: =IF(A35=$C$2,$H$1,"") | D35: =IF(AND(A35<=$G$2,(A35+30)>$G$2),$H$1,"") -> ⬛ | E35: =IF(MOD($D$2,5)=MOD(A35-ROW($A$1),5),$H$1,"") | F35: =IF(ISEVEN($A$2),$H$1,"") -> ⬛ | G35: 1 | H35: {=INDEX($I$19:$J$92,ROW(A17),$H$10)} -> 1 | I35: =AND($C$4>A12,$C$4<34)*1*$K$3 -> 1 | J35: =(NOT(AND($C$4>=A12))*1-($C$4=0))*$K$3 -> 0 | K35: 32 | L35: =IF(K35=$L$2,$H$1,"") | M35: =IF(AND(K35<=$M$2,(K35+44)>$M$2),$H$1,"") | N35: =IF(MOD($D$2,5)=MOD(K35-ROW($A$1),5),$H$1,"") | O35: =IF(ISODD($A$2),$H$1,"") | T35: =SUM(T4:T34) -> 1670 | W35: 300 | AJ35: 250 | AK35: 200 | AL35: 50
A36: 26 | B36: {=IF(OR(A36,$K$2=2),CHOOSE($K$2,INDEX($C$11:$F$40,A36,$B$2),INDEX($L$4:$O$47,K36,$B$2)),"")} -> ⬛ | C36: =IF(A36=$C$2,$H$1,"") | D36: =IF(AND(A36<=$G$2,(A36+30)>$G$2),$H$1,"") -> ⬛ | E36: =IF(MOD($D$2,5)=MOD(A36-ROW($A$1),5),$H$1,"") | F36: =IF(ISODD($A$2),$H$1,"") | G36: 1 | H36: {=INDEX($I$19:$J$92,ROW(A18),$H$10)} -> 1 | I36: =AND($C$4>A13,$C$4<34)*1*$K$3 -> 1 | J36: =(NOT(AND($C$4>=A13))*1-($C$4=0))*$K$3 -> 0 | K36: 33 | L36: =IF(K36=$L$2,$H$1,"") | M36: =IF(AND(K36<=$M$2,(K36+44)>$M$2),$H$1,"") | N36: =IF(MOD($D$2,5)=MOD(K36-ROW($A$1),5),$H$1,"") -> ⬛ | O36: =IF(ISEVEN($A$2),$H$1,"") -> ⬛ | T36: {=SUMPRODUCT((MOD(ROW(T4:T34),2)=1)*(T4:T34))/(T35-S4)} -> 0.84671533 | W36: 40 | AJ36: 250 | AK36: 200 | AL36: 55
A37: 27 | B37: {=IF(OR(A37,$K$2=2),CHOOSE($K$2,INDEX($C$11:$F$40,A37,$B$2),INDEX($L$4:$O$47,K37,$B$2)),"")} | C37: =IF(A37=$C$2,$H$1,"") | D37: =IF(AND(A37<=$G$2,(A37+30)>$G$2),$H$1,"") -> ⬛ | E37: =IF(MOD($D$2,5)=MOD(A37-ROW($A$1),5),$H$1,"") | F37: =IF(ISEVEN($A$2),$H$1,"") -> ⬛ | G37: 1 | H37: {=INDEX($I$19:$J$92,ROW(A19),$H$10)} -> 1 | I37: =AND($C$4>A14,$C$4<34)*1*$K$3 -> 1 | J37: =(NOT(AND($C$4>=A14))*1-($C$4=0))*$K$3 -> 0 | K37: 34 | L37: =IF(K37=$L$2,$H$1,"") | M37: =IF(AND(K37<=$M$2,(K37+44)>$M$2),$H$1,"") | N37: =IF(MOD($D$2,5)=MOD(K37-ROW($A$1),5),$H$1,"") | O37: =IF(ISODD($A$2),$H$1,"") | P37: Team Capacity Usage | S37: indent | W37: 45 | AJ37: 250 | AK37: 200 | AL37: 60
A38: 28 | B38: {=IF(OR(A38,$K$2=2),CHOOSE($K$2,INDEX($C$11:$F$40,A38,$B$2),INDEX($L$4:$O$47,K38,$B$2)),"")} -> ⬛ | C38: =IF(A38=$C$2,$H$1,"") | D38: =IF(AND(A38<=$G$2,(A38+30)>$G$2),$H$1,"") -> ⬛ | E38: =IF(MOD($D$2,5)=MOD(A38-ROW($A$1),5),$H$1,"") -> ⬛ | F38: =IF(ISODD($A$2),$H$1,"") | G38: 1 | H38: {=INDEX($I$19:$J$92,ROW(A20),$H$10)} -> 1 | I38: =AND($C$4>A15,$C$4<34)*1*$K$3 -> 1 | J38: =(NOT(AND($C$4>=A15))*1-($C$4=0))*$K$3 -> 0 | K38: 35 | L38: =IF(K38=$L$2,$H$1,"") | M38: =IF(AND(K38<=$M$2,(K38+44)>$M$2),$H$1,"") | N38: =IF(MOD($D$2,5)=MOD(K38-ROW($A$1),5),$H$1,"") | O38: =IF(ISEVEN($A$2),$H$1,"") -> ⬛ | P38: Workload | Q38: {=INDEX(Data!$G$3:$G$182,$G$3)} -> 0.651 | R38: =1-Q38 -> 0.349 | S38: 0.2 | W38: 50 | AJ38: 250 | AK38: 200 | AL38: 65
A39: 29 | B39: {=IF(OR(A39,$K$2=2),CHOOSE($K$2,INDEX($C$11:$F$40,A39,$B$2),INDEX($L$4:$O$47,K39,$B$2)),"")} | C39: =IF(A39=$C$2,$H$1,"") | D39: =IF(AND(A39<=$G$2,(A39+30)>$G$2),$H$1,"") -> ⬛ | E39: =IF(MOD($D$2,5)=MOD(A39-ROW($A$1),5),$H$1,"") | F39: =IF(ISEVEN($A$2),$H$1,"") -> ⬛ | G39: 1 | H39: {=INDEX($I$19:$J$92,ROW(A21),$H$10)} -> 1 | I39: =AND($C$4>A16,$C$4<34)*1*$K$3 -> 1 | J39: =(NOT(AND($C$4>=A16))*1-($C$4=0))*$K$3 -> 0 | K39: 36 | L39: =IF(K39=$L$2,$H$1,"") | M39: =IF(AND(K39<=$M$2,(K39+44)>$M$2),$H$1,"") | N39: =IF(MOD($D$2,5)=MOD(K39-ROW($A$1),5),$H$1,"") | O39: =IF(ISODD($A$2),$H$1,"") | P39: Engagement | Q39: {=INDEX(Data!$H$3:$H$182,$G$3)} -> 0.667 | R39: =1-Q39 -> 0.333 | S39: 0.2 | W39: 55 | AJ39: 250 | AK39: 200 | AL39: 70
A40: 30 | B40: {=IF(OR(A40,$K$2=2),CHOOSE($K$2,INDEX($C$11:$F$40,A40,$B$2),INDEX($L$4:$O$47,K40,$B$2)),"")} -> ⬛ | C40: =IF(A40=$C$2,$H$1,"") | D40: =IF(AND(A40<=$G$2,(A40+30)>$G$2),$H$1,"") -> ⬛ | E40: =IF(MOD($D$2,5)=MOD(A40-ROW($A$1),5),$H$1,"") | F40: =IF(ISODD($A$2),$H$1,"") | G40: 1 | H40: {=INDEX($I$19:$J$92,ROW(A22),$H$10)} -> 1 | I40: =AND($C$4>A17,$C$4<34)*1*$K$3 -> 1 | J40: =(NOT(AND($C$4>=A17))*1-($C$4=0))*$K$3 -> 0 | K40: 37 | L40: =IF(K40=$L$2,$H$1,"") | M40: =IF(AND(K40<=$M$2,(K40+44)>$M$2),$H$1,"") | N40: =IF(MOD($D$2,5)=MOD(K40-ROW($A$1),5),$H$1,"") | O40: =IF(ISEVEN($A$2),$H$1,"") -> ⬛ | W40: 60 | AJ40: 250 | AK40: 200 | AL40: 75
B41: {=IF(OR(A41,$K$2=2),CHOOSE($K$2,INDEX($C$11:$F$40,A41,$B$2),INDEX($L$4:$O$47,K41,$B$2)),"")} | H41: {=INDEX($I$19:$J$92,ROW(A23),$H$10)} -> 0 | I41: =($C$4>A48)*1*$K$3 -> 0 | J41: =(AND($C$4>=33,$C$4<A48)*1+($C$4=0))*$K$3 -> 0 | K41: 38 | L41: =IF(K41=$L$2,$H$1,"") | M41: =IF(AND(K41<=$M$2,(K41+44)>$M$2),$H$1,"") | N41: =IF(MOD($D$2,5)=MOD(K41-ROW($A$1),5),$H$1,"") -> ⬛ | O41: =IF(ISODD($A$2),$H$1,"") | Q41: Risk of Overload | R41: Task Balance | W41: 65 | AJ41: 250 | AK41: 200 | AL41: 80
B42: {=IF(OR(A42,$K$2=2),CHOOSE($K$2,INDEX($C$11:$F$40,A42,$B$2),INDEX($L$4:$O$47,K42,$B$2)),"")} -> ⬛ | H42: {=INDEX($I$19:$J$92,ROW(A24),$H$10)} -> 0 | I42: =($C$4>A49)*1*$K$3 -> 0 | J42: =(AND($C$4>=33,$C$4<A49)*1+($C$4=0))*$K$3 -> 0 | K42: 39 | L42: =IF(K42=$L$2,$H$1,"") | M42: =IF(AND(K42<=$M$2,(K42+44)>$M$2),$H$1,"") | N42: =IF(MOD($D$2,5)=MOD(K42-ROW($A$1),5),$H$1,"") | O42: =IF(ISEVEN($A$2),$H$1,"") -> ⬛ | Q42: {=INDEX(Data!$F$3:$F$182,$G$3)} -> 0.51 | R42: {=INDEX(Data!$E$3:$E$182,$G$3)} -> 0.66 | W42: 70 | AJ42: 250 | AK42: 200 | AL42: 85
B43: {=IF(OR(A43,$K$2=2),CHOOSE($K$2,INDEX($C$11:$F$40,A43,$B$2),INDEX($L$4:$O$47,K43,$B$2)),"")} | H43: {=INDEX($I$19:$J$92,ROW(A25),$H$10)} -> 0 | I43: =($C$4>A50)*1*$K$3 -> 0 | J43: =(AND($C$4>=33,$C$4<A50)*1+($C$4=0))*$K$3 -> 0 | K43: 40 | L43: =IF(K43=$L$2,$H$1,"") | M43: =IF(AND(K43<=$M$2,(K43+44)>$M$2),$H$1,"") | N43: =IF(MOD($D$2,5)=MOD(K43-ROW($A$1),5),$H$1,"") | O43: =IF(ISODD($A$2),$H$1,"") | Q43: =1-Q42 -> 0.49 | R43: =1-R42 -> 0.34 | W43: 75 | AJ43: 250 | AK43: 200 | AL43: 90
B44: {=IF(OR(A44,$K$2=2),CHOOSE($K$2,INDEX($C$11:$F$40,A44,$B$2),INDEX($L$4:$O$47,K44,$B$2)),"")} -> ⬛ | H44: {=INDEX($I$19:$J$92,ROW(A26),$H$10)} -> 0 | I44: =($C$4>A51)*1*$K$3 -> 0 | J44: =(AND($C$4>=33,$C$4<A51)*1+($C$4=0))*$K$3 -> 0 | K44: 41 | L44: =IF(K44=$L$2,$H$1,"") | M44: =IF(AND(K44<=$M$2,(K44+44)>$M$2),$H$1,"") | N44: =IF(MOD($D$2,5)=MOD(K44-ROW($A$1),5),$H$1,"") | O44: =IF(ISEVEN($A$2),$H$1,"") -> ⬛ | W44: 80 | AJ44: 250 | AK44: 200 | AL44: 95
B45: {=IF(OR(A45,$K$2=2),CHOOSE($K$2,INDEX($C$11:$F$40,A45,$B$2),INDEX($L$4:$O$47,K45,$B$2)),"")} | H45: {=INDEX($I$19:$J$92,ROW(A27),$H$10)} -> 0 | I45: =($C$4>A52)*1*$K$3 -> 0 | J45: =(AND($C$4>=33,$C$4<A52)*1+($C$4=0))*$K$3 -> 0 | K45: 42 | L45: =IF(K45=$L$2,$H$1,"") | M45: =IF(AND(K45<=$M$2,(K45+44)>$M$2),$H$1,"") | N45: =IF(MOD($D$2,5)=MOD(K45-ROW($A$1),5),$H$1,"") | O45: =IF(ISODD($A$2),$H$1,"") | W45: 85 | AJ45: 250 | AK45: 200 | AL45: 110
B46: {=IF(OR(A46,$K$2=2),CHOOSE($K$2,INDEX($C$11:$F$40,A46,$B$2),INDEX($L$4:$O$47,K46,$B$2)),"")} -> ⬛ | H46: {=INDEX($I$19:$J$92,ROW(A28),$H$10)} -> 0 | I46: =($C$4>A53)*1*$K$3 -> 0 | J46: =(AND($C$4>=33,$C$4<A53)*1+($C$4=0))*$K$3 -> 0 | K46: 43 | L46: =IF(K46=$L$2,$H$1,"") | M46: =IF(AND(K46<=$M$2,(K46+44)>$M$2),$H$1,"") | N46: =IF(MOD($D$2,5)=MOD(K46-ROW($A$1),5),$H$1,"") -> ⬛ | O46: =IF(ISEVEN($A$2),$H$1,"") -> ⬛ | W46: 90 | AJ46: 250 | AK46: 200 | AL46: 110 | AM46: 40
B47: {=IF(OR(A47,$K$2=2),CHOOSE($K$2,INDEX($C$11:$F$40,A47,$B$2),INDEX($L$4:$O$47,K47,$B$2)),"")} | H47: {=INDEX($I$19:$J$92,ROW(A29),$H$10)} -> 0 | I47: =($C$4>A54)*1*$K$3 -> 0 | J47: =(AND($C$4>=33,$C$4<A54)*1+($C$4=0))*$K$3 -> 0 | K47: 44 | L47: =IF(K47=$L$2,$H$1,"") | M47: =IF(AND(K47<=$M$2,(K47+44)>$M$2),$H$1,"") | N47: =IF(MOD($D$2,5)=MOD(K47-ROW($A$1),5),$H$1,"") | O47: =IF(ISODD($A$2),$H$1,"") | W47: 95 | AJ47: 250 | AK47: 200 | AL47: 110 | AM47: 45
A48: 38 | H48: {=INDEX($I$19:$J$92,ROW(A30),$H$10)} -> Cursor | I48: Cursor | J48: Cursor | W48: 110 | AJ48: 250 | AK48: 200 | AL48: 110 | AM48: 50
A49: 39 | H49: {=INDEX($I$19:$J$92,ROW(A31),$H$10)} -> 0 | I49: =($C$4=A11)*1*$K$3 -> 0 | J49: 0 | R49: Costs Level | S49: {=MAX(IFERROR(S51:S410,0))/100} -> 0.86 | U49: 250 | V49: 200 | X49: 300 | AJ49: 250 | AK49: 200 | AL49: 110 | AM49: 55
A50: 40 | H50: {=INDEX($I$19:$J$92,ROW(A32),$H$10)} -> 0 | I50: =($C$4=A12)*1*$K$3 -> 0 | J50: 0 | R50: Month | S50: Current | X50: 40 | AJ50: 250 | AK50: 200 | AL50: 110 | AM50: 60
A51: 41 | H51: {=INDEX($I$19:$J$92,ROW(A33),$H$10)} -> 0 | I51: =($C$4=A13)*1*$K$3 -> 0 | J51: 0 | M51: January | N51: =1-(P51/100) -> 0.01 | O51: 1 | P51: {=INDEX(Data!$R$3:$R$182,INT(MOD($A$2,180)/12)*12+O51)} -> 99 | Q51: 1 | R51: 0 | S51: 0 | X51: 45 | AJ51: 250 | AK51: 200 | AL51: 110 | AM51: 65
A52: 42 | H52: {=INDEX($I$19:$J$92,ROW(A34),$H$10)} -> 0 | I52: =($C$4=A14)*1*$K$3 -> 0 | J52: 0 | M52: February | N52: =1-(P52/100) -> 0.02 | O52: 2 | P52: {=INDEX(Data!$R$3:$R$182,INT(MOD($A$2,180)/12)*12+O52)} -> 98 | Q52: 2 | R52: 0 | S52: 0 | X52: 50 | AJ52: 250 | AK52: 200 | AL52: 110 | AM52: 70
A53: 43 | H53: {=INDEX($I$19:$J$92,ROW(A35),$H$10)} -> 0 | I53: =($C$4=A15)*1*$K$3 -> 0 | J53: 0 | M53: March | N53: =1-(P53/100) -> 0.03 | O53: 3 | P53: {=INDEX(Data!$R$3:$R$182,INT(MOD($A$2,180)/12)*12+O53)} -> 97 | Q53: 3 | R53: 0 | S53: 0 | X53: 55 | AJ53: 250 | AK53: 200 | AL53: 110 | AM53: 75
A54: 44 | H54: {=INDEX($I$19:$J$92,ROW(A36),$H$10)} -> 0 | I54: =($C$4=A16)*1*$K$3 -> 0 | J54: 0 | M54: April | N54: =1-(P54/100) -> 0.04 | O54: 4 | P54: {=INDEX(Data!$R$3:$R$182,INT(MOD($A$2,180)/12)*12+O54)} -> 96 | Q54: 4 | R54: =$P$51 -> 99 | S54: {=IF(INDEX($P$51:$P$62,IF(MOD($A$2,12)=0,12,MOD($A$2,12)))=R54,R54,NA())} -> #N/A | X54: 60 | AJ54: 250 | AK54: 200 | AL54: 110 | AM54: 80
C55: Burndown / Burnup Chart | H55: {=INDEX($I$19:$J$92,ROW(A37),$H$10)} -> 0 | I55: =($C$4=A17)*1*$K$3 -> 0 | J55: 0 | M55: May | N55: =1-(P55/100) -> 0.12 | O55: 5 | P55: {=INDEX(Data!$R$3:$R$182,INT(MOD($A$2,180)/12)*12+O55)} -> 88 | Q55: 5 | R55: =$P$51 -> 99 | S55: {=IF(INDEX($P$51:$P$62,IF(MOD($A$2,12)=0,12,MOD($A$2,12)))=R55,R55,NA())} -> #N/A | X55: 65 | AJ55: 250 | AK55: 200 | AL55: 110 | AM55: 85
A56: Plan | B56: Actual | C56: Plan | D56: Actual | H56: {=INDEX($I$19:$J$92,ROW(A38),$H$10)} -> 0 | I56: =($C$4=A48)*1*$K$3 -> 0 | J56: 0 | M56: June | N56: =1-(P56/100) -> 0.14 | O56: 6 | P56: {=INDEX(Data!$R$3:$R$182,INT(MOD($A$2,180)/12)*12+O56)} -> 86 | Q56: 6 | R56: =$P$51 -> 99 | S56: {=IF(INDEX($P$51:$P$62,IF(MOD($A$2,12)=0,12,MOD($A$2,12)))=R56,R56,NA())} -> #N/A | X56: 70 | AJ56: 250 | AK56: 200 | AL56: 110 | AM56: 90
A57: TRUE | B57: TRUE | C57: TRUE | D57: TRUE | H57: {=INDEX($I$19:$J$92,ROW(A39),$H$10)} -> 0 | I57: =($C$4=A49)*1*$K$3 -> 0 | J57: 0 | M57: July | N57: =1-(P57/100) -> 0.18 | O57: 7 | P57: {=INDEX(Data!$R$3:$R$182,INT(MOD($A$2,180)/12)*12+O57)} -> 82 | Q57: 7 | R57: =$P$51 -> 99 | S57: {=IF(INDEX($P$51:$P$62,IF(MOD($A$2,12)=0,12,MOD($A$2,12)))=R57,R57,NA())} -> #N/A | X57: 75 | AJ57: 250 | AK57: 200 | AL57: 110 | AM57: 95
A58: {=IF($A$57,INDEX(Data!$B$3:$B$182,$E$2+A11,1),NA())} -> 0.34 | B58: {=IF($B$57,INDEX(Data!$C$3:$C$182,$E$2+A11,1),NA())} -> 0.441 | C58: =IF($C$57,A58,NA()) -> 0.34 | D58: =IF($D$57,B58,NA()) -> 0.441 | H58: {=INDEX($I$19:$J$92,ROW(A40),$H$10)} -> 0 | I58: =($C$4=A50)*1*$K$3 -> 0 | J58: 0 | M58: August | N58: =1-(P58/100) -> 0.21 | O58: 8 | P58: {=INDEX(Data!$R$3:$R$182,INT(MOD($A$2,180)/12)*12+O58)} -> 79 | Q58: 8 | R58: =$P$51 -> 99 | S58: {=IF(INDEX($P$51:$P$62,IF(MOD($A$2,12)=0,12,MOD($A$2,12)))=R58,R58,NA())} -> #N/A | X58: 80 | AJ58: 250 | AK58: 200 | AL58: 110 | AM58: 95 | AN58: 40
A59: {=IF($A$57,INDEX(Data!$B$3:$B$182,$E$2+A12,1),NA())} -> 0.369 | B59: {=IF($B$57,INDEX(Data!$C$3:$C$182,$E$2+A12,1),NA())} -> 0.46 | C59: =IF($C$57,A59,NA()) -> 0.369 | D59: =IF($D$57,B59,NA()) -> 0.46 | H59: {=INDEX($I$19:$J$92,ROW(A41),$H$10)} -> 0 | I59: =($C$4=A51)*1*$K$3 -> 0 | J59: 0 | M59: September | N59: =1-(P59/100) -> 0.25 | O59: 9 | P59: {=INDEX(Data!$R$3:$R$182,INT(MOD($A$2,180)/12)*12+O59)} -> 75 | Q59: 9 | R59: =$P$51 -> 99 | S59: {=IF(INDEX($P$51:$P$62,IF(MOD($A$2,12)=0,12,MOD($A$2,12)))=R59,R59,NA())} -> #N/A | X59: 85 | AJ59: 250 | AK59: 200 | AL59: 110 | AM59: 95 | AN59: 45
A60: {=IF($A$57,INDEX(Data!$B$3:$B$182,$E$2+A13,1),NA())} -> 0.409 | B60: {=IF($B$57,INDEX(Data!$C$3:$C$182,$E$2+A13,1),NA())} -> 0.482 | C60: =IF($C$57,A60,NA()) -> 0.409 | D60: =IF($D$57,B60,NA()) -> 0.482 | H60: {=INDEX($I$19:$J$92,ROW(A42),$H$10)} -> 0 | I60: =($C$4=A52)*1*$K$3 -> 0 | J60: 0 | M60: October | N60: =1-(P60/100) -> 0.26 | O60: 10 | P60: {=INDEX(Data!$R$3:$R$182,INT(MOD($A$2,180)/12)*12+O60)} -> 74 | Q60: 10 | R60: =$P$51 -> 99 | S60: {=IF(INDEX($P$51:$P$62,IF(MOD($A$2,12)=0,12,MOD($A$2,12)))=R60,R60,NA())} -> #N/A | X60: 90 | AJ60: 250 | AK60: 200 | AL60: 110 | AM60: 95 | AN60: 50
A61: {=IF($A$57,INDEX(Data!$B$3:$B$182,$E$2+A14,1),NA())} -> 0.458 | B61: {=IF($B$57,INDEX(Data!$C$3:$C$182,$E$2+A14,1),NA())} -> 0.504 | C61: =IF($C$57,A61,NA()) -> 0.458 | D61: =IF($D$57,B61,NA()) -> 0.504 | H61: {=INDEX($I$19:$J$92,ROW(A43),$H$10)} -> 0 | I61: =($C$4=A53)*1*$K$3 -> 0 | J61: 0 | M61: November | N61: =1-(P61/100) -> 0.28 | O61: 11 | P61: {=INDEX(Data!$R$3:$R$182,INT(MOD($A$2,180)/12)*12+O61)} -> 72 | Q61: 11 | R61: =$P$51 -> 99 | S61: {=IF(INDEX($P$51:$P$62,IF(MOD($A$2,12)=0,12,MOD($A$2,12)))=R61,R61,NA())} -> #N/A | X61: 95 | AJ61: 250 | AK61: 200 | AL61: 110 | AM61: 95 | AN61: 55
A62: {=IF($A$57,INDEX(Data!$B$3:$B$182,$E$2+A15,1),NA())} -> 0.502 | B62: {=IF($B$57,INDEX(Data!$C$3:$C$182,$E$2+A15,1),NA())} -> 0.523 | C62: =IF($C$57,A62,NA()) -> 0.502 | D62: =IF($D$57,B62,NA()) -> 0.523 | H62: {=INDEX($I$19:$J$92,ROW(A44),$H$10)} -> 0 | I62: =($C$4=A54)*1*$K$3 -> 0 | J62: =($C$4=A54)*1+($C$4<44)*$K$3 -> 1 | M62: December | N62: =1-(P62/100) -> 0.3 | O62: 12 | P62: {=INDEX(Data!$R$3:$R$182,INT(MOD($A$2,180)/12)*12+O62)} -> 70 | Q62: 12 | R62: =$P$51 -> 99 | S62: {=IF(INDEX($P$51:$P$62,IF(MOD($A$2,12)=0,12,MOD($A$2,12)))=R62,R62,NA())} -> #N/A | W62: 110 | Y62: 300 | AJ62: 250 | AK62: 200 | AL62: 110 | AM62: 95 | AN62: 60
A63: {=IF($A$57,INDEX(Data!$B$3:$B$182,$E$2+A16,1),NA())} -> 0.54 | B63: {=IF($B$57,INDEX(Data!$C$3:$C$182,$E$2+A16,1),NA())} -> 0.54 | C63: =IF($C$57,A63,NA()) -> 0.54 | D63: =IF($D$57,B63,NA()) -> 0.54 | H63: {=INDEX($I$19:$J$92,ROW(A45),$H$10)} -> back | I63: back | J63: back | M63: Month | N63: Expenditure | Q63: 13 | R63: =$P$51 -> 99 | S63: {=IF(INDEX($P$51:$P$62,IF(MOD($A$2,12)=0,12,MOD($A$2,12)))=R63,R63,NA())} -> #N/A | Y63: 40 | AJ63: 250 | AK63: 200 | AL63: 110 | AM63: 95 | AN63: 65
A64: {=IF($A$57,INDEX(Data!$B$3:$B$182,$E$2+A17,1),NA())} -> 0.572 | B64: {=IF($B$57,INDEX(Data!$C$3:$C$182,$E$2+A17,1),NA())} -> 0.555 | C64: =IF($C$57,A64,NA()) -> 0.572 | D64: =IF($D$57,B64,NA()) -> 0.555 | H64: {=INDEX($I$19:$J$92,ROW(A46),$H$10)} -> 1 | I64: =IF($K$2=2,1,0) -> 1 | J64: =IF($K$2=2,1,0) -> 1 | Q64: 14 | R64: =$P$51 -> 99 | S64: {=IF(INDEX($P$51:$P$62,IF(MOD($A$2,12)=0,12,MOD($A$2,12)))=R64,R64,NA())} -> #N/A | U64: 250 | V64: 200 | Y64: 45 | AJ64: 250 | AK64: 200 | AL64: 110 | AM64: 95 | AN64: 70
A65: {=IF($A$57,INDEX(Data!$B$3:$B$182,$E$2+A18,1),NA())} -> 0.597 | B65: {=IF($B$57,INDEX(Data!$C$3:$C$182,$E$2+A18,1),NA())} -> 0.568 | C65: =IF($C$57,A65,NA()) -> 0.597 | D65: =IF($D$57,B65,NA()) -> 0.568 | H65: {=INDEX($I$19:$J$92,ROW(A47),$H$10)} -> 1 | I65: =IF($K$2=2,1,0) -> 1 | J65: =IF($K$2=2,1,0) -> 1 | Q65: 15 | R65: =$P$51 -> 99 | S65: {=IF(INDEX($P$51:$P$62,IF(MOD($A$2,12)=0,12,MOD($A$2,12)))=R65,R65,NA())} -> #N/A | Y65: 50 | AJ65: 250 | AK65: 200 | AL65: 110 | AM65: 95 | AN65: 75
A66: {=IF($A$57,INDEX(Data!$B$3:$B$182,$E$2+A19,1),NA())} -> 0.617 | B66: {=IF($B$57,INDEX(Data!$C$3:$C$182,$E$2+A19,1),NA())} -> 0.58 | C66: =IF($C$57,A66,NA()) -> 0.617 | D66: =IF($D$57,B66,NA()) -> 0.58 | H66: {=INDEX($I$19:$J$92,ROW(A48),$H$10)} -> 1 | I66: =IF($K$2=2,1,0) -> 1 | J66: =IF($K$2=2,1,0) -> 1 | M66: Manufacturing Chain | Q66: 16 | R66: =$P$51 -> 99 | S66: {=IF(INDEX($P$51:$P$62,IF(MOD($A$2,12)=0,12,MOD($A$2,12)))=R66,R66,NA())} -> #N/A | Y66: 55 | AJ66: 250 | AK66: 200 | AL66: 110 | AM66: 95 | AN66: 80
A67: {=IF($A$57,INDEX(Data!$B$3:$B$182,$E$2+A20,1),NA())} -> 0.632 | B67: {=IF($B$57,INDEX(Data!$C$3:$C$182,$E$2+A20,1),NA())} -> 0.59 | C67: =IF($C$57,A67,NA()) -> 0.632 | D67: =IF($D$57,B67,NA()) -> 0.59 | H67: {=INDEX($I$19:$J$92,ROW(A49),$H$10)} -> 1 | I67: =IF($K$2=2,1,0) -> 1 | J67: =IF($K$2=2,1,0) -> 1 | L67: =M67/$N$72 -> 0.863103 | M67: {=INDEX(Data!$M$3:$M$182,$G$3)} -> 662 | N67: =$N$72-M67 -> 105 | O67: Initiation | Q67: 17 | R67: =$P$51 -> 99 | S67: {=IF(INDEX($P$51:$P$62,IF(MOD($A$2,12)=0,12,MOD($A$2,12)))=R67,R67,NA())} -> #N/A | Y67: 60 | AJ67: 250 | AK67: 200 | AL67: 110 | AM67: 95 | AN67: 85
A68: {=IF($A$57,INDEX(Data!$B$3:$B$182,$E$2+A21,1),NA())} -> 0.643 | B68: {=IF($B$57,INDEX(Data!$C$3:$C$182,$E$2+A21,1),NA())} -> 0.598 | C68: =IF($C$57,A68,NA()) -> 0.643 | D68: =IF($D$57,B68,NA()) -> 0.598 | H68: {=INDEX($I$19:$J$92,ROW(A50),$H$10)} -> 1 | I68: =IF($K$2=2,1,0) -> 1 | J68: =IF($K$2=2,1,0) -> 1 | L68: =M68/$N$72 -> 0.8357236 | M68: {=INDEX(Data!$N$3:$N$182,$G$3)} -> 641 | N68: =$N$72-M68 -> 126 | O68: Design | Q68: 18 | R68: =$P$51 -> 99 | S68: {=IF(INDEX($P$51:$P$62,IF(MOD($A$2,12)=0,12,MOD($A$2,12)))=R68,R68,NA())} -> #N/A | Y68: 65 | AJ68: 250 | AK68: 200 | AL68: 110 | AM68: 95 | AN68: 90
A69: {=IF($A$57,INDEX(Data!$B$3:$B$182,$E$2+A22,1),NA())} -> 0.65 | B69: {=IF($B$57,INDEX(Data!$C$3:$C$182,$E$2+A22,1),NA())} -> 0.605 | C69: =IF($C$57,A69,NA()) -> 0.65 | D69: =IF($D$57,B69,NA()) -> 0.605 | H69: {=INDEX($I$19:$J$92,ROW(A51),$H$10)} -> 1 | I69: =IF($K$2=2,1,0) -> 1 | J69: =IF($K$2=2,1,0) -> 1 | L69: =M69/$N$72 -> 0.84876141 | M69: {=INDEX(Data!$O$3:$O$182,$G$3)} -> 651 | N69: =$N$72-M69 -> 116 | O69: Prototyping | Q69: 19 | R69: =$P$51 -> 99 | S69: {=IF(INDEX($P$51:$P$62,IF(MOD($A$2,12)=0,12,MOD($A$2,12)))=R69,R69,NA())} -> #N/A | Y69: 70 | AJ69: 250 | AK69: 200 | AL69: 110 | AM69: 95 | AN69: 90 | AO69: 40
A70: {=IF($A$57,INDEX(Data!$B$3:$B$182,$E$2+A23,1),NA())} -> 0.653 | B70: {=IF($B$57,INDEX(Data!$C$3:$C$182,$E$2+A23,1),NA())} -> 0.609 | C70: =IF($C$57,A70,NA()) -> 0.653 | D70: =IF($D$57,B70,NA()) -> 0.609 | H70: {=INDEX($I$19:$J$92,ROW(A52),$H$10)} -> 1 | I70: =IF($K$2=2,1,0) -> 1 | J70: =IF($K$2=2,1,0) -> 1 | L70: =M70/$N$72 -> 0.8696219 | M70: {=INDEX(Data!$P$3:$P$182,$G$3)} -> 667 | N70: =$N$72-M70 -> 100 | O70: Engineering | Q70: 20 | R70: =$P$51 -> 99 | S70: {=IF(INDEX($P$51:$P$62,IF(MOD($A$2,12)=0,12,MOD($A$2,12)))=R70,R70,NA())} -> #N/A | Y70: 75 | AJ70: 250 | AK70: 200 | AL70: 110 | AM70: 95 | AN70: 90 | AO70: 45
A71: {=IF($A$57,INDEX(Data!$B$3:$B$182,$E$2+A24,1),NA())} -> 0.653 | B71: {=IF($B$57,INDEX(Data!$C$3:$C$182,$E$2+A24,1),NA())} -> 0.61 | C71: =IF($C$57,A71,NA()) -> 0.653 | D71: =IF($D$57,B71,NA()) -> 0.61 | H71: {=INDEX($I$19:$J$92,ROW(A53),$H$10)} -> 1 | I71: =IF($K$2=2,1,0) -> 1 | J71: =IF($K$2=2,1,0) -> 1 | L71: =M71/$N$72 -> 0.4315515 | M71: {=INDEX(Data!$Q$3:$Q$182,$G$3)} -> 331 | N71: =$N$72-M71 -> 436 | O71: Testing | Q71: 21 | R71: =$P$51 -> 99 | S71: {=IF(INDEX($P$51:$P$62,IF(MOD($A$2,12)=0,12,MOD($A$2,12)))=R71,R71,NA())} -> #N/A | Y71: 80 | AJ71: 250 | AK71: 200 | AL71: 110 | AM71: 95 | AN71: 90 | AO71: 50
A72: {=IF($A$57,INDEX(Data!$B$3:$B$182,$E$2+A25,1),NA())} -> 0.649 | B72: {=IF($B$57,INDEX(Data!$C$3:$C$182,$E$2+A25,1),NA())} -> 0.608 | C72: =IF($C$57,A72,NA()) -> 0.649 | D72: =IF($D$57,B72,NA()) -> 0.608 | H72: {=INDEX($I$19:$J$92,ROW(A54),$H$10)} -> 1 | I72: =IF($K$2=2,1,0) -> 1 | J72: =IF($K$2=2,1,0) -> 1 | N72: =MAX(Data!M3:Q182) -> 767 | O72: Max | Q72: 22 | R72: =$P$51 -> 99 | S72: {=IF(INDEX($P$51:$P$62,IF(MOD($A$2,12)=0,12,MOD($A$2,12)))=R72,R72,NA())} -> #N/A | Y72: 85 | AJ72: 250 | AK72: 200 | AL72: 110 | AM72: 95 | AN72: 90 | AO72: 55
A73: {=IF($A$57,INDEX(Data!$B$3:$B$182,$E$2+A26,1),NA())} -> 0.64 | B73: {=IF($B$57,INDEX(Data!$C$3:$C$182,$E$2+A26,1),NA())} -> 0.603 | C73: =IF($C$57,A73,NA()) -> 0.64 | D73: =IF($D$57,B73,NA()) -> 0.603 | H73: {=INDEX($I$19:$J$92,ROW(A55),$H$10)} -> 1 | I73: =IF($K$2=2,1,0) -> 1 | J73: =IF($K$2=2,1,0) -> 1 | Q73: 23 | R73: =$P$51 -> 99 | S73: {=IF(INDEX($P$51:$P$62,IF(MOD($A$2,12)=0,12,MOD($A$2,12)))=R73,R73,NA())} -> #N/A | Y73: 90 | AJ73: 250 | AK73: 200 | AL73: 110 | AM73: 95 | AN73: 90 | AO73: 60
A74: {=IF($A$57,INDEX(Data!$B$3:$B$182,$E$2+A27,1),NA())} -> 0.628 | B74: {=IF($B$57,INDEX(Data!$C$3:$C$182,$E$2+A27,1),NA())} -> 0.594 | C74: =IF($C$57,A74,NA()) -> 0.628 | D74: =IF($D$57,B74,NA()) -> 0.594 | H74: {=INDEX($I$19:$J$92,ROW(A56),$H$10)} -> 1 | I74: =IF($K$2=2,1,0) -> 1 | J74: =IF($K$2=2,1,0) -> 1 | Q74: 24 | R74: =$P$51 -> 99 | S74: {=IF(INDEX($P$51:$P$62,IF(MOD($A$2,12)=0,12,MOD($A$2,12)))=R74,R74,NA())} -> #N/A | X74: 95 | Z74: 300 | AJ74: 250 | AK74: 200 | AL74: 110 | AM74: 95 | AN74: 90 | AO74: 65
A75: {=IF($A$57,INDEX(Data!$B$3:$B$182,$E$2+A28,1),NA())} -> 0.611 | B75: {=IF($B$57,INDEX(Data!$C$3:$C$182,$E$2+A28,1),NA())} -> 0.581 | C75: =IF($C$57,A75,NA()) -> 0.611 | D75: =IF($D$57,B75,NA()) -> 0.581 | H75: {=INDEX($I$19:$J$92,ROW(A57),$H$10)} -> 1 | I75: =IF($K$2=2,1,0) -> 1 | J75: =IF($K$2=2,1,0) -> 1 | Q75: 25 | R75: =$P$51 -> 99 | S75: {=IF(INDEX($P$51:$P$62,IF(MOD($A$2,12)=0,12,MOD($A$2,12)))=R75,R75,NA())} -> #N/A | Z75: 40 | AJ75: 250 | AK75: 200 | AL75: 110 | AM75: 95 | AN75: 90 | AO75: 70
A76: {=IF($A$57,INDEX(Data!$B$3:$B$182,$E$2+A29,1),NA())} -> 0.589 | B76: {=IF($B$57,INDEX(Data!$C$3:$C$182,$E$2+A29,1),NA())} -> 0.565 | C76: =IF($C$57,A76,NA()) -> 0.589 | D76: =IF($D$57,B76,NA()) -> 0.565 | H76: {=INDEX($I$19:$J$92,ROW(A58),$H$10)} -> 1 | I76: =IF($K$2=2,1,0) -> 1 | J76: =IF($K$2=2,1,0) -> 1 | Q76: 26 | R76: =$P$51 -> 99 | S76: {=IF(INDEX($P$51:$P$62,IF(MOD($A$2,12)=0,12,MOD($A$2,12)))=R76,R76,NA())} -> #N/A | W76: 110 | Z76: 45 | AJ76: 250 | AK76: 200 | AL76: 110 | AM76: 95 | AN76: 90 | AO76: 75
A77: {=IF($A$57,INDEX(Data!$B$3:$B$182,$E$2+A30,1),NA())} -> 0.564 | B77: {=IF($B$57,INDEX(Data!$C$3:$C$182,$E$2+A30,1),NA())} -> 0.544 | C77: =IF($C$57,A77,NA()) -> 0.564 | D77: =IF($D$57,B77,NA()) -> 0.544 | H77: {=INDEX($I$19:$J$92,ROW(A59),$H$10)} -> 1 | I77: =IF($K$2=2,1,0) -> 1 | J77: =IF($K$2=2,1,0) -> 1 | Q77: 27 | R77: =$P$51 -> 99 | S77: {=IF(INDEX($P$51:$P$62,IF(MOD($A$2,12)=0,12,MOD($A$2,12)))=R77,R77,NA())} -> #N/A | Z77: 50 | AJ77: 250 | AK77: 200 | AL77: 110 | AM77: 95 | AN77: 90 | AO77: 80
A78: {=IF($A$57,INDEX(Data!$B$3:$B$182,$E$2+A31,1),NA())} -> 0.536 | B78: {=IF($B$57,INDEX(Data!$C$3:$C$182,$E$2+A31,1),NA())} -> 0.519 | C78: =IF($C$57,A78,NA()) -> 0.536 | D78: =IF($D$57,B78,NA()) -> 0.519 | H78: {=INDEX($I$19:$J$92,ROW(A60),$H$10)} -> back follow | I78: back follow | J78: back follow | Q78: 28 | R78: =$P$51 -> 99 | S78: {=IF(INDEX($P$51:$P$62,IF(MOD($A$2,12)=0,12,MOD($A$2,12)))=R78,R78,NA())} -> #N/A | Z78: 55 | AJ78: 250 | AK78: 200 | AL78: 110 | AM78: 95 | AN78: 90 | AO78: 85
A79: {=IF($A$57,INDEX(Data!$B$3:$B$182,$E$2+A32,1),NA())} -> 0.504 | B79: {=IF($B$57,INDEX(Data!$C$3:$C$182,$E$2+A32,1),NA())} -> 0.49 | C79: =IF($C$57,A79,NA()) -> 0.504 | D79: =IF($D$57,B79,NA()) -> 0.49 | H79: {=INDEX($I$19:$J$92,ROW(A61),$H$10)} -> 1 | I79: =($C$4>A11)*1*$K$3 -> 1 | J79: =NOT($C$4>=A11)*1*$K$3 -> 0 | Q79: 29 | R79: =$P$51 -> 99 | S79: {=IF(INDEX($P$51:$P$62,IF(MOD($A$2,12)=0,12,MOD($A$2,12)))=R79,R79,NA())} -> #N/A | U79: 250 | V79: 200 | Z79: 60 | AJ79: 250 | AK79: 200 | AL79: 110 | AM79: 95 | AN79: 90 | AO79: 85 | AP79: 40
A80: {=IF($A$57,INDEX(Data!$B$3:$B$182,$E$2+A33,1),NA())} -> 0.468 | B80: {=IF($B$57,INDEX(Data!$C$3:$C$182,$E$2+A33,1),NA())} -> 0.457 | C80: =IF($C$57,A80,NA()) -> 0.468 | D80: =IF($D$57,B80,NA()) -> 0.457 | H80: {=INDEX($I$19:$J$92,ROW(A62),$H$10)} -> 1 | I80: =($C$4>A12)*1*$K$3 -> 1 | J80: =NOT($C$4>=A12)*1*$K$3 -> 0 | Q80: 30 | R80: =$P$51 -> 99 | S80: {=IF(INDEX($P$51:$P$62,IF(MOD($A$2,12)=0,12,MOD($A$2,12)))=R80,R80,NA())} -> #N/A | Z80: 65 | AJ80: 250 | AK80: 200 | AL80: 110 | AM80: 95 | AN80: 90 | AO80: 85 | AP80: 45
A81: {=IF($A$57,INDEX(Data!$B$3:$B$182,$E$2+A34,1),NA())} -> 0.432 | B81: {=IF($B$57,INDEX(Data!$C$3:$C$182,$E$2+A34,1),NA())} -> 0.421 | C81: =IF($C$57,A81,NA()) -> 0.432 | D81: =IF($D$57,B81,NA()) -> 0.421 | H81: {=INDEX($I$19:$J$92,ROW(A63),$H$10)} -> 1 | I81: =($C$4>A13)*1*$K$3 -> 1 | J81: =NOT($C$4>=A13)*1*$K$3 -> 0 | Q81: 31 | R81: 0 | S81: {=IF(INDEX($P$51:$P$62,IF(MOD($A$2,12)=0,12,MOD($A$2,12)))=R81,R81,NA())} -> #N/A | Z81: 70 | AJ81: 250 | AK81: 200 | AL81: 110 | AM81: 95 | AN81: 90 | AO81: 85 | AP81: 50
A82: {=IF($A$57,INDEX(Data!$B$3:$B$182,$E$2+A35,1),NA())} -> 0.392 | B82: {=IF($B$57,INDEX(Data!$C$3:$C$182,$E$2+A35,1),NA())} -> 0.384 | C82: =IF($C$57,A82,NA()) -> 0.392 | D82: =IF($D$57,B82,NA()) -> 0.384 | H82: {=INDEX($I$19:$J$92,ROW(A64),$H$10)} -> 1 | I82: =($C$4>A14)*1*$K$3 -> 1 | J82: =NOT($C$4>=A14)*1*$K$3 -> 0 | Q82: 32 | R82: 0 | S82: {=IF(INDEX($P$51:$P$62,IF(MOD($A$2,12)=0,12,MOD($A$2,12)))=R82,R82,NA())} -> #N/A | Z82: 75 | AJ82: 250 | AK82: 200 | AL82: 110 | AM82: 95 | AN82: 90 | AO82: 85 | AP82: 55
A83: {=IF($A$57,INDEX(Data!$B$3:$B$182,$E$2+A36,1),NA())} -> 0.35 | B83: {=IF($B$57,INDEX(Data!$C$3:$C$182,$E$2+A36,1),NA())} -> 0.349 | C83: =IF($C$57,A83,NA()) -> 0.35 | D83: =IF($D$57,B83,NA()) -> 0.349 | H83: {=INDEX($I$19:$J$92,ROW(A65),$H$10)} -> 1 | I83: =($C$4>A15)*1*$K$3 -> 1 | J83: =NOT($C$4>=A15)*1*$K$3 -> 0 | Q83: 33 | R83: 0 | S83: {=IF(INDEX($P$51:$P$62,IF(MOD($A$2,12)=0,12,MOD($A$2,12)))=R83,R83,NA())} -> #N/A | Z83: 80 | AJ83: 250 | AK83: 200 | AL83: 110 | AM83: 95 | AN83: 90 | AO83: 85 | AP83: 60
A84: {=IF($A$57,INDEX(Data!$B$3:$B$182,$E$2+A37,1),NA())} -> 0.312 | B84: {=IF($B$57,INDEX(Data!$C$3:$C$182,$E$2+A37,1),NA())} -> 0.318 | C84: =IF($C$57,A84,NA()) -> 0.312 | D84: =IF($D$57,B84,NA()) -> 0.318 | H84: {=INDEX($I$19:$J$92,ROW(A66),$H$10)} -> 1 | I84: =($C$4>A16)*1*$K$3 -> 1 | J84: =NOT($C$4>=A16)*1*$K$3 -> 0 | Q84: 34 | R84: =$P$52 -> 98 | S84: {=IF(INDEX($P$51:$P$62,IF(MOD($A$2,12)=0,12,MOD($A$2,12)))=R84,R84,NA())} -> #N/A | Z84: 85 | AJ84: 250 | AK84: 200 | AL84: 110 | AM84: 95 | AN84: 90 | AO84: 85 | AP84: 65
A85: {=IF($A$57,INDEX(Data!$B$3:$B$182,$E$2+A38,1),NA())} -> 0.281 | B85: {=IF($B$57,INDEX(Data!$C$3:$C$182,$E$2+A38,1),NA())} -> 0.292 | C85: =IF($C$57,A85,NA()) -> 0.281 | D85: =IF($D$57,B85,NA()) -> 0.292 | H85: {=INDEX($I$19:$J$92,ROW(A67),$H$10)} -> 1 | I85: =($C$4>A17)*1*$K$3 -> 1 | J85: =NOT($C$4>=A17)*1*$K$3 -> 0 | Q85: 35 | R85: =$P$52 -> 98 | S85: {=IF(INDEX($P$51:$P$62,IF(MOD($A$2,12)=0,12,MOD($A$2,12)))=R85,R85,NA())} -> #N/A | Y85: 90 | AA85: 300 | AJ85: 250 | AK85: 200 | AL85: 110 | AM85: 95 | AN85: 90 | AO85: 85 | AP85: 70
A86: {=IF($A$57,INDEX(Data!$B$3:$B$182,$E$2+A39,1),NA())} -> 0.254 | B86: {=IF($B$57,INDEX(Data!$C$3:$C$182,$E$2+A39,1),NA())} -> 0.271 | C86: =IF($C$57,A86,NA()) -> 0.254 | D86: =IF($D$57,B86,NA()) -> 0.271 | H86: {=INDEX($I$19:$J$92,ROW(A68),$H$10)} -> 0 | I86: 0 | J86: =($C$4<37)*1*$K$3 -> 1 | Q86: 36 | R86: =$P$52 -> 98 | S86: {=IF(INDEX($P$51:$P$62,IF(MOD($A$2,12)=0,12,MOD($A$2,12)))=R86,R86,NA())} -> #N/A | AA86: 40 | AJ86: 250 | AK86: 200 | AL86: 110 | AM86: 95 | AN86: 90 | AO86: 85 | AP86: 75
A87: {=IF($A$57,INDEX(Data!$B$3:$B$182,$E$2+A40,1),NA())} -> 0.232 | B87: {=IF($B$57,INDEX(Data!$C$3:$C$182,$E$2+A40,1),NA())} -> 0.255 | C87: =IF($C$57,A87,NA()) -> 0.232 | D87: =IF($D$57,B87,NA()) -> 0.255 | H87: {=INDEX($I$19:$J$92,ROW(A69),$H$10)} -> 0 | I87: 0 | J87: =($C$4<37)*1*$K$3 -> 1 | Q87: 37 | R87: =$P$52 -> 98 | S87: {=IF(INDEX($P$51:$P$62,IF(MOD($A$2,12)=0,12,MOD($A$2,12)))=R87,R87,NA())} -> #N/A | X87: 95 | AA87: 45 | AJ87: 250 | AK87: 200 | AL87: 110 | AM87: 95 | AN87: 90 | AO87: 85 | AP87: 80
A88: =IF(A57,A56,"") -> Plan | B88: =IF(B57,B56,"") -> Actual | H88: {=INDEX($I$19:$J$92,ROW(A70),$H$10)} -> 0 | I88: 0 | J88: =($C$4<37)*1*$K$3 -> 1 | Q88: 38 | R88: =$P$52 -> 98 | S88: {=IF(INDEX($P$51:$P$62,IF(MOD($A$2,12)=0,12,MOD($A$2,12)))=R88,R88,NA())} -> #N/A | AA88: 50 | AJ88: 250 | AK88: 200 | AL88: 110 | AM88: 95 | AN88: 90 | AO88: 85 | AP88: 80 | AQ88: 40
H89: {=INDEX($I$19:$J$92,ROW(A71),$H$10)} -> 0 | I89: 0 | J89: =($C$4<37)*1*$K$3 -> 1 | Q89: 39 | R89: =$P$52 -> 98 | S89: {=IF(INDEX($P$51:$P$62,IF(MOD($A$2,12)=0,12,MOD($A$2,12)))=R89,R89,NA())} -> #N/A | AA89: 55 | AJ89: 250 | AK89: 200 | AL89: 110 | AM89: 95 | AN89: 90 | AO89: 85 | AP89: 80 | AQ89: 45
H90: {=INDEX($I$19:$J$92,ROW(A72),$H$10)} -> 0 | I90: 0 | J90: =($C$4<37)*1*$K$3 -> 1 | Q90: 40 | R90: =$P$52 -> 98 | S90: {=IF(INDEX($P$51:$P$62,IF(MOD($A$2,12)=0,12,MOD($A$2,12)))=R90,R90,NA())} -> #N/A | W90: 110 | AA90: 60 | AJ90: 250 | AK90: 200 | AL90: 110 | AM90: 95 | AN90: 90 | AO90: 85 | AP90: 80 | AQ90: 50
H91: {=INDEX($I$19:$J$92,ROW(A73),$H$10)} -> 0 | I91: 0 | J91: =($C$4<37)*1*$K$3 -> 1 | Q91: 41 | R91: =$P$52 -> 98 | S91: {=IF(INDEX($P$51:$P$62,IF(MOD($A$2,12)=0,12,MOD($A$2,12)))=R91,R91,NA())} -> #N/A | AA91: 65 | AJ91: 250 | AK91: 200 | AL91: 110 | AM91: 95 | AN91: 90 | AO91: 85 | AP91: 80 | AQ91: 55
H92: {=INDEX($I$19:$J$92,ROW(A74),$H$10)} -> 0 | I92: 0 | J92: =($C$4<37)*1*$K$3 -> 1 | Q92: 42 | R92: =$P$52 -> 98 | S92: {=IF(INDEX($P$51:$P$62,IF(MOD($A$2,12)=0,12,MOD($A$2,12)))=R92,R92,NA())} -> #N/A | AA92: 70 | AJ92: 250 | AK92: 200 | AL92: 110 | AM92: 95 | AN92: 90 | AO92: 85 | AP92: 80 | AQ92: 60
Q93: 43 | R93: =$P$52 -> 98 | S93: {=IF(INDEX($P$51:$P$62,IF(MOD($A$2,12)=0,12,MOD($A$2,12)))=R93,R93,NA())} -> #N/A | AA93: 75 | AJ93: 250 | AK93: 200 | AL93: 110 | AM93: 95 | AN93: 90 | AO93: 85 | AP93: 80 | AQ93: 65
Q94: 44 | R94: =$P$52 -> 98 | S94: {=IF(INDEX($P$51:$P$62,IF(MOD($A$2,12)=0,12,MOD($A$2,12)))=R94,R94,NA())} -> #N/A | U94: 250 | V94: 200 | AA94: 80 | AJ94: 250 | AK94: 200 | AL94: 110 | AM94: 95 | AN94: 90 | AO94: 85 | AP94: 80 | AQ94: 70
Q95: 45 | R95: =$P$52 -> 98 | S95: {=IF(INDEX($P$51:$P$62,IF(MOD($A$2,12)=0,12,MOD($A$2,12)))=R95,R95,NA())} -> #N/A | Z95: 85 | AB95: 300 | AJ95: 250 | AK95: 200 | AL95: 110 | AM95: 95 | AN95: 90 | AO95: 85 | AP95: 80 | AQ95: 75
Q96: 46 | R96: =$P$52 -> 98 | S96: {=IF(INDEX($P$51:$P$62,IF(MOD($A$2,12)=0,12,MOD($A$2,12)))=R96,R96,NA())} -> #N/A | AB96: 40 | AJ96: 250 | AK96: 200 | AL96: 110 | AM96: 95 | AN96: 90 | AO96: 85 | AP96: 80 | AQ96: 75 | AR96: 40
Q97: 47 | R97: =$P$52 -> 98 | S97: {=IF(INDEX($P$51:$P$62,IF(MOD($A$2,12)=0,12,MOD($A$2,12)))=R97,R97,NA())} -> #N/A | Y97: 90 | AB97: 45 | AJ97: 250 | AK97: 200 | AL97: 110 | AM97: 95 | AN97: 90 | AO97: 85 | AP97: 80 | AQ97: 75 | AR97: 45
Q98: 48 | R98: =$P$52 -> 98 | S98: {=IF(INDEX($P$51:$P$62,IF(MOD($A$2,12)=0,12,MOD($A$2,12)))=R98,R98,NA())} -> #N/A | AB98: 50 | AJ98: 250 | AK98: 200 | AL98: 110 | AM98: 95 | AN98: 90 | AO98: 85 | AP98: 80 | AQ98: 75 | AR98: 50
Q99: 49 | R99: =$P$52 -> 98 | S99: {=IF(INDEX($P$51:$P$62,IF(MOD($A$2,12)=0,12,MOD($A$2,12)))=R99,R99,NA())} -> #N/A | AB99: 55 | AJ99: 250 | AK99: 200 | AL99: 110 | AM99: 95 | AN99: 90 | AO99: 85 | AP99: 80 | AQ99: 75 | AR99: 55
Q100: 50 | R100: =$P$52 -> 98 | S100: {=IF(INDEX($P$51:$P$62,IF(MOD($A$2,12)=0,12,MOD($A$2,12)))=R100,R100,NA())} -> #N/A | X100: 95 | AB100: 60 | AJ100: 250 | AK100: 200 | AL100: 110 | AM100: 95 | AN100: 90 | AO100: 85 | AP100: 80 | AQ100: 75 | AR100: 60
...

Sheet Control
A1: Density | B1: Mode
A2: Capacity 1 | B2: 1
A3: Capacity 2 | B3: 2
A4: Capacity 3 | B4: 3
A5: Capacity 4 | B5: 4
A10: Row Labels | B10: Max of Mode
A11: Capacity 4 | B11: 4
A12: Grand Total | B12: 4

Sheet Data
A1: Global Сycle | B1: Energy Power | E1: Warehouse Storage | I1: Sprint Load Dynamics | J1: Mine Source | M1: Manufacturing Chain | R1: Costs Level
B2: Plan | C2: Actual | D2: previous | E2: Task Balance | F2: Risk of Overload | G2: Workload | H2: Engagement | J2: Features | K2: Bugs | L2: Availability | M2: Initiation | N2: Design | O2: Prototyping | P2: Engineering | Q2: Testing
A3: 1 | B3: 0.317 | C3: 0.412 | D3: 0.218 | E3: 0.89 | F3: 0.25 | G3: 0.218 | H3: 0.17 | I3: 0.2 | J3: 0.84 | K3: 0.16 | L3: 0 | M3: 662 | N3: 599 | O3: 521 | P3: 408 | Q3: 379 | R3: 98
A4: 2 | B4: 0.322 | C4: 0.425 | D4: 0.237 | E4: 0.87 | F4: 0.28 | G4: 0.237 | H4: 0.23 | I4: 0.219 | J4: 0.78 | K4: 0.22 | L4: 0 | M4: 170 | N4: 218 | O4: 237 | P4: 230 | Q4: 85 | R4: 95
A5: 3 | B5: 0.34 | C5: 0.441 | D5: 0.268 | E5: 0.86 | F5: 0.3 | G5: 0.268 | H5: 0.3 | I5: 0.249 | J5: 0.71 | K5: 0.29 | L5: 0 | M5: 230 | N5: 237 | O5: 268 | P5: 300 | Q5: 115 | R5: 90
A6: 4 | B6: 0.369 | C6: 0.46 | D6: 0.303 | E6: 0.83 | F6: 0.38 | G6: 0.303 | H6: 0.368 | I6: 0.294 | J6: 0.642 | K6: 0.358 | L6: 0 | M6: 300 | N6: 268 | O6: 303 | P6: 368 | Q6: 150 | R6: 85
A7: 5 | B7: 0.409 | C7: 0.482 | D7: 0.349 | E7: 0.83 | F7: 0.43 | G7: 0.349 | H7: 0.436 | I7: 0.35 | J7: 0.574 | K7: 0.426 | L7: 0 | M7: 368 | N7: 303 | O7: 349 | P7: 436 | Q7: 184 | R7: 80
A8: 6 | B8: 0.458 | C8: 0.504 | D8: 0.4 | E8: 0.83 | F8: 0.43 | G8: 0.4 | H8: 0.488 | I8: 0.412 | J8: 0.522 | K8: 0.478 | L8: 0 | M8: 436 | N8: 349 | O8: 400 | P8: 488 | Q8: 218 | R8: 75
A9: 7 | B9: 0.502 | C9: 0.523 | D9: 0.449 | E9: 0.82 | F9: 0.44 | G9: 0.449 | H9: 0.531 | I9: 0.48 | J9: 0.479 | K9: 0.521 | L9: 0 | M9: 488 | N9: 400 | O9: 449 | P9: 531 | Q9: 244 | R9: 70
A10: 8 | B10: 0.54 | C10: 0.54 | D10: 0.488 | E10: 0.82 | F10: 0.45 | G10: 0.488 | H10: 0.564 | I10: 0.547 | J10: 0.446 | K10: 0.554 | L10: 4 | M10: 531 | N10: 449 | O10: 488 | P10: 564 | Q10: 266 | R10: 65
A11: 9 | B11: 0.572 | C11: 0.555 | D11: 0.521 | E11: 0.8 | F11: 0.46 | G11: 0.521 | H11: 0.591 | I11: 0.598 | J11: 0.419 | K11: 0.581 | L11: 4 | M11: 564 | N11: 488 | O11: 521 | P11: 591 | Q11: 282 | R11: 60
A12: 10 | B12: 0.597 | C12: 0.568 | D12: 0.552 | E12: 0.79 | F12: 0.49 | G12: 0.552 | H12: 0.612 | I12: 0.633 | J12: 0.398 | K12: 0.602 | L12: 10 | M12: 591 | N12: 521 | O12: 552 | P12: 612 | Q12: 296 | R12: 55
A13: 11 | B13: 0.617 | C13: 0.58 | D13: 0.578 | E13: 0.79 | F13: 0.5 | G13: 0.578 | H13: 0.63 | I13: 0.645 | J13: 0.38 | K13: 0.62 | L13: 10 | M13: 612 | N13: 552 | O13: 578 | P13: 630 | Q13: 306 | R13: 50
A14: 12 | B14: 0.632 | C14: 0.59 | D14: 0.603 | E14: 0.76 | F14: 0.51 | G14: 0.603 | H14: 0.644 | I14: 0.654 | J14: 0.366 | K14: 0.634 | L14: 18 | M14: 630 | N14: 578 | O14: 603 | P14: 644 | Q14: 315 | R14: 45
... A182: 180 | B182: 0.231 | C182: 0.607 | D182: 0.17 | E182: 0.25 | F182: 0.89 | G182: 0.17 | H182: 0.218 | I182: 0.2 | J182: 0.792 | K182: 0.208 | L182: 0 | M182: 237 | N182: 230 | O182: 170 | P182: 218 | Q182: 119 | R182: 55

Sheet Resources
B1: Colors | C1: Position | D1: Angle | E1: Transparency | G1: Shadow | O1: $#,##0;-$#,##0;0 | R1: [>=1000]0,"k";[<=-1000]-0,"k";0
